template,case,query_pair,target_value,choice_correct,full_vocab_correct,target_probability,conditional_target_probability,answer_mass,top_token_id,top_token,p_20,p_21,p_22,p_23,p_24,p_25,p_26,p_27,p_28,p_29,p_30,p_31,p_32,p_33,p_34,p_35
table,0,1,31,1,1,0.09788673371076584,0.21295660734176636,0.45965576171875,3261, 31,0.009496374055743217,0.024813925847411156,0.026512814685702324,0.07434795051813126,0.026396961882710457,0.012818608433008194,0.01579267904162407,0.026876144111156464,0.014688086695969105,0.020486576482653618,0.02856065332889557,0.09788673371076584,0.0252208448946476,0.030302155762910843,0.01851796731352806,0.006937314290553331
table,1,0,25,1,1,0.25704288482666016,0.5599134564399719,0.45907607674598694,1679, 25,0.017675507813692093,0.010891391895711422,0.011810055002570152,0.015487941913306713,0.020144063979387283,0.25704288482666016,0.022683164104819298,0.018345298245549202,0.011473100632429123,0.005763845983892679,0.022395307198166847,0.007047748658806086,0.005128661636263132,0.01647701859474182,0.004484096076339483,0.012226011604070663
table,2,1,32,0,0,0.06516903638839722,0.12278272211551666,0.5307671427726746,1987, 24,0.011748971417546272,0.019673123955726624,0.02262790873646736,0.03801044076681137,0.20324045419692993,0.02357332594692707,0.014353248290717602,0.014562048017978668,0.023746252059936523,0.007061706390231848,0.01693756878376007,0.01933637447655201,0.06516903638839722,0.020570747554302216,0.023518893867731094,0.0066370489075779915
table,3,1,28,1,1,0.07271537184715271,0.17856387794017792,0.40722328424453735,2579, 28,0.01234304066747427,0.017552101984620094,0.023702874779701233,0.025836827233433723,0.040112536400556564,0.024068795144557953,0.018176259472966194,0.036767229437828064,0.07271537184715271,0.029575776308774948,0.03694973513484001,0.026647215709090233,0.013208751566708088,0.012474443763494492,0.011968032456934452,0.005124269053339958
table,4,3,27,0,0,0.04712941497564316,0.09288914501667023,0.5073726773262024,1679, 25,0.02790195681154728,0.023636043071746826,0.03155970200896263,0.03776682913303375,0.027229005470871925,0.13526679575443268,0.02784794010221958,0.04712941497564316,0.025462070479989052,0.012367823161184788,0.033370330929756165,0.01564871519804001,0.008351776748895645,0.022551260888576508,0.007748803123831749,0.023534197360277176
table,5,1,25,1,1,0.18469327688217163,0.3741718828678131,0.49360543489456177,1679, 25,0.023453364148736,0.01269478164613247,0.016057996079325676,0.030663955956697464,0.023913202807307243,0.18469327688217163,0.04597870260477066,0.03441885858774185,0.013505588285624981,0.011844397522509098,0.02950746938586235,0.010213470086455345,0.008220477029681206,0.01756991259753704,0.009908982552587986,0.02096099779009819
table,6,2,32,1,1,0.15598523616790771,0.3200949728488922,0.4873092472553253,3933, 32,0.005045643076300621,0.0044829994440078735,0.009727067314088345,0.011207408271729946,0.013851660303771496,0.008554228581488132,0.011180591769516468,0.016375252977013588,0.019768154248595238,0.012266555801033974,0.027956372126936913,0.07897111028432846,0.15598523616790771,0.06384404003620148,0.037387073040008545,0.010705857537686825
table,7,0,28,1,1,0.21190069615840912,0.34266769886016846,0.618385374546051,2579, 28,0.009988153353333473,0.010194247588515282,0.015149572864174843,0.014399136416614056,0.019601264968514442,0.011985121294856071,0.016751274466514587,0.05640958249568939,0.21190069615840912,0.11084219068288803,0.04892655462026596,0.025435686111450195,0.015881218016147614,0.0142762940376997,0.02739531174302101,0.009249097667634487
table,8,1,30,0,0,0.04771361127495766,0.1555526703596115,0.3067360520362854,1987, 24,0.01534366887062788,0.011045897379517555,0.014016155153512955,0.02729467675089836,0.06862770766019821,0.01732468418776989,0.008930102922022343,0.011305082589387894,0.013035918585956097,0.008342144079506397,0.04771361127495766,0.01776992902159691,0.01937269978225231,0.008557451888918877,0.012061958201229572,0.005994380917400122
table,9,2,22,0,0,0.04241672158241272,0.11583645641803741,0.36617764830589294,1987, 24,0.00935297179967165,0.01682913675904274,0.04241672158241272,0.05419265106320381,0.06555010378360748,0.01327308639883995,0.010679229162633419,0.014313138090074062,0.016080420464277267,0.009563819505274296,0.014526340179145336,0.017819376662373543,0.028983566910028458,0.024943875148892403,0.02182875946164131,0.005824475549161434
table,10,2,25,0,0,0.048628825694322586,0.14585715532302856,0.33340033888816833,3439, 35,0.01774098537862301,0.013494468294084072,0.013872358947992325,0.02340046502649784,0.011931834742426872,0.048628825694322586,0.006973278243094683,0.01706407219171524,0.008833901025354862,0.0074253384955227375,0.03430351987481117,0.017606953158974648,0.009344563819468021,0.0331035852432251,0.017202502116560936,0.05247369781136513
table,11,1,27,0,0,0.060039304196834564,0.11517693102359772,0.5212789177894592,3933, 32,0.004898300394415855,0.008204236626625061,0.012697859667241573,0.021179748699069023,0.02701500989496708,0.01493949443101883,0.03417102247476578,0.060039304196834564,0.06920242309570312,0.03304094448685646,0.023180263116955757,0.04134536162018776,0.07037108391523361,0.04275815933942795,0.05089448019862175,0.007341224700212479
table,12,3,33,1,1,0.09705545008182526,0.18119701743125916,0.5356349349021912,4747, 33,0.00890389271080494,0.01578233763575554,0.015672188252210617,0.025752082467079163,0.01361145544797182,0.02281055599451065,0.016130002215504646,0.041463710367679596,0.028200820088386536,0.025543101131916046,0.0374753475189209,0.07560300827026367,0.04590875282883644,0.09705545008182526,0.047142527997493744,0.018579687923192978
table,13,1,20,1,1,0.15336909890174866,0.34623998403549194,0.4429560601711273,1160, 20,0.15336909890174866,0.04741557314991951,0.027902686968445778,0.03656897693872452,0.03548499569296837,0.02176813594996929,0.011144401505589485,0.014482129365205765,0.010500715114176273,0.007153657265007496,0.03196375072002411,0.011082676239311695,0.011080984957516193,0.006966118700802326,0.00838954746723175,0.0076826042495667934
table,14,3,30,1,1,0.11640173941850662,0.19001586735248566,0.6125895977020264,1542, 30,0.015909556299448013,0.020998410880565643,0.02310027927160263,0.03346894681453705,0.023840472102165222,0.019974244758486748,0.025915732607245445,0.05584590509533882,0.058503683656454086,0.08252608776092529,0.11640173941850662,0.06962022930383682,0.021176347509026527,0.017540546134114265,0.01747269555926323,0.010294732637703419
table,15,3,24,1,1,0.13156288862228394,0.2699911296367645,0.4872859716415405,1987, 24,0.02492864616215229,0.0278230719268322,0.02928004413843155,0.049025870859622955,0.13156288862228394,0.03460313007235527,0.02961479313671589,0.022840583696961403,0.027626357972621918,0.014691513031721115,0.04031896963715553,0.01643790490925312,0.015155559405684471,0.006981519982218742,0.011398720555007458,0.004996400326490402
table,16,1,24,1,1,0.08534395694732666,0.2685117721557617,0.31784066557884216,1987, 24,0.016173511743545532,0.023995904251933098,0.024853568524122238,0.03191967308521271,0.08534395694732666,0.020878564566373825,0.011465063318610191,0.01145483274012804,0.013544440269470215,0.00538205960765481,0.010368099436163902,0.013276692479848862,0.022094259038567543,0.0094457371160388,0.013440164737403393,0.0042041391134262085
table,17,0,21,1,1,0.27575811743736267,0.5236141681671143,0.5266437530517578,2310, 21,0.03801350295543671,0.27575811743736267,0.08524879068136215,0.03614235296845436,0.017023663967847824,0.00832374393939972,0.005835745017975569,0.008710307069122791,0.006413225084543228,0.0037501452025026083,0.005719248671084642,0.014327270910143852,0.0071275015361607075,0.006640369538217783,0.005100289825350046,0.0025094440206885338
table,18,3,34,0,0,0.12095075100660324,0.22065497934818268,0.5481442213058472,4747, 33,0.00559820793569088,0.010659579187631607,0.010831408202648163,0.013695944100618362,0.008456128649413586,0.012965279631316662,0.01062353141605854,0.030330194160342216,0.03279876336455345,0.01729164645075798,0.024816429242491722,0.02924313023686409,0.03954596072435379,0.12405730038881302,0.12095075100660324,0.056279946118593216
table,19,3,26,1,1,0.06731092929840088,0.17774543166160583,0.3786928653717041,2608, 26,0.007687409408390522,0.012952705845236778,0.015234213322401047,0.017582833766937256,0.011994109489023685,0.032453227788209915,0.06731092929840088,0.061262521892786026,0.018077418208122253,0.011009857058525085,0.016074584797024727,0.052740324288606644,0.023853499442338943,0.014922015368938446,0.010746940039098263,0.004790294449776411
table,20,1,34,1,1,0.12790580093860626,0.2167554497718811,0.590092658996582,4974, 34,0.013834181241691113,0.02333001419901848,0.019046923145651817,0.02181975357234478,0.03128254786133766,0.02674105577170849,0.05821031704545021,0.05049842968583107,0.040198247879743576,0.02026173658668995,0.023722009733319283,0.03625297173857689,0.02912208065390587,0.03816419094800949,0.12790580093860626,0.029702354222536087
table,21,1,20,1,1,0.1220303475856781,0.3105061650276184,0.3930045962333679,1160, 20,0.1220303475856781,0.050114404410123825,0.04334162548184395,0.036233458667993546,0.01360832154750824,0.01859554648399353,0.00829572044312954,0.024419711902737617,0.01401685643941164,0.006442796438932419,0.02089621126651764,0.011448257602751255,0.0045775240287184715,0.005707392003387213,0.00467233220115304,0.008604099974036217
table,22,1,21,1,1,0.11301452666521072,0.24241624772548676,0.4662002921104431,2310, 21,0.03833584487438202,0.11301452666521072,0.051336031407117844,0.04325302317738533,0.03012506663799286,0.012910054996609688,0.012037535198032856,0.018578214570879936,0.014448651112616062,0.009530468843877316,0.014938268810510635,0.04036364704370499,0.02134460024535656,0.02125684544444084,0.01745288446545601,0.007274667266756296
table,23,0,29,1,1,0.14859716594219208,0.27636417746543884,0.5376860499382019,2808, 29,0.014239671640098095,0.00935836136341095,0.015451357699930668,0.018836742267012596,0.014042027294635773,0.015915222465991974,0.012664060108363628,0.024310437962412834,0.049174800515174866,0.14859716594219208,0.12116401642560959,0.0410069078207016,0.015462678857147694,0.012309595942497253,0.014677122235298157,0.01047591120004654
table,24,2,25,1,1,0.12188789993524551,0.20611023902893066,0.5913723707199097,1679, 25,0.02252773568034172,0.029172636568546295,0.046803053468465805,0.06334470212459564,0.04894152283668518,0.12188789993524551,0.05360840633511543,0.060368817299604416,0.05373534560203552,0.02088535949587822,0.019845498725771904,0.013584350235760212,0.009608964435756207,0.012518500909209251,0.008093288168311119,0.0064463322050869465
table,25,3,20,0,0,0.04417025297880173,0.13930253684520721,0.317081481218338,1542, 30,0.04417025297880173,0.021801229566335678,0.013652127236127853,0.012565899640321732,0.015773920342326164,0.014530951157212257,0.020129486918449402,0.02226482704281807,0.019885865971446037,0.010755155235528946,0.050738900899887085,0.02580244094133377,0.012284272350370884,0.009517640806734562,0.016196848824620247,0.007011660374701023
table,26,3,24,1,1,0.06252340227365494,0.14792566001415253,0.4226677417755127,1987, 24,0.010755822993814945,0.018648307770490646,0.02598520554602146,0.047439172863960266,0.06252340227365494,0.02912914752960205,0.02086520753800869,0.027356160804629326,0.01971999742090702,0.01161173079162836,0.021438540890812874,0.04823184013366699,0.034925855696201324,0.019385701045393944,0.01850304566323757,0.006148621439933777
table,27,2,33,0,0,0.03730176016688347,0.0801478922367096,0.46541160345077515,2310, 21,0.019725751131772995,0.10941702872514725,0.03889258950948715,0.03604063764214516,0.018809523433446884,0.013234960846602917,0.015271513722836971,0.02276560291647911,0.016713973134756088,0.013810565695166588,0.014985966496169567,0.059051286429166794,0.014959463849663734,0.03730176016688347,0.02623985894024372,0.008191108703613281
table,28,0,29,1,1,0.18038684129714966,0.3037336766719818,0.5938980579376221,2808, 29,0.010822498239576817,0.011383144184947014,0.013299311511218548,0.018900403752923012,0.014215705916285515,0.020442446693778038,0.01971067115664482,0.030871853232383728,0.05896743759512901,0.18038684129714966,0.10479091107845306,0.041250791400671005,0.017378423362970352,0.01819160021841526,0.020446501672267914,0.012839489616453648
table,29,2,27,1,1,0.09567516297101974,0.2078893482685089,0.4602215588092804,2681, 27,0.008014993742108345,0.012310213409364223,0.013460121117532253,0.020720429718494415,0.008642108179628849,0.020999092608690262,0.029509268701076508,0.09567516297101974,0.03354903310537338,0.023649396374821663,0.027223404496908188,0.03384416550397873,0.02703360840678215,0.04042280465364456,0.036279305815696716,0.028888434171676636
table,30,3,34,1,1,0.10806126892566681,0.2191474437713623,0.4930984675884247,4974, 34,0.009315351955592632,0.01567089930176735,0.012793729081749916,0.02804788015782833,0.025632359087467194,0.02081989124417305,0.019821058958768845,0.03670097514986992,0.02451910264790058,0.019819244742393494,0.02183804288506508,0.03498613089323044,0.01935422420501709,0.059952735900878906,0.10806126892566681,0.03576556220650673
table,31,0,22,1,1,0.17149576544761658,0.3100780248641968,0.5530729293823242,2534, 22,0.01925700530409813,0.06585924327373505,0.17149576544761658,0.12123352289199829,0.04355986416339874,0.01635044254362583,0.015815988183021545,0.018001753836870193,0.023043397814035416,0.010924365371465683,0.009970985352993011,0.008303403854370117,0.008449750021100044,0.00930746179074049,0.006931722164154053,0.004568289965391159
table,32,2,20,1,1,0.09868445247411728,0.21021288633346558,0.46945005655288696,1160, 20,0.09868445247411728,0.07227955758571625,0.04348532855510712,0.037793394178152084,0.020919319242239,0.04423689842224121,0.01696167327463627,0.024426953867077827,0.015845762565732002,0.009916781447827816,0.02854231745004654,0.021973496302962303,0.008898301981389523,0.010313710197806358,0.006849581375718117,0.008322527632117271
table,33,0,29,1,1,0.20901231467723846,0.41169631481170654,0.507685661315918,2808, 29,0.005520280450582504,0.008516709320247173,0.009900380857288837,0.019657887518405914,0.01676432602107525,0.015264907851815224,0.014304541982710361,0.028173452243208885,0.045450374484062195,0.20901231467723846,0.06211145222187042,0.04078841581940651,0.006034460850059986,0.00929019320756197,0.01037899311631918,0.0065169972367584705
table,34,0,25,1,1,0.2087142914533615,0.5465589165687561,0.38186970353126526,1679, 25,0.01793643645942211,0.009285514242947102,0.008762488141655922,0.017491688951849937,0.02323184721171856,0.2087142914533615,0.018970398232340813,0.015310043469071388,0.007827064953744411,0.005011032335460186,0.015035584568977356,0.005601182579994202,0.005429100710898638,0.01089802198112011,0.004357182886451483,0.008007851429283619
table,35,0,25,1,1,0.22898544371128082,0.49050116539001465,0.4668397605419159,1679, 25,0.023013686761260033,0.014157567173242569,0.015318612568080425,0.019094889983534813,0.017182229086756706,0.22898544371128082,0.03482869267463684,0.02171308360993862,0.011557715013623238,0.00807055551558733,0.019284043461084366,0.008303016424179077,0.008217373862862587,0.017956063151359558,0.0056283557787537575,0.01352842990309
table,36,3,31,0,0,0.028293810784816742,0.07791995257139206,0.3631138205528259,1160, 20,0.07764753699302673,0.033433519303798676,0.021707193925976753,0.02678804099559784,0.018088672310113907,0.017746657133102417,0.01062242966145277,0.02043033018708229,0.013282913714647293,0.008365293964743614,0.03906627744436264,0.028293810784816742,0.011823085136711597,0.013697241432964802,0.01214638352394104,0.009974434971809387
table,37,2,29,0,0,0.05342255160212517,0.10465115308761597,0.5104821920394897,2681, 27,0.006954254116863012,0.013896821066737175,0.015653012320399284,0.0299079492688179,0.011332739144563675,0.01656418666243553,0.01762656681239605,0.0721549466252327,0.03708159178495407,0.05342255160212517,0.040278103202581406,0.049062952399253845,0.030153099447488785,0.062759168446064,0.03664901852607727,0.016985222697257996
table,38,2,22,1,1,0.06089621037244797,0.1337655931711197,0.4552456736564636,2534, 22,0.023004870861768723,0.0329323448240757,0.06089621037244797,0.0404333770275116,0.020217642188072205,0.015092949382960796,0.015710238367319107,0.025140922516584396,0.032869093120098114,0.018101144582033157,0.05455370247364044,0.02540895715355873,0.026693040505051613,0.02749418094754219,0.02469117008149624,0.01200582180172205
table,39,0,32,1,1,0.1946997344493866,0.3963868021965027,0.4911862313747406,3933, 32,0.00846013706177473,0.006002065725624561,0.008561300113797188,0.013398915529251099,0.02164694480597973,0.009288808330893517,0.007869367487728596,0.008840750902891159,0.014197712764143944,0.010206742212176323,0.019212398678064346,0.028711693361401558,0.1946997344493866,0.0691865086555481,0.05021405220031738,0.020689096301794052
table,40,0,27,1,1,0.18388386070728302,0.33777302503585815,0.544400691986084,2681, 27,0.013836660422384739,0.024101734161376953,0.013587060384452343,0.03978436440229416,0.02407526783645153,0.020865634083747864,0.03656616806983948,0.18388386070728302,0.06431090086698532,0.0313909687101841,0.025345265865325928,0.022958064451813698,0.01037710439413786,0.014761898666620255,0.011093666777014732,0.007462040986865759
table,41,2,24,0,0,0.04381531849503517,0.10627710819244385,0.4122742712497711,2242, 23,0.013698817230761051,0.04266275465488434,0.03421464189887047,0.05556127801537514,0.04381531849503517,0.02053331956267357,0.016665728762745857,0.029123233631253242,0.022803694009780884,0.023915210738778114,0.021806303411722183,0.04249319061636925,0.012882011011242867,0.013991828076541424,0.012153529562056065,0.005953420884907246
table,42,3,33,1,1,0.12176153808832169,0.20627565681934357,0.5902855396270752,4747, 33,0.006912953220307827,0.011456991545855999,0.011590627953410149,0.018402326852083206,0.012909777462482452,0.014251495711505413,0.014032473787665367,0.028768613934516907,0.03854323923587799,0.044202178716659546,0.04064956307411194,0.05317988246679306,0.05275717377662659,0.12176153808832169,0.09334498643875122,0.027521662414073944
table,43,3,33,1,1,0.15183478593826294,0.33774200081825256,0.4495584964752197,4747, 33,0.003901952411979437,0.0048629543744027615,0.0065275151282548904,0.010534025728702545,0.004433685913681984,0.011326565407216549,0.008218629285693169,0.022212576121091843,0.011232249438762665,0.0076667447574436665,0.013558813370764256,0.02805256098508835,0.07097700983285904,0.15183478593826294,0.06506461650133133,0.02915380708873272
table,44,0,25,1,1,0.22355502843856812,0.4192540645599365,0.5332208871841431,1679, 25,0.02843311056494713,0.021302727982401848,0.022854840382933617,0.030559014528989792,0.04241631180047989,0.22355502843856812,0.035429880023002625,0.02850957214832306,0.018220216035842896,0.012353177182376385,0.02540806122124195,0.008507519029080868,0.0072571286000311375,0.012033091858029366,0.0058813076466321945,0.010499854572117329
table,45,2,22,1,1,0.15544848144054413,0.3165498375892639,0.49107110500335693,2534, 22,0.03026154823601246,0.06404659152030945,0.15544848144054413,0.10417543351650238,0.02733048051595688,0.026867376640439034,0.014532948844134808,0.014751902781426907,0.012978541664779186,0.009198039770126343,0.01001000590622425,0.007621836848556995,0.004451480228453875,0.004305677022784948,0.002737230621278286,0.002353563206270337
table,46,3,34,1,1,0.11385830491781235,0.2522490620613098,0.45137253403663635,4974, 34,0.009118420071899891,0.01784646138548851,0.02420339360833168,0.02980886399745941,0.012623215094208717,0.014765466563403606,0.010366792790591717,0.015907645225524902,0.014166699722409248,0.009333659894764423,0.0156476441770792,0.021569686010479927,0.018350422382354736,0.04994712397456169,0.11385830491781235,0.07385874539613724
table,47,1,30,1,1,0.07404500991106033,0.16962675750255585,0.43651726841926575,1542, 30,0.017011569812893867,0.015998946502804756,0.0148151321336627,0.021883655339479446,0.014659074135124683,0.016485663130879402,0.016433926299214363,0.029512902721762657,0.02922966331243515,0.03265136107802391,0.07404500991106033,0.04576630890369415,0.026813235133886337,0.02531701698899269,0.03857027739286423,0.017323551699519157
table,48,0,33,1,1,0.22219471633434296,0.4574643075466156,0.48570939898490906,4747, 33,0.004372050985693932,0.006207019556313753,0.0056791752576828,0.021167127415537834,0.0073288497515022755,0.008893451653420925,0.005461942870169878,0.0168142169713974,0.012408340349793434,0.009959282353520393,0.015345652587711811,0.02399190329015255,0.04269683361053467,0.22219471633434296,0.06468603014945984,0.018502766266465187
table,49,2,27,1,1,0.0868154987692833,0.17991366982460022,0.48253974318504333,2681, 27,0.017474496737122536,0.01657787896692753,0.01333086658269167,0.024285752326250076,0.013146638870239258,0.02092987857758999,0.022181030362844467,0.0868154987692833,0.03435360640287399,0.020058469846844673,0.0607171356678009,0.03350408002734184,0.036723554134368896,0.038417305797338486,0.022099273279309273,0.02192428708076477
table,50,2,23,1,1,0.0981554314494133,0.2157033383846283,0.45504826307296753,2242, 23,0.01362009346485138,0.03840187191963196,0.041920844465494156,0.0981554314494133,0.03758792579174042,0.02438402734696865,0.015796450898051262,0.027280081063508987,0.01671317033469677,0.014082923531532288,0.014194242656230927,0.029362082481384277,0.025011083111166954,0.035354796797037125,0.01716049574315548,0.0060227056965231895
table,51,1,21,1,1,0.12882745265960693,0.26364436745643616,0.48864099383354187,2310, 21,0.05775074660778046,0.12882745265960693,0.06206916645169258,0.0370660200715065,0.01861892081797123,0.019204087555408478,0.01080214511603117,0.021740837022662163,0.01645798794925213,0.014223438687622547,0.03362870588898659,0.03203932195901871,0.0066630351357162,0.008403223939239979,0.009637285023927689,0.011508652940392494
table,52,0,22,1,1,0.26955339312553406,0.5119746327400208,0.5264975428581238,2534, 22,0.016905896365642548,0.04433564841747284,0.26955339312553406,0.08664751052856445,0.026818811893463135,0.008293324150145054,0.008926879614591599,0.007411717902868986,0.010769680142402649,0.006721982732415199,0.008193452842533588,0.011737295426428318,0.010347621515393257,0.005592311266809702,0.0025713287759572268,0.0016706952592357993
table,53,2,28,0,0,0.0820256769657135,0.20575229823589325,0.398662269115448,1542, 30,0.03285587579011917,0.013384705409407616,0.01674826815724373,0.012984784319996834,0.014326863922178745,0.01759171672165394,0.014031440019607544,0.03033274970948696,0.0820256769657135,0.022469956427812576,0.08847463876008987,0.013761516660451889,0.012550191953778267,0.009709141217172146,0.009832361713051796,0.007582399062812328
table,54,0,22,0,0,0.13525395095348358,0.22300949692726135,0.606494128704071,2242, 23,0.021905770525336266,0.06314511597156525,0.13525395095348358,0.1765201985836029,0.0641610324382782,0.023485688492655754,0.018113750964403152,0.014708634465932846,0.019448643550276756,0.02135429158806801,0.01187131553888321,0.010816049762070179,0.006861475296318531,0.008157284930348396,0.007468318101018667,0.0032225893810391426
table,55,1,28,1,1,0.1370137333869934,0.32297858595848083,0.4242192506790161,2579, 28,0.01220527570694685,0.021571315824985504,0.022144107148051262,0.021463623270392418,0.015705397352576256,0.014127075672149658,0.02002645470201969,0.0541909895837307,0.1370137333869934,0.0301627479493618,0.018598616123199463,0.014034581370651722,0.009341131895780563,0.012127583846449852,0.016908669844269753,0.004597916733473539
table,56,2,24,1,1,0.08504527807235718,0.25416678190231323,0.3346042037010193,1987, 24,0.012071743607521057,0.015657316893339157,0.02303081378340721,0.031589820981025696,0.08504527807235718,0.02505222149193287,0.01385902613401413,0.013751068152487278,0.02767173759639263,0.006320434622466564,0.017677344381809235,0.013032864779233932,0.024786245077848434,0.010660350322723389,0.010552403517067432,0.0038455480244010687
table,57,3,25,1,1,0.15510693192481995,0.3925197422504425,0.39515700936317444,1679, 25,0.016863621771335602,0.014102666638791561,0.016041124239563942,0.023839468136429787,0.02202167920768261,0.15510693192481995,0.0281141996383667,0.02374652586877346,0.016450494527816772,0.00996517762541771,0.019761955365538597,0.008988306857645512,0.005105855409055948,0.018219321966171265,0.007265969179570675,0.009563696570694447
table,58,3,22,1,1,0.11442720144987106,0.22535139322280884,0.5077723264694214,2534, 22,0.03936737775802612,0.0854695588350296,0.11442720144987106,0.06722313165664673,0.021375929936766624,0.019761359319090843,0.016516778618097305,0.020814906805753708,0.017560569569468498,0.014294079504907131,0.018141238018870354,0.020385853946208954,0.01760752499103546,0.015170297585427761,0.010992142371833324,0.00866437517106533
table,59,2,32,0,0,0.06874901801347733,0.17114344239234924,0.4017040729522705,2534, 22,0.0313681960105896,0.02759713865816593,0.07337638735771179,0.04804803803563118,0.01978820003569126,0.011998305097222328,0.009829258546233177,0.012839150615036488,0.018488306552171707,0.005475984420627356,0.012781682424247265,0.017184680327773094,0.06874901801347733,0.023978641256690025,0.014083201065659523,0.006117857526987791
table,60,1,28,1,1,0.10534219443798065,0.22617658972740173,0.465751975774765,2579, 28,0.006419887766242027,0.015490186400711536,0.02189354971051216,0.014026603661477566,0.011493338271975517,0.01085265539586544,0.026885386556386948,0.06706847995519638,0.10534219443798065,0.05344228073954582,0.03286084532737732,0.05479234457015991,0.021207168698310852,0.011277229525148869,0.009069808758795261,0.003630029270425439
table,61,3,27,1,1,0.15481799840927124,0.31956103444099426,0.48447084426879883,2681, 27,0.008547542616724968,0.02327774465084076,0.019398009404540062,0.05372906103730202,0.01372526679188013,0.014753961935639381,0.02772749401628971,0.15481799840927124,0.03913068398833275,0.0338885597884655,0.01859208010137081,0.04316329210996628,0.009054284542798996,0.013182351365685463,0.007454445585608482,0.004028096329420805
table,62,0,24,1,1,0.23839719593524933,0.4480540454387665,0.5320724248886108,1987, 24,0.016576966270804405,0.02653805911540985,0.026962554082274437,0.047919489443302155,0.23839719593524933,0.02991093136370182,0.021936461329460144,0.017395321279764175,0.020566247403621674,0.009954601526260376,0.012919219210743904,0.0121237114071846,0.02467060275375843,0.006372098810970783,0.014127414673566818,0.005701550282537937
table,63,1,20,1,1,0.15144656598567963,0.38457661867141724,0.3938007652759552,1160, 20,0.15144656598567963,0.07616432011127472,0.03158041834831238,0.02981841377913952,0.012158997356891632,0.022041302174329758,0.00975796114653349,0.0168476440012455,0.008838076144456863,0.0042162309400737286,0.012401272542774677,0.0060757980681955814,0.004076298326253891,0.003364243544638157,0.0020424481481313705,0.00297074718400836
repeat,0,1,31,0,0,0.09194380789995193,0.16656534373760223,0.5519984364509583,2242, 23,0.012953146360814571,0.026828307658433914,0.03254284709692001,0.11384771019220352,0.04447808116674423,0.020863642916083336,0.022336337715387344,0.03217647597193718,0.01872517727315426,0.023549076169729233,0.03450030833482742,0.09194380789995193,0.025381548330187798,0.030998632311820984,0.014429787173867226,0.006443560589104891
repeat,1,0,25,1,1,0.3293479382991791,0.5575264096260071,0.5907306671142578,1679, 25,0.028108671307563782,0.010129461996257305,0.012845544144511223,0.012551137246191502,0.023277850821614265,0.3293479382991791,0.03636949509382248,0.01981709524989128,0.0155845507979393,0.007279964163899422,0.04353589192032814,0.007955923676490784,0.007043612189590931,0.015446409583091736,0.004724422004073858,0.016712641343474388
repeat,2,1,32,0,0,0.07435636967420578,0.12096741050481796,0.6146810054779053,1987, 24,0.016079220920801163,0.01759098842740059,0.024129299446940422,0.04019742086529732,0.23529301583766937,0.037844467908144,0.018710657954216003,0.018233492970466614,0.03134975954890251,0.010033754631876945,0.023862743750214577,0.017874278128147125,0.07435636967420578,0.021081626415252686,0.019540203735232353,0.008503721095621586
repeat,3,1,28,1,1,0.08614438772201538,0.15574295818805695,0.5531190037727356,2579, 28,0.018678419291973114,0.01764986477792263,0.022837834432721138,0.027197683230042458,0.05277644842863083,0.06931620091199875,0.031641945242881775,0.049305785447359085,0.08614438772201538,0.03837302699685097,0.046646177768707275,0.030414443463087082,0.018575813621282578,0.020817896351218224,0.012859631329774857,0.00988346990197897
repeat,4,3,27,0,0,0.03791258484125137,0.06391067057847977,0.5932121276855469,1679, 25,0.03741832077503204,0.018471762537956238,0.02421851083636284,0.02996021881699562,0.032343849539756775,0.24614082276821136,0.03181277960538864,0.03791258484125137,0.022917382419109344,0.011012839153409004,0.04054166376590729,0.010528266429901123,0.006147739943116903,0.01618824154138565,0.004528495948761702,0.023068595677614212
repeat,5,1,25,1,1,0.20381096005439758,0.3419691324234009,0.5959922671318054,1679, 25,0.021329475566744804,0.012575165368616581,0.01510433666408062,0.03212626650929451,0.032176800072193146,0.20381096005439758,0.0625317394733429,0.0518093965947628,0.02201998233795166,0.014226065017282963,0.032844237983226776,0.01324397511780262,0.011954166926443577,0.02897145226597786,0.012722427025437355,0.0285458043217659
repeat,6,2,32,1,1,0.09114612638950348,0.16638271510601044,0.5478100776672363,3933, 32,0.007189731113612652,0.006982843391597271,0.012843022122979164,0.018645331263542175,0.017709024250507355,0.019884681329131126,0.022388696670532227,0.03495572879910469,0.04025590419769287,0.03452582284808159,0.046698737889528275,0.08944732695817947,0.09114612638950348,0.06204397231340408,0.029478823766112328,0.013614286668598652
repeat,7,0,28,1,1,0.17314109206199646,0.25290152430534363,0.6846185922622681,2579, 28,0.011125602759420872,0.012601190246641636,0.014044993557035923,0.017915096133947372,0.021005680784583092,0.02020435594022274,0.016258206218481064,0.06042223796248436,0.17314109206199646,0.17223991453647614,0.061154067516326904,0.0313878059387207,0.015195995569229126,0.019557051360607147,0.024179233238101006,0.01418607123196125
repeat,8,1,30,0,0,0.0637604221701622,0.13999725878238678,0.455440491437912,1987, 24,0.024688400328159332,0.012510135769844055,0.018127305433154106,0.03336946293711662,0.11964751780033112,0.034649807959795,0.015382800251245499,0.015850894153118134,0.021526871249079704,0.010563242249190807,0.0637604221701622,0.020732536911964417,0.030659643933176994,0.011731312610208988,0.012692026793956757,0.009548119269311428
repeat,9,2,22,0,0,0.05646238103508949,0.09813617914915085,0.5753472447395325,1987, 24,0.015975840389728546,0.020492425188422203,0.05646238103508949,0.07876193523406982,0.17138472199440002,0.02800683118402958,0.017581405118107796,0.01874045468866825,0.02487560734152794,0.0098190288990736,0.01970616914331913,0.01873445138335228,0.04220585152506828,0.026799442246556282,0.018930427730083466,0.006870284676551819
repeat,10,2,25,0,0,0.06986193358898163,0.13800765573978424,0.5062178373336792,3439, 35,0.0270045418292284,0.01791166514158249,0.02173255756497383,0.028887774795293808,0.022554880008101463,0.06986193358898163,0.016249636188149452,0.02555997669696808,0.020086759701371193,0.014133232645690441,0.04972507059574127,0.025667455047369003,0.021038221195340157,0.0463552288711071,0.025991423055529594,0.0734575018286705
repeat,11,1,27,1,1,0.10354787111282349,0.15985633432865143,0.6477558016777039,2681, 27,0.006590718403458595,0.008551698178052902,0.014937757514417171,0.019369130954146385,0.025204161182045937,0.029885729774832726,0.07396507263183594,0.10354787111282349,0.07498440146446228,0.04455883428454399,0.030393673107028008,0.05274765193462372,0.08343061804771423,0.039959657937288284,0.03105514869093895,0.008573648519814014
repeat,12,3,33,0,0,0.06749795377254486,0.12168092280626297,0.55471271276474,3261, 31,0.011512176133692265,0.018966473639011383,0.015616161748766899,0.02098788693547249,0.014570530503988266,0.03253495693206787,0.021412942558526993,0.04246014356613159,0.0306496974080801,0.027261653915047646,0.05257628858089447,0.10411782562732697,0.0450347401201725,0.06749795377254486,0.030296314507722855,0.019217003136873245
repeat,13,1,20,1,1,0.15457278490066528,0.30278706550598145,0.5104999542236328,1160, 20,0.15457278490066528,0.04606545343995094,0.030444618314504623,0.04370782896876335,0.06946759670972824,0.036863576620817184,0.013750342652201653,0.01726548559963703,0.014433339238166809,0.007439289707690477,0.02966730296611786,0.009048706851899624,0.01181939896196127,0.008230146020650864,0.008625908754765987,0.009098133072257042
repeat,14,3,30,1,1,0.11687573045492172,0.18047639727592468,0.6475956439971924,1542, 30,0.012751605361700058,0.01607360877096653,0.01850089244544506,0.029269887134432793,0.02166871540248394,0.025956226512789726,0.0312810093164444,0.060792744159698486,0.06999979168176651,0.11271258443593979,0.11687573045492172,0.06256670504808426,0.018681880086660385,0.019884634763002396,0.018498916178941727,0.012080716900527477
repeat,15,3,24,0,0,0.04453622177243233,0.11248700320720673,0.3959232568740845,2579, 28,0.018388407304883003,0.015470893122255802,0.015412106178700924,0.02213011123239994,0.04453622177243233,0.028119735419750214,0.035731296986341476,0.0373302698135376,0.05562193691730499,0.02321871556341648,0.04230912774801254,0.014629119075834751,0.014202305115759373,0.009080447256565094,0.013166891410946846,0.006575674284249544
repeat,16,1,24,1,1,0.1429174244403839,0.2995595335960388,0.477091908454895,1987, 24,0.02533598057925701,0.026084845885634422,0.03399407118558884,0.041668202728033066,0.1429174244403839,0.03802452236413956,0.018331430852413177,0.016233067959547043,0.02225850336253643,0.006663155741989613,0.016083654016256332,0.017082341015338898,0.041474733501672745,0.012309393845498562,0.012642517685890198,0.005988053511828184
repeat,17,0,21,1,1,0.19616620242595673,0.35056328773498535,0.5595743060112,2310, 21,0.048537690192461014,0.19616620242595673,0.12291699647903442,0.052251625806093216,0.03108065389096737,0.01810927875339985,0.010842292569577694,0.011968771927058697,0.011100765317678452,0.006455289199948311,0.009153979830443859,0.013328923843801022,0.008983776904642582,0.008530494756996632,0.005978461820632219,0.004169119521975517
repeat,18,3,34,0,0,0.11107990145683289,0.18301407992839813,0.6069473028182983,4747, 33,0.005953414365649223,0.00822147261351347,0.00929612759500742,0.012599725276231766,0.00885527953505516,0.02023995853960514,0.012140356935560703,0.029885802417993546,0.03518454357981682,0.020547401160001755,0.032353729009628296,0.029285853728652,0.04069600626826286,0.1340983808040619,0.11107990145683289,0.09650935232639313
repeat,19,3,26,1,1,0.05651473626494408,0.13072368502616882,0.43232208490371704,2608, 26,0.008459915407001972,0.011837730184197426,0.01460872683674097,0.018410608172416687,0.015922723338007927,0.04699879139661789,0.05651473626494408,0.05401032418012619,0.023809833452105522,0.01136427465826273,0.01940753497183323,0.05439615249633789,0.04626484587788582,0.02767367660999298,0.014999612234532833,0.0076426053419709206
repeat,20,1,34,0,0,0.06387422978878021,0.10125792771577835,0.6308072209358215,2608, 26,0.018445774912834167,0.023265399038791656,0.02278965897858143,0.027736904099583626,0.043738264590501785,0.04788851737976074,0.09434670954942703,0.06896235793828964,0.05312679335474968,0.02567202039062977,0.028155647218227386,0.031971778720617294,0.028054436668753624,0.031197337433695793,0.06387422978878021,0.02158142440021038
repeat,21,1,20,1,1,0.16831162571907043,0.30407431721687317,0.5535213351249695,1160, 20,0.16831162571907043,0.06925436854362488,0.10735413432121277,0.050565626472234726,0.020274771377444267,0.026164541020989418,0.011377195827662945,0.017527086660265923,0.01715703122317791,0.006582958158105612,0.022142454981803894,0.010689924471080303,0.00651331664994359,0.0053421566262841225,0.00384182739071548,0.010422315448522568
repeat,22,1,21,1,1,0.1625230759382248,0.28139424324035645,0.5775635838508606,2310, 21,0.05896084010601044,0.1625230759382248,0.06661897897720337,0.04755670949816704,0.03480013459920883,0.01688225567340851,0.014769971370697021,0.020038388669490814,0.01608680747449398,0.010091166943311691,0.01832299865782261,0.048273198306560516,0.021394969895482063,0.019648412242531776,0.014445889741182327,0.00714981509372592
repeat,23,0,29,0,0,0.12355074286460876,0.20398741960525513,0.6056782603263855,1542, 30,0.02183530479669571,0.010361907072365284,0.020390665158629417,0.01921556331217289,0.017804332077503204,0.026854604482650757,0.018320797011256218,0.02528768964111805,0.06707914173603058,0.12355074286460876,0.1457761824131012,0.04202063009142876,0.023990174755454063,0.015641938894987106,0.013827785849571228,0.013720804825425148
repeat,24,2,25,1,1,0.13741591572761536,0.18964450061321259,0.7245973944664001,1679, 25,0.01743944361805916,0.02468585968017578,0.044415779411792755,0.06386534124612808,0.055499449372291565,0.13741591572761536,0.07627253234386444,0.09844978898763657,0.10561556369066238,0.02905311807990074,0.019413739442825317,0.01479253638535738,0.010003634728491306,0.013406220823526382,0.007960151880979538,0.00630829855799675
repeat,25,3,20,0,0,0.05330978333950043,0.13656823337078094,0.390352725982666,1542, 30,0.05330978333950043,0.013773958198726177,0.010512787848711014,0.011636417359113693,0.015864133834838867,0.023905541747808456,0.01714811474084854,0.020608650520443916,0.02287478744983673,0.013950576074421406,0.11707350611686707,0.027023296803236008,0.012211992405354977,0.00964045338332653,0.010398715734481812,0.010419999249279499
repeat,26,3,24,0,0,0.04894191399216652,0.09697361290454865,0.5046930909156799,3261, 31,0.010412388481199741,0.020029867067933083,0.02207331918179989,0.03832156956195831,0.04894191399216652,0.038438111543655396,0.033283185213804245,0.04017169401049614,0.027819328010082245,0.01629709266126156,0.03069022297859192,0.07472778856754303,0.043976809829473495,0.02861909568309784,0.02299012616276741,0.007900564931333065
repeat,27,2,33,0,0,0.04005195200443268,0.07949303090572357,0.503842294216156,2310, 21,0.027708908542990685,0.10917360335588455,0.047562871128320694,0.04012168571352959,0.022955724969506264,0.019665656611323357,0.018422940745949745,0.025294391438364983,0.02120499685406685,0.015536176040768623,0.017416957765817642,0.04755706712603569,0.01688830927014351,0.04005195200443268,0.024193229153752327,0.010087856091558933
repeat,28,0,29,1,1,0.18546757102012634,0.25705626606941223,0.7215057611465454,2808, 29,0.014282096177339554,0.010904775932431221,0.017836572602391243,0.02012593112885952,0.018672043457627296,0.03339385986328125,0.0300663560628891,0.03519245609641075,0.08784829080104828,0.18546757102012634,0.1502397656440735,0.044081322848796844,0.023155970498919487,0.018625376746058464,0.018165625631809235,0.013447737321257591
repeat,29,2,27,1,1,0.09040096402168274,0.15950770676136017,0.5667498111724854,2681, 27,0.011029645800590515,0.0127381207421422,0.014300890266895294,0.022063972428441048,0.013741914182901382,0.03326782211661339,0.035991404205560684,0.09040096402168274,0.03972655534744263,0.02745821885764599,0.033693887293338776,0.03766173496842384,0.03527427092194557,0.051492415368556976,0.049778103828430176,0.0581299364566803
repeat,30,3,34,1,1,0.0917566567659378,0.18141724169254303,0.5057769417762756,4974, 34,0.012674432247877121,0.016644220799207687,0.013962686993181705,0.039201769977808,0.03169332072138786,0.030806466937065125,0.023133613169193268,0.0336376428604126,0.02350257709622383,0.0179476048797369,0.02372271753847599,0.028483500704169273,0.019004525616765022,0.06200234591960907,0.0917566567659378,0.03760288283228874
repeat,31,0,22,0,0,0.10855746269226074,0.17741641402244568,0.6118794679641724,2242, 23,0.02387494593858719,0.058826565742492676,0.10855746269226074,0.14391186833381653,0.06233455240726471,0.03342030942440033,0.02222132310271263,0.029337124899029732,0.028878768905997276,0.02324620634317398,0.0170104019343853,0.01464085653424263,0.01022096537053585,0.0163752268999815,0.010181272402405739,0.00884159468114376
repeat,32,2,20,1,1,0.12641604244709015,0.20992930233478546,0.6021838784217834,1160, 20,0.12641604244709015,0.07675012201070786,0.04376761615276337,0.040353238582611084,0.03256605193018913,0.1158696636557579,0.023946108296513557,0.030688820406794548,0.019233018159866333,0.010440230369567871,0.031303178519010544,0.01844717003405094,0.006406083703041077,0.009688989259302616,0.005393640138208866,0.01091392245143652
repeat,33,0,29,1,1,0.3282349109649658,0.4628305435180664,0.7091902494430542,2808, 29,0.00521970447152853,0.0069090258330106735,0.010456771589815617,0.01765749230980873,0.019963275641202927,0.026031656190752983,0.02246655896306038,0.03286594897508621,0.07165560126304626,0.3282349109649658,0.08798336982727051,0.044566716998815536,0.008067123591899872,0.009963315911591053,0.00941474363207817,0.007734023500233889
repeat,34,0,25,1,1,0.29353776574134827,0.5035557746887207,0.5829300284385681,1679, 25,0.023029925301671028,0.011950686573982239,0.013933657668530941,0.018838543444871902,0.04340637847781181,0.29353776574134827,0.0463545061647892,0.024294402450323105,0.01588398963212967,0.008840029127895832,0.02675536461174488,0.009847480803728104,0.010736171156167984,0.014992034062743187,0.006604782771319151,0.013924306258559227
repeat,35,0,25,1,1,0.2967497408390045,0.48714032769203186,0.6091668605804443,1679, 25,0.028078222647309303,0.016298605129122734,0.018794389441609383,0.02003202959895134,0.027890339493751526,0.2967497408390045,0.059644658118486404,0.02659711427986622,0.01694166101515293,0.010631871409714222,0.02864709310233593,0.010242138057947159,0.010023062117397785,0.01790119707584381,0.006008881609886885,0.014685855247080326
repeat,36,3,31,0,0,0.017577914521098137,0.03975348919630051,0.4421728551387787,1160, 20,0.1609347015619278,0.03472023084759712,0.019946062937378883,0.02536235935986042,0.023239033296704292,0.028130603954195976,0.011299561709165573,0.018960779532790184,0.013665484264492989,0.006701617036014795,0.04573787748813629,0.017577914521098137,0.008420215919613838,0.009877332486212254,0.006969217211008072,0.010629868134856224
repeat,37,2,29,0,0,0.07535149902105331,0.1169767752289772,0.6441577672958374,2681, 27,0.00878628809005022,0.014262641780078411,0.016589445993304253,0.02938944287598133,0.017848733812570572,0.03068775311112404,0.03282684087753296,0.10802831500768661,0.0647038146853447,0.07535149902105331,0.054505202919244766,0.05105933919548988,0.0356304831802845,0.05291295796632767,0.031071294099092484,0.020503679290413857
repeat,38,2,22,0,0,0.046105097979307175,0.08576519787311554,0.537573516368866,1542, 30,0.031219126656651497,0.027079399675130844,0.046105097979307175,0.03813566640019417,0.02606227807700634,0.02594641223549843,0.019862260669469833,0.02996867522597313,0.040091659873723984,0.025170007720589638,0.09285815060138702,0.0343356691300869,0.028983768075704575,0.0299695897847414,0.023111753165721893,0.018673961982131004
repeat,39,0,32,1,1,0.20464135706424713,0.4041022062301636,0.5064098834991455,3933, 32,0.010151869617402554,0.005371580831706524,0.008105764165520668,0.012799724005162716,0.02650771290063858,0.012478251941502094,0.008448748849332333,0.009939728304743767,0.016569888219237328,0.010535837151110172,0.02216086909174919,0.026562374085187912,0.20464135706424713,0.06517617404460907,0.04175597056746483,0.025204068049788475
repeat,40,0,27,1,1,0.16518811881542206,0.26222771406173706,0.6299415230751038,2681, 27,0.01768380030989647,0.02064608223736286,0.016963839530944824,0.03233102336525917,0.03483995050191879,0.03180987015366554,0.05272483825683594,0.16518811881542206,0.10002362728118896,0.04019242525100708,0.03857196122407913,0.025549031794071198,0.01608630083501339,0.01624416559934616,0.01216353289783001,0.008922961540520191
repeat,41,2,24,0,0,0.04489409178495407,0.08200212568044662,0.54747474193573,2242, 23,0.01849576272070408,0.03369602560997009,0.03931178152561188,0.05753618851304054,0.04489409178495407,0.036184776574373245,0.029918693006038666,0.04238376021385193,0.04390232637524605,0.0499669574201107,0.0402563139796257,0.04718232527375221,0.019873054698109627,0.019814012572169304,0.014247344806790352,0.009811341762542725
repeat,42,3,33,1,1,0.10518154501914978,0.15481410920619965,0.6794053912162781,4747, 33,0.007140131201595068,0.010003806091845036,0.012056403793394566,0.019437935203313828,0.015717078000307083,0.021850988268852234,0.018807722255587578,0.03664436936378479,0.06418836116790771,0.09043174237012863,0.06317103654146194,0.057835593819618225,0.050282180309295654,0.10518154501914978,0.07733384519815445,0.02932262234389782
repeat,43,3,33,0,0,0.10347109287977219,0.2040250152349472,0.5071490406990051,3933, 32,0.006573232356458902,0.00554303452372551,0.009723802097141743,0.011653149500489235,0.01016064640134573,0.015079605393111706,0.013156981207430363,0.021813511848449707,0.01840796135365963,0.008420772850513458,0.01881820149719715,0.03435860201716423,0.1543315351009369,0.10347109287977219,0.04722384735941887,0.028413090854883194
repeat,44,0,25,1,1,0.24848946928977966,0.39472880959510803,0.6295194625854492,1679, 25,0.034187134355306625,0.023087743669748306,0.028409244492650032,0.035306815057992935,0.058407723903656006,0.24848946928977966,0.05104761943221092,0.03328682854771614,0.023451320827007294,0.015552734024822712,0.030131855979561806,0.00966782309114933,0.008472277782857418,0.01216193102300167,0.00630567641928792,0.011553226970136166
repeat,45,2,22,0,0,0.09846759587526321,0.1682511419057846,0.5852417945861816,2242, 23,0.030832575634121895,0.051941853016614914,0.09846759587526321,0.12692393362522125,0.0904272198677063,0.056427963078022,0.023611314594745636,0.021770523861050606,0.02254830300807953,0.012913772836327553,0.014546177349984646,0.009233281947672367,0.008320092223584652,0.00800465140491724,0.005436255596578121,0.0038362813647836447
repeat,46,3,34,1,1,0.1000230461359024,0.1926891952753067,0.5190900564193726,4974, 34,0.012158265337347984,0.021995630115270615,0.038453616201877594,0.05209515988826752,0.019295020028948784,0.023924898356199265,0.01519970316439867,0.021111715584993362,0.02172776497900486,0.01264549046754837,0.020280953496694565,0.018705084919929504,0.019959522411227226,0.05711852386593819,0.1000230461359024,0.0643957182765007
repeat,47,1,30,1,1,0.11059939861297607,0.15822528302669525,0.6989995241165161,1542, 30,0.01151583343744278,0.013872107490897179,0.012535654939711094,0.0191142987459898,0.02301793172955513,0.01892681233584881,0.024550363421440125,0.033765412867069244,0.04953259602189064,0.055299777537584305,0.11059939861297607,0.08653273433446884,0.058778345584869385,0.05077613517642021,0.09784220904111862,0.032339856028556824
repeat,48,0,33,1,1,0.19108524918556213,0.3465927839279175,0.5513249635696411,4747, 33,0.007476068567484617,0.008329855278134346,0.00913363229483366,0.019402990117669106,0.01385717373341322,0.016132347285747528,0.01172602642327547,0.02055596560239792,0.022129176184535027,0.015655582770705223,0.0214853473007679,0.028872458264231682,0.05450095981359482,0.19108524918556213,0.08148670941591263,0.029495425522327423
repeat,49,2,27,0,0,0.055309686809778214,0.10964860767126083,0.5044267177581787,1542, 30,0.02732810564339161,0.01492688711732626,0.01255551353096962,0.021732084453105927,0.01754983514547348,0.026187511160969734,0.01942560262978077,0.055309686809778214,0.03268451243638992,0.02093592844903469,0.11431539058685303,0.031928837299346924,0.029353244230151176,0.03097294270992279,0.018801812082529068,0.030418861657381058
repeat,50,2,23,1,1,0.10314994305372238,0.17266231775283813,0.5974085330963135,2242, 23,0.024972431361675262,0.07038187235593796,0.06259224563837051,0.10314994305372238,0.059191565960645676,0.043016355484724045,0.02649999037384987,0.035326022654771805,0.02700451947748661,0.020619012415409088,0.018714619800448418,0.03159558027982712,0.02160722203552723,0.029417531564831734,0.016408085823059082,0.006911564152687788
repeat,51,1,21,1,1,0.08300019800662994,0.1637774109840393,0.506786584854126,2310, 21,0.06691883504390717,0.08300019800662994,0.0467439703643322,0.0329764299094677,0.02239927463233471,0.023740436881780624,0.012944926507771015,0.022464992478489876,0.02304972894489765,0.018571065738797188,0.07348362356424332,0.03358529508113861,0.00878722220659256,0.010703266598284245,0.01074138656258583,0.016675978899002075
repeat,52,0,22,1,1,0.30640530586242676,0.4434239864349365,0.6909984946250916,2534, 22,0.02245585061609745,0.05738198012113571,0.30640530586242676,0.1385287493467331,0.04783482477068901,0.017363395541906357,0.013986410573124886,0.011467400938272476,0.014959505759179592,0.010463516227900982,0.010915422812104225,0.01437040138989687,0.011908573098480701,0.007951240055263042,0.002708164509385824,0.002297758124768734
repeat,53,2,28,0,0,0.08736198395490646,0.1736418455839157,0.5031159520149231,1542, 30,0.042281609028577805,0.011221389286220074,0.013186567462980747,0.012423410080373287,0.016875142231583595,0.029782207682728767,0.01586168259382248,0.03332981839776039,0.08736198395490646,0.02555934153497219,0.15122461318969727,0.016625691205263138,0.013494336046278477,0.011662346310913563,0.009532628580927849,0.012693206779658794
repeat,54,0,22,0,0,0.1635769158601761,0.21800684928894043,0.7503292560577393,2242, 23,0.022722264751791954,0.0799793228507042,0.1635769158601761,0.25949952006340027,0.08111122995615005,0.03162096068263054,0.019459716975688934,0.014737008139491081,0.016407491639256477,0.021173987537622452,0.00968883465975523,0.010171488858759403,0.004860417451709509,0.007568156812340021,0.005408965516835451,0.002343039261177182
repeat,55,1,28,1,1,0.14208084344863892,0.2549121379852295,0.5573718547821045,2579, 28,0.017916690558195114,0.024500425904989243,0.024731047451496124,0.0294329971075058,0.03013649769127369,0.02761811949312687,0.03339218348264694,0.06041102483868599,0.14208084344863892,0.03827498480677605,0.031235793605446815,0.021466389298439026,0.017637573182582855,0.021631451323628426,0.02739817462861538,0.009507644921541214
repeat,56,2,24,1,1,0.11040625721216202,0.2092391699552536,0.5276557803153992,1987, 24,0.02280518226325512,0.01975914277136326,0.027386009693145752,0.03848075866699219,0.11040625721216202,0.08420181274414062,0.026726318523287773,0.02703970856964588,0.048222616314888,0.010584297589957714,0.030386721715331078,0.01577380672097206,0.02758164517581463,0.018902268260717392,0.010835793800652027,0.00856345146894455
repeat,57,3,25,1,1,0.205283060669899,0.36732596158981323,0.5588580369949341,1679, 25,0.015811022371053696,0.01440686546266079,0.015410389751195908,0.027296284213662148,0.030984122306108475,0.205283060669899,0.03719364479184151,0.038708627223968506,0.03480052575469017,0.019071441143751144,0.030007021501660347,0.015579914674162865,0.008373946882784367,0.036568429321050644,0.012697244994342327,0.01666552945971489
repeat,58,3,22,1,1,0.08430563658475876,0.15557606518268585,0.5418933629989624,2534, 22,0.034570466727018356,0.06332629919052124,0.08430563658475876,0.0601944662630558,0.022135185077786446,0.027511976659297943,0.017153359949588776,0.025763999670743942,0.02400369755923748,0.016594432294368744,0.0264664888381958,0.03048413246870041,0.02926892600953579,0.03511594235897064,0.023002905771136284,0.021995460614562035
repeat,59,2,32,0,0,0.060498956590890884,0.12046904116868973,0.5021950602531433,2534, 22,0.05194765701889992,0.03830380365252495,0.11462830752134323,0.05664391070604324,0.033187136054039,0.01990239880979061,0.014143742620944977,0.013379383832216263,0.02363252080976963,0.006038203369826078,0.016392763704061508,0.016960419714450836,0.060498956590890884,0.019502567127346992,0.010408274829387665,0.006624993868172169
repeat,60,1,28,1,1,0.12098556756973267,0.18327489495277405,0.6601316928863525,2579, 28,0.010631941258907318,0.01836249977350235,0.01898474618792534,0.015666306018829346,0.019827650859951973,0.02238144725561142,0.03451569005846977,0.08025261759757996,0.12098556756973267,0.07229451090097427,0.07002107799053192,0.11181996762752533,0.030699359253048897,0.016589388251304626,0.01017964817583561,0.006919286213815212
repeat,61,3,27,1,1,0.15437941253185272,0.28458040952682495,0.5424808263778687,2681, 27,0.006481683813035488,0.024286258965730667,0.015475611202418804,0.053231749683618546,0.01445790845900774,0.017887083813548088,0.03403396159410477,0.15437941253185272,0.03904812037944794,0.04378256946802139,0.021452998742461205,0.07146847248077393,0.011349614709615707,0.019434919580817223,0.010616520419716835,0.005093978717923164
repeat,62,0,24,1,1,0.2685815989971161,0.43537384271621704,0.616898775100708,1987, 24,0.022816918790340424,0.02606847696006298,0.02930421009659767,0.04456442594528198,0.2685815989971161,0.0510910265147686,0.02893674373626709,0.021232686936855316,0.026030316948890686,0.01081980299204588,0.01770244725048542,0.014086082577705383,0.02781715616583824,0.007264404091984034,0.012088056653738022,0.00849437527358532
repeat,63,1,20,1,1,0.2829545736312866,0.5348555445671082,0.529029905796051,1160, 20,0.2829545736312866,0.0983971580862999,0.027422895655035973,0.025488896295428276,0.01466140616685152,0.022728484123945236,0.008482911624014378,0.013162468560039997,0.0073928325437009335,0.0028511914424598217,0.011941485106945038,0.004383652005344629,0.0028932641725987196,0.0022254283539950848,0.0014579135458916426,0.002585365902632475
one_demo,0,1,31,1,1,0.12149862200021744,0.23368358612060547,0.5199279189109802,3261, 31,0.013174112886190414,0.027333058416843414,0.026690520346164703,0.05087510496377945,0.032323382794857025,0.01866457238793373,0.03280035778880119,0.03885996341705322,0.01830999180674553,0.025701727718114853,0.03442329540848732,0.12149862200021744,0.03151925653219223,0.025107497349381447,0.016096988692879677,0.006549481768161058
one_demo,1,0,25,1,1,0.32853126525878906,0.5131453275680542,0.6402304172515869,1679, 25,0.02605973184108734,0.017200792208313942,0.022718260064721107,0.027769239619374275,0.03945359215140343,0.32853126525878906,0.041364047676324844,0.030588025227189064,0.02036358416080475,0.008731847628951073,0.02179333195090294,0.00690514175221324,0.007751821540296078,0.02165411226451397,0.0056345220655202866,0.013711157254874706
one_demo,2,1,32,1,1,0.18946434557437897,0.2917707860469818,0.6493602395057678,3933, 32,0.015296121127903461,0.016211239621043205,0.02606090158224106,0.024106808006763458,0.16031856834888458,0.018092120066285133,0.01724334992468357,0.015070010907948017,0.03005455620586872,0.007964516058564186,0.02712511271238327,0.03293452039361,0.18946434557437897,0.029097003862261772,0.03050689399242401,0.009814176708459854
one_demo,3,1,28,1,0,0.09919074922800064,0.23811961710453033,0.41655850410461426,362, 2,0.014312040992081165,0.013358416967093945,0.031244156882166862,0.016643093898892403,0.05369260162115097,0.024982716888189316,0.03997103124856949,0.0362991988658905,0.09919074922800064,0.022863944992423058,0.020325377583503723,0.010401641018688679,0.01730343885719776,0.0062354132533073425,0.007067265920341015,0.002667411230504513
one_demo,4,3,27,0,0,0.06817469000816345,0.12406694889068604,0.5494992136955261,1679, 25,0.02665119245648384,0.0214069951325655,0.05394132435321808,0.042825035750865936,0.029499731957912445,0.15889352560043335,0.05418054386973381,0.06817469000816345,0.024368971586227417,0.009476855397224426,0.01311902143061161,0.0056423344649374485,0.007185779046267271,0.011561078019440174,0.004560734145343304,0.01801137439906597
one_demo,5,1,25,1,1,0.46189239621162415,0.6016248464584351,0.7677415609359741,1679, 25,0.024637537077069283,0.010751769877970219,0.01809423789381981,0.03055146150290966,0.03700197488069534,0.46189239621162415,0.044079605489969254,0.027582630515098572,0.010829485952854156,0.007454753387719393,0.022214051336050034,0.00601006718352437,0.00822356715798378,0.0243441853672266,0.00852893851697445,0.025544818490743637
one_demo,6,2,32,1,1,0.3809923827648163,0.6043151021003723,0.6304531693458557,3933, 32,0.006415658164769411,0.0036120617296546698,0.010212378576397896,0.0052634235471487045,0.013981902040541172,0.005432947538793087,0.013545108959078789,0.008699131198227406,0.016572659835219383,0.005705638322979212,0.028872791677713394,0.07000919431447983,0.3809923827648163,0.03525659069418907,0.02150445245206356,0.00437686825171113
one_demo,7,0,28,1,1,0.2369852066040039,0.3867863118648529,0.6127032041549683,2579, 28,0.015866363421082497,0.009963367134332657,0.021904248744249344,0.011977472342550755,0.03261582553386688,0.012832121923565865,0.0271390862762928,0.044353924691677094,0.2369852066040039,0.04778417944908142,0.04243144392967224,0.014264244586229324,0.03213516250252724,0.017574526369571686,0.035956189036369324,0.008919800631701946
one_demo,8,1,30,1,1,0.13591918349266052,0.26081278920173645,0.5211369395256042,1542, 30,0.02319491282105446,0.007623120676726103,0.0205646101385355,0.020044447854161263,0.07335647195577621,0.02977195382118225,0.023029515519738197,0.01816566102206707,0.030059073120355606,0.015701649710536003,0.13591918349266052,0.02363687753677368,0.06860776245594025,0.01181412860751152,0.011754072271287441,0.007893478497862816
one_demo,9,2,22,1,0,0.1698734313249588,0.38107022643089294,0.44577986001968384,362, 2,0.016638129949569702,0.023576032370328903,0.1698734313249588,0.06185825541615486,0.04884587600827217,0.012987579219043255,0.013204186223447323,0.00818191934376955,0.012650090269744396,0.00428477767854929,0.006827701348811388,0.005189210642129183,0.035120416432619095,0.016223594546318054,0.0077871945686638355,0.0025315096136182547
one_demo,10,2,25,1,1,0.12135869264602661,0.28010427951812744,0.43326255679130554,1679, 25,0.02604379691183567,0.02155321277678013,0.03261593356728554,0.042695917189121246,0.03346488997340202,0.12135869264602661,0.02748130075633526,0.0249785203486681,0.012286835350096226,0.010212757624685764,0.01708228327333927,0.010680689476430416,0.00939781591296196,0.017045050859451294,0.008434050716459751,0.017930785194039345
one_demo,11,1,27,1,1,0.15245197713375092,0.2581899166107178,0.5904644727706909,2681, 27,0.007489871233701706,0.010727189481258392,0.01696169003844261,0.01619088649749756,0.01880928874015808,0.01717446558177471,0.10275828093290329,0.15245197713375092,0.05123164504766464,0.01933940500020981,0.019648902118206024,0.041760172694921494,0.07810701429843903,0.021193724125623703,0.01232132501900196,0.004298676270991564
one_demo,12,3,33,1,1,0.11301559954881668,0.1897515505552292,0.5955977439880371,4747, 33,0.0108487568795681,0.01897374540567398,0.019197696819901466,0.028136959299445152,0.019331444054841995,0.04534512013196945,0.027524199336767197,0.05972430109977722,0.03785143792629242,0.02231053076684475,0.030791791155934334,0.06035275384783745,0.060102783143520355,0.11301559954881668,0.029628900811076164,0.012461717240512371
one_demo,13,1,20,1,1,0.4029718339443207,0.5928382873535156,0.679733157157898,1160, 20,0.4029718339443207,0.07925789058208466,0.031171204522252083,0.02710391953587532,0.025641515851020813,0.017583386972546577,0.009548841044306755,0.01026866864413023,0.006951946299523115,0.0034130667336285114,0.028189642354846,0.012988144531846046,0.009578610770404339,0.004770349245518446,0.005115963518619537,0.005178165156394243
one_demo,14,3,30,1,1,0.13593731820583344,0.24389216303825378,0.5573664903640747,1542, 30,0.013370982371270657,0.008560937829315662,0.01762981340289116,0.016797859221696854,0.018019823357462883,0.012323001399636269,0.02692042849957943,0.047771669924259186,0.1172139123082161,0.08837246149778366,0.13593731820583344,0.023951197043061256,0.014971134252846241,0.006047777831554413,0.006426244042813778,0.003051937557756901
one_demo,15,3,24,1,1,0.23735688626766205,0.43668773770332336,0.5435391664505005,1987, 24,0.015543747693300247,0.01624651625752449,0.028409726917743683,0.039629414677619934,0.23735688626766205,0.034681614488363266,0.050682924687862396,0.0199457798153162,0.03346513584256172,0.011223964393138885,0.023772375658154488,0.006134104449301958,0.011296299286186695,0.0035362527705729008,0.009549085050821304,0.0020653235260397196
one_demo,16,1,24,1,1,0.2244337499141693,0.45129022002220154,0.49731579422950745,1987, 24,0.021680697798728943,0.035935740917921066,0.03642042353749275,0.04569678008556366,0.2244337499141693,0.025793258100748062,0.015302767977118492,0.011005867272615433,0.013620119541883469,0.006517776753753424,0.009155425243079662,0.008442483842372894,0.017727700993418694,0.007417344022542238,0.013757768087089062,0.004407860804349184
one_demo,17,0,21,1,1,0.3202669024467468,0.5569637417793274,0.5750228762626648,2310, 21,0.055598024278879166,0.3202669024467468,0.08778485655784607,0.02513735368847847,0.016670644283294678,0.007748311851173639,0.008880908600986004,0.007679220754653215,0.0064271059818565845,0.003807934233918786,0.005031547509133816,0.01242112834006548,0.005949455313384533,0.004730814602226019,0.004604613874107599,0.0022840448655188084
one_demo,18,3,34,1,1,0.1647668182849884,0.3280106484889984,0.5023215413093567,4974, 34,0.005575217772275209,0.009880381636321545,0.01220138743519783,0.010733729228377342,0.013689740560948849,0.009907707571983337,0.015729889273643494,0.021485453471541405,0.04407721385359764,0.01607762649655342,0.01639898121356964,0.013555669225752354,0.034948911517858505,0.08269334584474564,0.1647668182849884,0.030599486082792282
one_demo,19,3,26,1,1,0.2773668169975281,0.4491727352142334,0.6175059080123901,2608, 26,0.008140571415424347,0.014532080851495266,0.0191632192581892,0.012622800655663013,0.022334273904561996,0.05237916484475136,0.2773668169975281,0.05903903767466545,0.020834673196077347,0.009700784459710121,0.015872450545430183,0.04676932841539383,0.03513111546635628,0.009269415400922298,0.010912461206316948,0.0034377689007669687
one_demo,20,1,34,1,1,0.18103301525115967,0.2810101807117462,0.6442222595214844,4974, 34,0.017560575157403946,0.01517748087644577,0.018287714570760727,0.015308194793760777,0.05281480774283409,0.020528826862573624,0.06753983348608017,0.031185442581772804,0.04513838142156601,0.015234094113111496,0.029317030683159828,0.025646965950727463,0.05288415774703026,0.03623485937714577,0.18103301525115967,0.020330876111984253
one_demo,21,1,20,1,1,0.17464303970336914,0.38628098368644714,0.4521139860153198,1160, 20,0.17464303970336914,0.03002643771469593,0.05654019117355347,0.027502352371811867,0.015825476497411728,0.025745360180735588,0.014810055494308472,0.029866505414247513,0.013746789656579494,0.004036168102174997,0.01806430146098137,0.004730834160000086,0.008747329004108906,0.0064619434997439384,0.004955942742526531,0.016411257907748222
one_demo,22,1,21,1,1,0.30819475650787354,0.5285959243774414,0.583044171333313,2310, 21,0.05853528156876564,0.30819475650787354,0.07600615173578262,0.023530881851911545,0.019508380442857742,0.00683201290667057,0.0107372822239995,0.009339822456240654,0.007234565913677216,0.003863530931994319,0.006438091862946749,0.025338346138596535,0.012369289994239807,0.006274096667766571,0.00657650176435709,0.0022651958279311657
one_demo,23,0,29,1,1,0.20909671485424042,0.33791041374206543,0.6187933683395386,2808, 29,0.010540743358433247,0.011544988490641117,0.021156219765543938,0.03158237412571907,0.028095515444874763,0.022803187370300293,0.02119855023920536,0.03724323958158493,0.07687544822692871,0.20909671485424042,0.06632135808467865,0.029657579958438873,0.015156393870711327,0.015453440137207508,0.01437301468104124,0.0076946113258600235
one_demo,24,2,25,1,1,0.1847873479127884,0.3195751905441284,0.5782280564308167,1679, 25,0.024139905348420143,0.021910319104790688,0.0522674098610878,0.0688931792974472,0.0553048774600029,0.1847873479127884,0.05249600484967232,0.050298452377319336,0.02881595864892006,0.009766210801899433,0.008483866229653358,0.0038495620246976614,0.004540878348052502,0.006320760119706392,0.0028098321054130793,0.0035435156896710396
one_demo,25,3,20,1,0,0.08082426339387894,0.20334042608737946,0.3974825143814087,362, 2,0.08082426339387894,0.023171737790107727,0.025620417669415474,0.008609176613390446,0.02769361063838005,0.015531271696090698,0.07057797908782959,0.02032657153904438,0.027504947036504745,0.00571921793743968,0.042689643800258636,0.008370442315936089,0.01817147806286812,0.003730065654963255,0.014911684207618237,0.004030025098472834
one_demo,26,3,24,1,1,0.14931294322013855,0.31839463114738464,0.4689556062221527,1987, 24,0.013936455361545086,0.014426535926759243,0.03159422427415848,0.03206924349069595,0.14931294322013855,0.0271898340433836,0.03946089372038841,0.01802190952003002,0.02466876246035099,0.007422518916428089,0.015719708055257797,0.01668000966310501,0.04863039404153824,0.009915809147059917,0.017005877569317818,0.0029004975222051144
one_demo,27,2,33,1,1,0.07496508955955505,0.1548718959093094,0.4840458035469055,4747, 33,0.016232140362262726,0.05618739500641823,0.02503249980509281,0.027246009558439255,0.01730567216873169,0.018670540302991867,0.02514735236763954,0.036970242857933044,0.018156126141548157,0.014791714958846569,0.017195383086800575,0.06315680593252182,0.032638076692819595,0.07496508955955505,0.03186888247728348,0.00848186295479536
one_demo,28,0,29,1,1,0.24246090650558472,0.3766034245491028,0.6438096165657043,2808, 29,0.0075986082665622234,0.010935110971331596,0.015962043777108192,0.025046000257134438,0.0187485720962286,0.020631534978747368,0.026434076949954033,0.03842674568295479,0.07912375777959824,0.24246090650558472,0.06438411772251129,0.03047887049615383,0.016825098544359207,0.019620772451162338,0.018680037930607796,0.008453351445496082
one_demo,29,2,27,1,1,0.21243327856063843,0.3282025158405304,0.6472628116607666,2681, 27,0.011399609036743641,0.015426937490701675,0.013479451648890972,0.028269466012716293,0.018061252310872078,0.025385478511452675,0.05660790950059891,0.21243327856063843,0.0540989525616169,0.02647295594215393,0.029478687793016434,0.029898626729846,0.02847466990351677,0.03819485381245613,0.0368911549448967,0.022689519450068474
one_demo,30,3,34,1,1,0.10868903994560242,0.2314056158065796,0.46969059109687805,4974, 34,0.008510196581482887,0.012513509020209312,0.013921963982284069,0.04256583750247955,0.04502713680267334,0.014819853007793427,0.02786981873214245,0.038604360073804855,0.02675556018948555,0.013917503878474236,0.014174473471939564,0.014985853806138039,0.02358073554933071,0.05372130125761032,0.10868903994560242,0.01003343053162098
one_demo,31,0,22,1,1,0.2912135720252991,0.44723889231681824,0.6511365175247192,2534, 22,0.028072144836187363,0.06082968786358833,0.2912135720252991,0.09815199673175812,0.05015408620238304,0.01750715635716915,0.026226872578263283,0.01585143245756626,0.02346947230398655,0.008138727396726608,0.00781715102493763,0.004524150397628546,0.008069847710430622,0.004691755399107933,0.003932090010493994,0.0024863414000719786
one_demo,32,2,20,1,1,0.2706405520439148,0.444375216960907,0.6090360879898071,1160, 20,0.2706405520439148,0.14576366543769836,0.047368768602609634,0.025032151490449905,0.01730477251112461,0.023443160578608513,0.012949012219905853,0.015651460736989975,0.00756099121645093,0.0030603285413235426,0.012297162786126137,0.01348139252513647,0.005183837376534939,0.0034805824980139732,0.0025375273544341326,0.0032806990202516317
one_demo,33,0,29,1,1,0.19554054737091064,0.33802640438079834,0.578477144241333,2808, 29,0.009249970316886902,0.010670231655240059,0.017650047317147255,0.024228785187005997,0.02729025110602379,0.03019418939948082,0.028126904740929604,0.03876892104744911,0.06768949329853058,0.19554054737091064,0.05837336555123329,0.026952970772981644,0.011204169131815434,0.012284922413527966,0.011533224023878574,0.00871916115283966
one_demo,34,0,25,1,1,0.254854679107666,0.424752801656723,0.6000070571899414,1679, 25,0.031288985162973404,0.02143774926662445,0.02410825900733471,0.03197384625673294,0.05032649263739586,0.254854679107666,0.03839636594057083,0.028874067589640617,0.016565050929784775,0.0095030777156353,0.022998996078968048,0.009451018646359444,0.011010650545358658,0.024392811581492424,0.00901781301945448,0.015807203948497772
one_demo,35,0,25,1,1,0.3609088063240051,0.5545909404754639,0.6507657766342163,1679, 25,0.02518135868012905,0.018153788521885872,0.025604069232940674,0.028843708336353302,0.03314221650362015,0.3609088063240051,0.04755015671253204,0.02686356008052826,0.014099190011620522,0.007878455333411694,0.01381573174148798,0.005193533841520548,0.00773952342569828,0.019557472318410873,0.004831312689930201,0.011402898468077183
one_demo,36,3,31,0,0,0.03845997154712677,0.10194159299135208,0.3772745728492737,362, 2,0.05693650245666504,0.04618322104215622,0.01822022721171379,0.018888309597969055,0.023695223033428192,0.01158678438514471,0.023798128589987755,0.02861025743186474,0.01644403487443924,0.008909960277378559,0.025946397334337234,0.03845997154712677,0.021559609100222588,0.012652791105210781,0.01952449604868889,0.005858650431036949
one_demo,37,2,29,1,1,0.11570511758327484,0.21735848486423492,0.5323238968849182,2808, 29,0.006444896105676889,0.01247376762330532,0.015213378705084324,0.030787255614995956,0.01587260514497757,0.017317848280072212,0.01798437163233757,0.06605769693851471,0.05527586489915848,0.11570511758327484,0.03491795063018799,0.029734129086136818,0.02481462061405182,0.04710640385746956,0.028456181287765503,0.014161832630634308
one_demo,38,2,22,1,1,0.1418832242488861,0.267451673746109,0.5305004119873047,2534, 22,0.02734963223338127,0.05001818388700485,0.1418832242488861,0.04680240526795387,0.03374601900577545,0.012073341757059097,0.026652155444025993,0.02130153961479664,0.04169239476323128,0.012956560589373112,0.024953855201601982,0.012609965167939663,0.027532611042261124,0.01586913876235485,0.027586860582232475,0.007472524885088205
one_demo,39,0,32,1,1,0.28299379348754883,0.4665161371231079,0.6066109538078308,3933, 32,0.008752599358558655,0.005906691774725914,0.013807643204927444,0.012445079162716866,0.02307657152414322,0.00948202982544899,0.010688785463571548,0.010956129059195518,0.018274301663041115,0.00903305597603321,0.025581663474440575,0.03936253488063812,0.28299379348754883,0.0681266114115715,0.04427472501993179,0.02384873479604721
one_demo,40,0,27,1,1,0.26223692297935486,0.4141393005847931,0.6332094669342041,2681, 27,0.013592681847512722,0.022473208606243134,0.016957715153694153,0.04222126305103302,0.026019306853413582,0.025305893272161484,0.061475642025470734,0.26223692297935486,0.06757654249668121,0.02736303023993969,0.01710585132241249,0.0164578165858984,0.009580881334841251,0.012449578382074833,0.007126971613615751,0.005266177002340555
one_demo,41,2,24,1,1,0.08466918021440506,0.21197696030139923,0.39942634105682373,1987, 24,0.015558845363557339,0.05788315460085869,0.03075699508190155,0.04603453725576401,0.08466918021440506,0.02001243084669113,0.018456581979990005,0.017617305740714073,0.014173625968396664,0.018014458939433098,0.015442007221281528,0.032068707048892975,0.011732611805200577,0.006590442731976509,0.00780606921762228,0.0026093649212270975
one_demo,42,3,33,1,1,0.17220523953437805,0.2572464942932129,0.6694172620773315,4747, 33,0.005424072965979576,0.007703753188252449,0.009498070925474167,0.018353883177042007,0.014023537747561932,0.012134693562984467,0.013600585050880909,0.032990552484989166,0.04453475773334503,0.05025318264961243,0.040787652134895325,0.056408997625112534,0.07626534253358841,0.17220523953437805,0.09589492529630661,0.01933799870312214
one_demo,43,3,33,1,1,0.16593265533447266,0.31696993112564087,0.5234965085983276,4747, 33,0.005241275765001774,0.005995322484523058,0.012000237591564655,0.013051102869212627,0.007359702605754137,0.01724155806005001,0.017542092129588127,0.027554664760828018,0.01333565078675747,0.0072711859829723835,0.01386720035225153,0.023383021354675293,0.11493906378746033,0.16593265533447266,0.052094850689172745,0.026686938479542732
one_demo,44,0,25,1,1,0.2874823212623596,0.43774765729904175,0.6567307114601135,1679, 25,0.029614316299557686,0.024433407932519913,0.03578278422355652,0.042348116636276245,0.07746696472167969,0.2874823212623596,0.05192401632666588,0.030604302883148193,0.02105102688074112,0.010458129458129406,0.0153780123218894,0.004942634142935276,0.0059532281011343,0.008404881693422794,0.004021952394396067,0.006864577066153288
one_demo,45,2,22,1,1,0.317342072725296,0.5393249988555908,0.5884060263633728,2534, 22,0.034011419862508774,0.07225144654512405,0.317342072725296,0.07566170394420624,0.02630585990846157,0.01596955768764019,0.01521038357168436,0.006027696188539267,0.008154959417879581,0.0036725045647472143,0.0038543641567230225,0.0024699331261217594,0.00339970039203763,0.0016185863642022014,0.0014022132381796837,0.0010536843910813332
one_demo,46,3,34,1,1,0.20384325087070465,0.39243414998054504,0.5194330215454102,4974, 34,0.009089378640055656,0.013232436031103134,0.024886082857847214,0.03000369295477867,0.02283884398639202,0.01017077174037695,0.01402045413851738,0.012436985038220882,0.016447190195322037,0.009820316918194294,0.013995658606290817,0.0127803860232234,0.025798186659812927,0.055034708231687546,0.20384325087070465,0.04503469169139862
one_demo,47,1,30,1,1,0.23107539117336273,0.37462058663368225,0.6168251037597656,1542, 30,0.030906427651643753,0.011922764591872692,0.016400761902332306,0.02114045061171055,0.02073282189667225,0.01794550009071827,0.02239871956408024,0.03671013563871384,0.04492606967687607,0.049433570355176926,0.23107539117336273,0.038525935262441635,0.027744531631469727,0.015362954698503017,0.01937471702694893,0.012224330566823483
one_demo,48,0,33,1,1,0.24035313725471497,0.43414217233657837,0.5536277294158936,4747, 33,0.008004424162209034,0.008868340402841568,0.010643530637025833,0.02049216628074646,0.009279062040150166,0.013002577237784863,0.009836449287831783,0.02322208136320114,0.017103305086493492,0.011252793483436108,0.02079804427921772,0.02855057641863823,0.06302214413881302,0.24035313725471497,0.05271807312965393,0.016480999067425728
one_demo,49,2,27,1,1,0.2083713561296463,0.3028675615787506,0.6879949569702148,2681, 27,0.01562516950070858,0.016863415017724037,0.016361799091100693,0.027155697345733643,0.018867693841457367,0.031982097774744034,0.06213061511516571,0.2083713561296463,0.052888307720422745,0.021397193893790245,0.04498995095491409,0.0406506173312664,0.05111192911863327,0.04049398750066757,0.0215075071901083,0.017597630620002747
one_demo,50,2,23,1,1,0.13495689630508423,0.2869107127189636,0.47037941217422485,2242, 23,0.02232586406171322,0.03468519449234009,0.08457379788160324,0.13495689630508423,0.048279959708452225,0.026220938190817833,0.017679547891020775,0.020908024162054062,0.010615738108754158,0.007358357775956392,0.00864965096116066,0.01036761049181223,0.019415702670812607,0.016270022839307785,0.005335648078471422,0.0027364748530089855
one_demo,51,1,21,1,1,0.25612133741378784,0.4458255469799042,0.5744878053665161,2310, 21,0.05800053849816322,0.25612133741378784,0.06201033294200897,0.030378157272934914,0.020026108250021935,0.013949365355074406,0.012510046362876892,0.015899106860160828,0.012322299182415009,0.014322718605399132,0.019460085779428482,0.026611369103193283,0.005126362666487694,0.006410698406398296,0.012178183533251286,0.009161069057881832
one_demo,52,0,22,1,1,0.3485232889652252,0.5809745788574219,0.5998942255973816,2534, 22,0.03130403906106949,0.05616941675543785,0.3485232889652252,0.059731848537921906,0.022482866421341896,0.00814089085906744,0.014209873043000698,0.006778242997825146,0.010658467188477516,0.005225207190960646,0.007817558944225311,0.00890942383557558,0.012698252685368061,0.0038342936895787716,0.002011456061154604,0.00139915372710675
one_demo,53,2,28,1,1,0.14325247704982758,0.3248809576034546,0.4409383535385132,2579, 28,0.05580052733421326,0.011261394247412682,0.027042726054787636,0.009635320864617825,0.020192041993141174,0.013198893517255783,0.02237205021083355,0.031461670994758606,0.14325247704982758,0.016785575076937675,0.05653414875268936,0.005285604856908321,0.01318681426346302,0.004607162903994322,0.006164617836475372,0.004157337360084057
one_demo,54,0,22,1,1,0.4548305869102478,0.6102598905563354,0.7453063726425171,2534, 22,0.023999439552426338,0.059518031775951385,0.4548305869102478,0.10293370485305786,0.0277465358376503,0.012313954532146454,0.01807265728712082,0.007348287384957075,0.012758849188685417,0.006426427513360977,0.005432609003037214,0.0034741584677249193,0.005572652444243431,0.002388371154665947,0.0014513639034703374,0.0010386684443801641
one_demo,55,1,28,1,1,0.22605806589126587,0.3789626359939575,0.5965180993080139,2579, 28,0.020435180515050888,0.029998235404491425,0.048030029982328415,0.030647363513708115,0.030035335570573807,0.015648843720555305,0.034894805401563644,0.07269372791051865,0.22605806589126587,0.037560250610113144,0.017801593989133835,0.008372388780117035,0.009256789460778236,0.006023324094712734,0.006937777623534203,0.0021244108211249113
one_demo,56,2,24,1,1,0.23490002751350403,0.46014899015426636,0.510486900806427,1987, 24,0.01374414935708046,0.011092203669250011,0.031354278326034546,0.02556251920759678,0.23490002751350403,0.022211473435163498,0.023415645584464073,0.013187200762331486,0.045095596462488174,0.00536793377250433,0.011889126151800156,0.0070608616806566715,0.04538968577980995,0.00699683278799057,0.011179713532328606,0.0020396774634718895
one_demo,57,3,25,1,1,0.33337560296058655,0.5578818917274475,0.5975738167762756,1679, 25,0.020395241677761078,0.014615464024245739,0.021891586482524872,0.03230556845664978,0.036865416914224625,0.33337560296058655,0.04081781953573227,0.026698000729084015,0.015294337645173073,0.008305306546390057,0.011983891017735004,0.004623868968337774,0.004119871184229851,0.015094717964529991,0.004496848676353693,0.0066902730613946915
one_demo,58,3,22,1,1,0.24138925969600677,0.4653225839138031,0.5187568068504333,2534, 22,0.028523104265332222,0.0688086673617363,0.24138925969600677,0.05626549571752548,0.012054427526891232,0.009811852127313614,0.012458349578082561,0.01025155559182167,0.011574601754546165,0.006862958427518606,0.008880243636667728,0.012650871649384499,0.018952127546072006,0.011469816789031029,0.0053972466848790646,0.0034061830956488848
one_demo,59,2,32,1,1,0.17306776344776154,0.409926176071167,0.4221925139427185,3933, 32,0.046217359602451324,0.011312578804790974,0.059033580124378204,0.016424329951405525,0.020955175161361694,0.006660680286586285,0.009148214012384415,0.007387115620076656,0.014044615440070629,0.0024032271467149258,0.01522273849695921,0.010948311537504196,0.17306776344776154,0.017892485484480858,0.008150756359100342,0.003323542419821024
one_demo,60,1,28,1,1,0.23525431752204895,0.3685525357723236,0.6383196115493774,2579, 28,0.011566279456019402,0.01515656616538763,0.03030846267938614,0.015226571820676327,0.024344246834516525,0.018175221979618073,0.06654715538024902,0.08586517721414566,0.23525431752204895,0.05812056362628937,0.02720276266336441,0.018868407234549522,0.015487845055758953,0.00626730639487505,0.00755520211532712,0.002373471623286605
one_demo,61,3,27,1,1,0.3327445387840271,0.518065333366394,0.6422829627990723,2681, 27,0.007448046933859587,0.019201062619686127,0.017208440229296684,0.06478957086801529,0.0157639067620039,0.016875341534614563,0.048553287982940674,0.3327445387840271,0.043742597103118896,0.03018816001713276,0.010456735268235207,0.01699368841946125,0.0062245954759418964,0.006909002084285021,0.003375100204721093,0.0018088504439219832
one_demo,62,0,24,1,1,0.31857821345329285,0.5599415302276611,0.5689490437507629,1987, 24,0.021625665947794914,0.021049415692687035,0.02984885312616825,0.03901171311736107,0.31857821345329285,0.020105116069316864,0.018986407667398453,0.0123007046058774,0.020953919738531113,0.006616320461034775,0.010991844348609447,0.006212044507265091,0.01929217018187046,0.005095329135656357,0.014480731450021267,0.003800534876063466
one_demo,63,1,20,1,1,0.36863046884536743,0.6305477023124695,0.5846194624900818,1160, 20,0.36863046884536743,0.0691685602068901,0.03777797147631645,0.023218996822834015,0.013320736587047577,0.022366318851709366,0.010447432287037373,0.016143690794706345,0.006828683894127607,0.0018407501047477126,0.007286420091986656,0.0018427453469485044,0.0020381466019898653,0.0012404118897393346,0.0007551887538284063,0.0017128902254626155
two_demo,0,1,31,1,1,0.3238285183906555,0.4240332245826721,0.7636866569519043,3261, 31,0.006868793163448572,0.019725052639842033,0.007938449271023273,0.022644581273198128,0.025678470730781555,0.026296647265553474,0.07482877373695374,0.055881068110466,0.01337865088135004,0.02570277638733387,0.04687955230474472,0.3238285183906555,0.04284222796559334,0.028563039377331734,0.03311500325798988,0.009515007957816124
two_demo,1,0,25,1,1,0.5121853351593018,0.6244209408760071,0.8202564716339111,1679, 25,0.01658773235976696,0.007808158174157143,0.005886896513402462,0.034298572689294815,0.0336315892636776,0.5121853351593018,0.019919367507100105,0.05403750389814377,0.010308361612260342,0.004852192010730505,0.01378574687987566,0.005097172223031521,0.0079340236261487,0.07152801007032394,0.006775465793907642,0.015620345249772072
two_demo,2,1,32,1,1,0.29155808687210083,0.3807690441608429,0.7657085061073303,3933, 32,0.024419846013188362,0.03521115332841873,0.02499055489897728,0.01809585653245449,0.0844336599111557,0.018771404400467873,0.010389197617769241,0.011148533783853054,0.016561156138777733,0.004513290245085955,0.03394915163516998,0.07289862632751465,0.29155808687210083,0.046801913529634476,0.04737311229109764,0.02459297887980938
two_demo,3,1,28,0,0,0.15175065398216248,0.20628176629543304,0.735647439956665,1987, 24,0.011779503896832466,0.01556036900728941,0.019055072218179703,0.025966627523303032,0.19091680645942688,0.06626157462596893,0.048345040529966354,0.05358335003256798,0.15175065398216248,0.040448687970638275,0.03714952990412712,0.027702555060386658,0.027065781876444817,0.007962752133607864,0.009236672893166542,0.0028624359983950853
two_demo,4,3,27,0,0,0.13193097710609436,0.1839493364095688,0.7172136902809143,1679, 25,0.04419538751244545,0.021814966574311256,0.05803969129920006,0.0646127387881279,0.015456387773156166,0.24696892499923706,0.03802214562892914,0.13193097710609436,0.022253716364502907,0.007453265134245157,0.015951648354530334,0.004880890250205994,0.004531960003077984,0.010882562026381493,0.002195060485973954,0.0280233696103096
two_demo,5,1,25,1,1,0.5665874481201172,0.6717235445976257,0.8434830904006958,1679, 25,0.019850045442581177,0.004251089878380299,0.005583264399319887,0.016239993274211884,0.016240984201431274,0.5665874481201172,0.018455753102898598,0.019718123599886894,0.005366096738725901,0.004089356400072575,0.027095800265669823,0.0048459419049322605,0.008325516246259212,0.051502812653779984,0.010250096209347248,0.06508082151412964
two_demo,6,2,32,1,1,0.6572755575180054,0.7715349197387695,0.851906418800354,3933, 32,0.0031050073448568583,0.0012573726708069444,0.002992168301716447,0.0015727250138297677,0.006318877916783094,0.0029624116141349077,0.006489486433565617,0.003427345771342516,0.007983909919857979,0.0024852545466274023,0.02950717695057392,0.07951908558607101,0.6572755575180054,0.03128060698509216,0.013101324439048767,0.0026281580794602633
two_demo,7,0,28,1,1,0.19857285916805267,0.2893081307411194,0.6863715052604675,2579, 28,0.051880721002817154,0.010698026046156883,0.01719795912504196,0.007597272749990225,0.03922262042760849,0.0112556591629982,0.01636364869773388,0.022167354822158813,0.19857285916805267,0.014614437706768513,0.06514154374599457,0.012285764329135418,0.10186465829610825,0.02940508723258972,0.07671452313661575,0.011389380320906639
two_demo,8,1,30,1,1,0.2877040505409241,0.3662055730819702,0.7856353521347046,1542, 30,0.02741030789911747,0.003614758374169469,0.00932901818305254,0.013379321433603764,0.062401968985795975,0.1410870999097824,0.02132503129541874,0.015662789344787598,0.0197805967181921,0.010769960470497608,0.2877040505409241,0.02883026748895645,0.09842254966497421,0.018161669373512268,0.009026968851685524,0.018729036673903465
two_demo,9,2,22,1,1,0.24429771304130554,0.3439633250236511,0.7102434635162354,2534, 22,0.022092433646321297,0.02987550012767315,0.24429771304130554,0.14781048893928528,0.06420420110225677,0.030191708356142044,0.011391661129891872,0.008137527853250504,0.00949589442461729,0.0033356621861457825,0.008248413912951946,0.005652634426951408,0.058492496609687805,0.05170142650604248,0.01114051602780819,0.004175184294581413
two_demo,10,2,25,1,1,0.42767250537872314,0.5670163631439209,0.7542507648468018,1679, 25,0.028816252946853638,0.014348690398037434,0.01609799452126026,0.08443759381771088,0.03562406450510025,0.42767250537872314,0.016693351790308952,0.025177739560604095,0.004439932759851217,0.007011477369815111,0.027101773768663406,0.01468895934522152,0.00597686180844903,0.019949473440647125,0.0036422275006771088,0.022571934387087822
two_demo,11,1,27,0,0,0.17013229429721832,0.20969612896442413,0.8113277554512024,3933, 32,0.004831292200833559,0.006510049104690552,0.004920570645481348,0.009945135563611984,0.010668759234249592,0.013234603218734264,0.06012804061174393,0.17013229429721832,0.03784366697072983,0.016397757455706596,0.03486481308937073,0.17080079019069672,0.217722088098526,0.03855180740356445,0.01055009663105011,0.004225968848913908
two_demo,12,3,33,1,1,0.29984351992607117,0.39814919233322144,0.7530933618545532,4747, 33,0.009476435370743275,0.009612897410988808,0.00781713891774416,0.019718065857887268,0.010273084044456482,0.08459410816431046,0.015003460459411144,0.06706153601408005,0.040327563881874084,0.016803078353405,0.03137073665857315,0.041059624403715134,0.055957671254873276,0.29984351992607117,0.028943324461579323,0.01523112878203392
two_demo,13,1,20,1,1,0.49048516154289246,0.6364200115203857,0.7706941366195679,1160, 20,0.49048516154289246,0.0687614157795906,0.013436812907457352,0.016313837841153145,0.020575474947690964,0.02312762849032879,0.00601270841434598,0.00782722607254982,0.004889267031103373,0.002729645697399974,0.057651665061712265,0.022194838151335716,0.012265198864042759,0.007004620041698217,0.007961777038872242,0.009456864558160305
two_demo,14,3,30,1,1,0.31006306409835815,0.42963019013404846,0.7216975688934326,1542, 30,0.01696627587080002,0.003989159129559994,0.008996433578431606,0.0071072145365178585,0.009201770648360252,0.01536475121974945,0.01776857115328312,0.03846171125769615,0.17602819204330444,0.08406323939561844,0.31006306409835815,0.017015276476740837,0.01022358052432537,0.0028351761866360903,0.001999091822654009,0.0016140794614329934
two_demo,15,3,24,1,1,0.445217490196228,0.6356731057167053,0.7003874778747559,1987, 24,0.018288763239979744,0.014592870138585567,0.02038734219968319,0.0380479097366333,0.445217490196228,0.052612729370594025,0.032306116074323654,0.011410639621317387,0.020653488114476204,0.0060469359159469604,0.021712148562073708,0.004033232573419809,0.007018743548542261,0.0016565491678193212,0.0050140805542469025,0.0013884560903534293
two_demo,16,1,24,1,1,0.39398521184921265,0.5344411134719849,0.7371910214424133,1987, 24,0.027593810111284256,0.0798514261841774,0.027927597984671593,0.05772319808602333,0.39398521184921265,0.05557626858353615,0.011977833695709705,0.010015339590609074,0.007021449506282806,0.004550992511212826,0.006879656109958887,0.007295695133507252,0.008483064360916615,0.006964362692087889,0.01991666667163372,0.011428456753492355
two_demo,17,0,21,1,1,0.38449200987815857,0.5214768052101135,0.7373137474060059,2310, 21,0.1497444063425064,0.38449200987815857,0.05751267820596695,0.017437102273106575,0.016253413632512093,0.010102605447173119,0.005140102934092283,0.006479284260421991,0.004507491365075111,0.0018577910959720612,0.010708155110478401,0.027564164251089096,0.018422871828079224,0.008557110093533993,0.00917119812220335,0.00936336349695921
two_demo,18,3,34,1,1,0.2655372619628906,0.38240155577659607,0.6943937540054321,4974, 34,0.004412537440657616,0.006264976225793362,0.005072138737887144,0.007714405655860901,0.010461806319653988,0.013702352531254292,0.010223669931292534,0.022114887833595276,0.05397928133606911,0.01589524932205677,0.018688073381781578,0.014448298141360283,0.034431420266628265,0.16737261414527893,0.2655372619628906,0.044074758887290955
two_demo,19,3,26,1,1,0.4514015316963196,0.5657649636268616,0.7978605628013611,2608, 26,0.009204314090311527,0.014265495352447033,0.011563308537006378,0.009344696998596191,0.025651972740888596,0.09616614133119583,0.4514015316963196,0.06319927424192429,0.016521267592906952,0.008440169505774975,0.01665364019572735,0.04239633306860924,0.02019939385354519,0.00457953754812479,0.005616277456283569,0.0026572360657155514
two_demo,20,1,34,1,1,0.23894351720809937,0.33232784271240234,0.7189993858337402,4974, 34,0.034966763108968735,0.013647499494254589,0.012319332920014858,0.009434901177883148,0.058030836284160614,0.016821838915348053,0.04394858330488205,0.015326278284192085,0.03676975890994072,0.006827508565038443,0.03848442807793617,0.0234877560287714,0.1093963086605072,0.042324960231781006,0.23894351720809937,0.01826913096010685
two_demo,21,1,20,0,0,0.1550421565771103,0.2341688573360443,0.6620955467224121,3439, 35,0.1550421565771103,0.010317042469978333,0.010125678032636642,0.017489463090896606,0.006633392069488764,0.10643531382083893,0.00918373093008995,0.07120911777019501,0.011039728298783302,0.004993794020265341,0.052051614969968796,0.006955235730856657,0.007048291154205799,0.017363425344228745,0.007063902448862791,0.1691436618566513
two_demo,22,1,21,1,1,0.49618813395500183,0.6069232821464539,0.8175467252731323,2310, 21,0.12722764909267426,0.49618813395500183,0.06809381395578384,0.014864485710859299,0.018773559480905533,0.005643472075462341,0.007209965027868748,0.005077645182609558,0.00452739791944623,0.0014921118272468448,0.007346561178565025,0.030917910858988762,0.019756348803639412,0.004013990983366966,0.004838178399950266,0.0015754791675135493
two_demo,23,0,29,1,1,0.2279171198606491,0.3032824993133545,0.7515010237693787,2808, 29,0.007178213447332382,0.01892824098467827,0.011135831475257874,0.04736175388097763,0.11721610277891159,0.07099651545286179,0.020718306303024292,0.04003686085343361,0.04396316781640053,0.2279171198606491,0.048760902136564255,0.05176650360226631,0.013049734756350517,0.014210817404091358,0.01282724179327488,0.005433717276901007
two_demo,24,2,25,1,1,0.4773100018501282,0.6079701781272888,0.7850878238677979,1679, 25,0.0356939323246479,0.014629997313022614,0.02833463065326214,0.09755615890026093,0.05149955675005913,0.4773100018501282,0.024132568389177322,0.028711095452308655,0.0071664126589894295,0.0032392863649874926,0.006077602040022612,0.0014321047347038984,0.001510482165031135,0.003945609554648399,0.0008439616649411619,0.003004410769790411
two_demo,25,3,20,1,1,0.33060526847839355,0.5112888813018799,0.6466115117073059,1160, 20,0.33060526847839355,0.029831357300281525,0.014571067877113819,0.008834698237478733,0.02974635921418667,0.048972416669130325,0.05136730894446373,0.01561364158987999,0.016314590349793434,0.0029094205237925053,0.05721874535083771,0.005583123303949833,0.008008567616343498,0.0037908959202468395,0.015236367471516132,0.008007711730897427
two_demo,26,3,24,1,1,0.3893696665763855,0.5920238494873047,0.657692551612854,1987, 24,0.016353460028767586,0.012012924067676067,0.021870078518986702,0.029605964198708534,0.3893696665763855,0.04319094493985176,0.03363816812634468,0.009744852781295776,0.01639968901872635,0.0030358138028532267,0.010945070534944534,0.008929426781833172,0.04530656337738037,0.005252624396234751,0.01040568295866251,0.0016316375695168972
two_demo,27,2,33,1,1,0.1577506959438324,0.2138148695230484,0.7377910614013672,4747, 33,0.011253174394369125,0.03552592545747757,0.012238153256475925,0.023984186351299286,0.014997703023254871,0.04081154987215996,0.0612429603934288,0.09164664149284363,0.020517580211162567,0.016374021768569946,0.023938849568367004,0.12042681127786636,0.052885036915540695,0.1577506959438324,0.04331393539905548,0.010883842594921589
two_demo,28,0,29,1,1,0.227957084774971,0.30000606179237366,0.7598415613174438,2808, 29,0.005643234588205814,0.010923527181148529,0.01111740805208683,0.048575613647699356,0.025836920365691185,0.04715947061777115,0.05455589294433594,0.08232910931110382,0.05875721573829651,0.227957084774971,0.043755363672971725,0.038755640387535095,0.019871311262249947,0.04864904657006264,0.0290350504219532,0.0069197239354252815
two_demo,29,2,27,1,1,0.33088043332099915,0.4084811806678772,0.8100261092185974,2681, 27,0.010401168838143349,0.012587623670697212,0.0060122995637357235,0.025727039203047752,0.021011581644415855,0.034932591021060944,0.055993594229221344,0.33088043332099915,0.06074060872197151,0.022061649709939957,0.030378689989447594,0.027571620419621468,0.024848902598023415,0.05736782029271126,0.05915726721286774,0.030353205278515816
two_demo,30,3,34,1,1,0.3540308177471161,0.48395484685897827,0.731536865234375,4974, 34,0.004191884770989418,0.006293916143476963,0.003248196095228195,0.03220990300178528,0.032966192811727524,0.01648915745317936,0.014727430418133736,0.03376135602593422,0.016688110306859016,0.009611145593225956,0.010625588707625866,0.013026494532823563,0.018697211518883705,0.1452784389257431,0.3540308177471161,0.019691022112965584
two_demo,31,0,22,1,1,0.2080526500940323,0.27313104271888733,0.7617319822311401,2534, 22,0.028064213693141937,0.056373827159404755,0.2080526500940323,0.12479247897863388,0.1168370321393013,0.03625909611582756,0.05225434899330139,0.04233235865831375,0.0398070327937603,0.008036729879677296,0.010266907513141632,0.004721954930573702,0.012365370988845825,0.007965188473463058,0.009773160330951214,0.003829619847238064
two_demo,32,2,20,1,1,0.5241178274154663,0.6558277606964111,0.7991699576377869,1160, 20,0.5241178274154663,0.18274599313735962,0.013157522305846214,0.01069225650280714,0.004658929072320461,0.013696697540581226,0.0024924518074840307,0.00546282110735774,0.0015107336221262813,0.0010893201688304543,0.014528535306453705,0.01852339878678322,0.0018871803767979145,0.0015238375635817647,0.0007062107906676829,0.0023761738557368517
two_demo,33,0,29,0,0,0.16585978865623474,0.21542155742645264,0.7699312567710876,1542, 30,0.013435673899948597,0.004765920341014862,0.00725342333316803,0.016834119334816933,0.0178447887301445,0.16103914380073547,0.016646884381771088,0.03692427650094032,0.035091742873191833,0.16585978865623474,0.17445194721221924,0.023311669006943703,0.009319123812019825,0.019803686067461967,0.011636835522949696,0.055712271481752396
two_demo,34,0,25,1,1,0.3152744472026825,0.4238217771053314,0.7438845038414001,1679, 25,0.13303805887699127,0.07287215441465378,0.017759989947080612,0.04268989711999893,0.022619910538196564,0.3152744472026825,0.008709846995770931,0.020030345767736435,0.004288459662348032,0.003121316898614168,0.016038693487644196,0.0074053858406841755,0.0056958687491714954,0.04889121279120445,0.006624080706387758,0.018824810162186623
two_demo,35,0,25,1,1,0.5271937847137451,0.6256433725357056,0.842642605304718,1679, 25,0.02251511439681053,0.01923353038728237,0.009905408136546612,0.032167863100767136,0.019431764259934425,0.5271937847137451,0.015008601360023022,0.02383955754339695,0.005226159002631903,0.0037320051342248917,0.009862726554274559,0.004920621402561665,0.00778636010363698,0.10894874483346939,0.010519182309508324,0.022351151332259178
two_demo,36,3,31,1,1,0.21400396525859833,0.3152990937232971,0.678733229637146,3261, 31,0.031522806733846664,0.04121776297688484,0.0048694186843931675,0.017296284437179565,0.015413707122206688,0.021623345091938972,0.028582965955138206,0.08910129219293594,0.016161562874913216,0.016256041824817657,0.055934563279151917,0.21400396525859833,0.03461099788546562,0.0407046303153038,0.03774052858352661,0.013693345710635185
two_demo,37,2,29,1,1,0.20237591862678528,0.267962783575058,0.7552388906478882,2808, 29,0.003929599653929472,0.00596464890986681,0.005083573050796986,0.02385670877993107,0.009741002693772316,0.024572348222136497,0.009089455008506775,0.0660335123538971,0.05074024572968483,0.20237591862678528,0.06355421245098114,0.04724173620343208,0.03223475068807602,0.13653796911239624,0.04501995071768761,0.029263321310281754
two_demo,38,2,22,1,1,0.2230576127767563,0.3120994567871094,0.7147004008293152,2534, 22,0.044775962829589844,0.0815117135643959,0.2230576127767563,0.07171683013439178,0.033594030886888504,0.02011232264339924,0.03116578795015812,0.03541800007224083,0.051188837736845016,0.012425300665199757,0.030396023765206337,0.012640821747481823,0.022039908915758133,0.014736284501850605,0.02095727063715458,0.008963684551417828
two_demo,39,0,32,1,1,0.279556542634964,0.3809036612510681,0.7339298129081726,3933, 32,0.009013796225190163,0.005158525891602039,0.012020865455269814,0.02244662679731846,0.0164268147200346,0.016272885724902153,0.005789541639387608,0.011320507153868675,0.010428143665194511,0.006929067894816399,0.035082023590803146,0.052950404584407806,0.279556542634964,0.14014793932437897,0.05073963478207588,0.05964648723602295
two_demo,40,0,27,1,1,0.40714946389198303,0.5247873067855835,0.7758370637893677,2681, 27,0.010160333476960659,0.012498949654400349,0.009976441971957684,0.07277210801839828,0.015727510675787926,0.035062193870544434,0.028709212318062782,0.40714946389198303,0.05122736096382141,0.05047396197915077,0.023418551310896873,0.01633157953619957,0.007444014772772789,0.018446054309606552,0.006308983080089092,0.010130302049219608
two_demo,41,2,24,1,1,0.25135377049446106,0.34435659646987915,0.729922890663147,1987, 24,0.022541597485542297,0.15796904265880585,0.03247513622045517,0.09112881124019623,0.25135377049446106,0.04098794609308243,0.016711154952645302,0.016839396208524704,0.00904130470007658,0.017013732343912125,0.014317820779979229,0.0415826216340065,0.006905919406563044,0.0038485941477119923,0.005289542023092508,0.0019165051635354757
two_demo,42,3,33,1,1,0.44830602407455444,0.5504878163337708,0.8143795728683472,4747, 33,0.0019375316333025694,0.001745586283504963,0.0014050169847905636,0.005133382510393858,0.002857550047338009,0.005575721152126789,0.0026800406631082296,0.00855662114918232,0.00804863404482603,0.007896090857684612,0.014610040001571178,0.026443660259246826,0.07702802866697311,0.44830602407455444,0.17429663240909576,0.02785899117588997
two_demo,43,3,33,1,1,0.2811999022960663,0.3719927668571472,0.7559283971786499,4747, 33,0.005570307374000549,0.0034664489794522524,0.0049086580984294415,0.01019110344350338,0.006609153002500534,0.050004180520772934,0.019135309383273125,0.03312142193317413,0.01061665453016758,0.007181067019701004,0.02178296260535717,0.025673262774944305,0.08746729791164398,0.2811999022960663,0.08665826171636581,0.10234235972166061
two_demo,44,0,25,1,1,0.35642948746681213,0.4409477710723877,0.8083258867263794,1679, 25,0.026307227090001106,0.01330299861729145,0.03883509337902069,0.035753097385168076,0.15138302743434906,0.35642948746681213,0.05562445893883705,0.03469065576791763,0.0637085884809494,0.00729111023247242,0.01127272192388773,0.0013946788385510445,0.0048712510615587234,0.0033465796150267124,0.0018901089206337929,0.0022247489541769028
two_demo,45,2,22,1,1,0.45322421193122864,0.5553179383277893,0.8161526918411255,2534, 22,0.05429701507091522,0.18258343636989594,0.45322421193122864,0.07277976721525192,0.019398638978600502,0.014986447058618069,0.007006130181252956,0.0024659966584295034,0.0028511935379356146,0.001283781137317419,0.002061549574136734,0.001142167137004435,0.0009430830832570791,0.00041166317532770336,0.0002859306405298412,0.0004317222337704152
two_demo,46,3,34,1,1,0.4148927927017212,0.5637622475624084,0.7359357476234436,4974, 34,0.004710429813712835,0.004728865809738636,0.0047726500779390335,0.010098305530846119,0.011222581379115582,0.008025681599974632,0.004543752875179052,0.004984172061085701,0.006020871922373772,0.003951778635382652,0.011231489479541779,0.007467528805136681,0.015408654697239399,0.07554606348276138,0.4148927927017212,0.14833013713359833
two_demo,47,1,30,1,1,0.4058467149734497,0.5097466111183167,0.7961734533309937,1542, 30,0.14719218015670776,0.012410762719810009,0.0099254185333848,0.017619075253605843,0.01490891631692648,0.04272374138236046,0.014548225328326225,0.03994828090071678,0.02617993950843811,0.020000701770186424,0.4058467149734497,0.015705199912190437,0.00910349190235138,0.005936513654887676,0.004519984126091003,0.00960435252636671
two_demo,48,0,33,1,1,0.3427084982395172,0.449703186750412,0.7620770931243896,4747, 33,0.010603535920381546,0.007700983434915543,0.005861013196408749,0.017306305468082428,0.00801130011677742,0.03231813386082649,0.016203531995415688,0.0383184589445591,0.018191730603575706,0.01259892899543047,0.05068398639559746,0.057460539042949677,0.0814351886510849,0.3427084982395172,0.04601540416479111,0.01665957272052765
two_demo,49,2,27,1,1,0.25053462386131287,0.32093387842178345,0.7806425094604492,2681, 27,0.014240053482353687,0.01049082912504673,0.008481742814183235,0.018869036808609962,0.01416744850575924,0.04414445534348488,0.053345970809459686,0.25053462386131287,0.05014985427260399,0.016425753012299538,0.057216156274080276,0.05899006873369217,0.08530256897211075,0.060061827301979065,0.017932850867509842,0.020289288833737373
two_demo,50,2,23,1,1,0.3524341583251953,0.4592475891113281,0.7674164772033691,2242, 23,0.01888985000550747,0.017328748479485512,0.05099423602223396,0.3524341583251953,0.061024658381938934,0.08956734091043472,0.01354226190596819,0.02742340974509716,0.005992860067635775,0.005284243728965521,0.01361706480383873,0.01648935116827488,0.034715667366981506,0.05171593278646469,0.004366510547697544,0.004030174575746059
two_demo,51,1,21,1,1,0.44100266695022583,0.6037389039993286,0.7304525971412659,2310, 21,0.051468998193740845,0.44100266695022583,0.04641401022672653,0.02616773173213005,0.0133311552926898,0.015386032871901989,0.0071669709868729115,0.016784153878688812,0.009407015517354012,0.020157087594270706,0.018462499603629112,0.029366452246904373,0.002913401462137699,0.005571261048316956,0.011353780515491962,0.015499373897910118
two_demo,52,0,22,1,1,0.3165737986564636,0.4404923617839813,0.7186816930770874,2534, 22,0.13608607649803162,0.08145064115524292,0.3165737986564636,0.03354889154434204,0.013883201405405998,0.00850127637386322,0.010117567144334316,0.004570724908262491,0.007794308941811323,0.002367609180510044,0.022488974034786224,0.02819243259727955,0.045261532068252563,0.004638242535293102,0.0016566956182941794,0.001549733686260879
two_demo,53,2,28,0,0,0.16872063279151917,0.23941707611083984,0.704714298248291,1160, 20,0.2657630741596222,0.01332008745521307,0.022595396265387535,0.007958644069731236,0.015673600137233734,0.03371176868677139,0.014413001947104931,0.03635168448090553,0.16872063279151917,0.009482035413384438,0.09538890421390533,0.0027143284678459167,0.005907326936721802,0.002829829230904579,0.0031229336746037006,0.006761115975677967
two_demo,54,0,22,1,1,0.581676721572876,0.6648316979408264,0.8749232888221741,2534, 22,0.019636306911706924,0.030219484120607376,0.581676721572876,0.13531038165092468,0.02333613485097885,0.01433535385876894,0.01839151605963707,0.012755381874740124,0.02070908434689045,0.004982747137546539,0.00581964710727334,0.0014890545280650258,0.004131598863750696,0.001263609156012535,0.00043966693920083344,0.00042669937829487026
two_demo,55,1,28,1,1,0.17614750564098358,0.2343115508556366,0.7517662048339844,2579, 28,0.04732128232717514,0.08953049033880234,0.0985974371433258,0.08615845441818237,0.04001485928893089,0.02234719507396221,0.0288559440523386,0.10131828486919403,0.17614750564098358,0.02626882493495941,0.014475845731794834,0.006757622584700584,0.005512886215001345,0.004070037044584751,0.0031810372602194548,0.0012084176996722817
two_demo,56,2,24,1,1,0.35698258876800537,0.5169946551322937,0.6904956698417664,1987, 24,0.014102665707468987,0.0051331170834600925,0.0160807017236948,0.015942662954330444,0.35698258876800537,0.027081338688731194,0.015962623059749603,0.008649509400129318,0.04828949272632599,0.003168846247717738,0.016358129680156708,0.008057311177253723,0.13361668586730957,0.008496073074638844,0.011020938865840435,0.0015529738739132881
two_demo,57,3,25,1,1,0.6467108726501465,0.7849258184432983,0.8239133954048157,1679, 25,0.02147917076945305,0.007178063038736582,0.009145786985754967,0.03338964283466339,0.02739274501800537,0.6467108726501465,0.018331782892346382,0.01667320542037487,0.004932351876050234,0.0037145097739994526,0.009743665345013142,0.0020258089061826468,0.0019743870943784714,0.012122486717998981,0.002037371974438429,0.007061495445668697
two_demo,58,3,22,1,1,0.44055330753326416,0.6152573823928833,0.7160471677780151,2534, 22,0.04390046373009682,0.07929600030183792,0.44055330753326416,0.0726141408085823,0.009027771651744843,0.011888349428772926,0.0067795682698488235,0.0050401464104652405,0.005936207249760628,0.003619274590164423,0.008823489770293236,0.007199214771389961,0.010936030186712742,0.005793653894215822,0.0017520104302093387,0.002887519309297204
two_demo,59,2,32,1,1,0.4490602910518646,0.622637927532196,0.7212222218513489,3933, 32,0.049832671880722046,0.0054474882781505585,0.027750875800848007,0.013166921213269234,0.012685130350291729,0.009183300659060478,0.00413267407566309,0.005082345567643642,0.008831762708723545,0.0012643818045035005,0.026253562420606613,0.01405016053467989,0.4490602910518646,0.07619590312242508,0.012357481755316257,0.005927284713834524
two_demo,60,1,28,1,1,0.3664153218269348,0.43870607018470764,0.8352182507514954,2579, 28,0.010061388835310936,0.011634785681962967,0.018818385899066925,0.011355212889611721,0.0236955638974905,0.02680392563343048,0.11312112957239151,0.11757353693246841,0.3664153218269348,0.0692974403500557,0.03260020539164543,0.014070037752389908,0.01044034119695425,0.0033182483166456223,0.004630399402230978,0.0013823233311995864
two_demo,61,3,27,1,1,0.5134174823760986,0.6348780989646912,0.8086867332458496,2681, 27,0.007238296326249838,0.014458910562098026,0.010499727912247181,0.0566415935754776,0.014000164344906807,0.024973610416054726,0.040968336164951324,0.5134174823760986,0.05469990894198418,0.040812354534864426,0.011416318826377392,0.010934495367109776,0.0028527381364256144,0.0032456733752042055,0.0012528278166428208,0.0012743253028020263
two_demo,62,0,24,1,1,0.4121530055999756,0.6048322916030884,0.6814335584640503,1987, 24,0.049544159322977066,0.028387071564793587,0.021207796409726143,0.050000593066215515,0.4121530055999756,0.02327941730618477,0.01264637429267168,0.008136010728776455,0.011469938792288303,0.0031210521701723337,0.007838546298444271,0.0033327005803585052,0.012172111310064793,0.006180679891258478,0.027774374932050705,0.004189721774309874
two_demo,63,1,20,1,1,0.47416651248931885,0.5891910195350647,0.8047755360603333,1160, 20,0.47416651248931885,0.033771634101867676,0.012000559829175472,0.024583380669355392,0.01103992573916912,0.15113934874534607,0.01217652764171362,0.05979247763752937,0.00641902768984437,0.0014491177862510085,0.012387923896312714,0.001281009754166007,0.0008246373618021607,0.0010983840329572558,0.00022346714104060084,0.0024216368328779936
