seed,condition,diagnostic,head,mean_attention
0,original_native,l1_true_key_attention,0,0.9858155838155653
0,original_native,l1_true_key_attention,1,0.7122330622223672
0,original_native,l1_true_key_attention,2,0.722456391871674
0,original_native,l1_true_key_attention,3,0.9782191097619943
0,original_native,l1_slot_key_attention,0,0.9858155838155653
0,original_native,l1_slot_key_attention,1,0.7122330622223672
0,original_native,l1_slot_key_attention,2,0.722456391871674
0,original_native,l1_slot_key_attention,3,0.9782191097619943
0,original_native,l2_original_value_attention,0,0.9525193984591169
0,original_native,l2_original_value_attention,1,0.9546277940971777
0,original_native,l2_original_value_attention,2,0.9668750545824878
0,original_native,l2_original_value_attention,3,0.9541145329276333
0,original_native,l2_slot_value_attention,0,0.9525193984591169
0,original_native,l2_slot_value_attention,1,0.9546277940971777
0,original_native,l2_slot_value_attention,2,0.9668750545824878
0,original_native,l2_slot_value_attention,3,0.9541145329276333
0,original_noop,l1_true_key_attention,0,0.9858155838155653
0,original_noop,l1_true_key_attention,1,0.7122330622223672
0,original_noop,l1_true_key_attention,2,0.722456391871674
0,original_noop,l1_true_key_attention,3,0.9782191097619943
0,original_noop,l1_slot_key_attention,0,0.9858155838155653
0,original_noop,l1_slot_key_attention,1,0.7122330622223672
0,original_noop,l1_slot_key_attention,2,0.722456391871674
0,original_noop,l1_slot_key_attention,3,0.9782191097619943
0,original_noop,l2_original_value_attention,0,0.9525193984591169
0,original_noop,l2_original_value_attention,1,0.9546277940971777
0,original_noop,l2_original_value_attention,2,0.9668750545824878
0,original_noop,l2_original_value_attention,3,0.9541145329276333
0,original_noop,l2_slot_value_attention,0,0.9525193984591169
0,original_noop,l2_slot_value_attention,1,0.9546277940971777
0,original_noop,l2_slot_value_attention,2,0.9668750545824878
0,original_noop,l2_slot_value_attention,3,0.9541145329276333
0,grouped_native,l1_true_key_attention,0,0.11084471761023451
0,grouped_native,l1_true_key_attention,1,0.12805626219051192
0,grouped_native,l1_true_key_attention,2,0.16048317496097297
0,grouped_native,l1_true_key_attention,3,0.09994001869472413
0,grouped_native,l1_slot_key_attention,0,0.11084471761023451
0,grouped_native,l1_slot_key_attention,1,0.12805626219051192
0,grouped_native,l1_slot_key_attention,2,0.16048317496097297
0,grouped_native,l1_slot_key_attention,3,0.09994001869472413
0,grouped_native,l2_original_value_attention,0,0.09695761599916869
0,grouped_native,l2_original_value_attention,1,0.10532793830588545
0,grouped_native,l2_original_value_attention,2,0.09596021189341902
0,grouped_native,l2_original_value_attention,3,0.10399857945431987
0,grouped_native,l2_slot_value_attention,0,0.09695761599916869
0,grouped_native,l2_slot_value_attention,1,0.10532793830588545
0,grouped_native,l2_slot_value_attention,2,0.09596021189341902
0,grouped_native,l2_slot_value_attention,3,0.10399857945431987
0,grouped_canonical,l1_true_key_attention,0,0.2997767048800597
0,grouped_canonical,l1_true_key_attention,1,0.33289764547225786
0,grouped_canonical,l1_true_key_attention,2,0.3724782846547896
0,grouped_canonical,l1_true_key_attention,3,0.5834183328552172
0,grouped_canonical,l1_slot_key_attention,0,0.2997767048800597
0,grouped_canonical,l1_slot_key_attention,1,0.33289764547225786
0,grouped_canonical,l1_slot_key_attention,2,0.3724782846547896
0,grouped_canonical,l1_slot_key_attention,3,0.5834183328552172
0,grouped_canonical,l2_original_value_attention,0,0.3817189798044731
0,grouped_canonical,l2_original_value_attention,1,0.3803415530703431
0,grouped_canonical,l2_original_value_attention,2,0.3824131808262884
0,grouped_canonical,l2_original_value_attention,3,0.38595513053506275
0,grouped_canonical,l2_slot_value_attention,0,0.3817189798044731
0,grouped_canonical,l2_slot_value_attention,1,0.3803415530703431
0,grouped_canonical,l2_slot_value_attention,2,0.3824131808262884
0,grouped_canonical,l2_slot_value_attention,3,0.38595513053506275
0,coherent_0132,l1_true_key_attention,0,0.2999133433040697
0,coherent_0132,l1_true_key_attention,1,0.3325202672785963
0,coherent_0132,l1_true_key_attention,2,0.3726724670486874
0,coherent_0132,l1_true_key_attention,3,0.5834507638646755
0,coherent_0132,l1_slot_key_attention,0,0.2999133433040697
0,coherent_0132,l1_slot_key_attention,1,0.3325202672785963
0,coherent_0132,l1_slot_key_attention,2,0.3726724670486874
0,coherent_0132,l1_slot_key_attention,3,0.5834507638646755
0,coherent_0132,l2_original_value_attention,0,0.38236907890020333
0,coherent_0132,l2_original_value_attention,1,0.38047730286250425
0,coherent_0132,l2_original_value_attention,2,0.38240978730274183
0,coherent_0132,l2_original_value_attention,3,0.38550219618211745
0,coherent_0132,l2_slot_value_attention,0,0.38236907890020333
0,coherent_0132,l2_slot_value_attention,1,0.38047730286250425
0,coherent_0132,l2_slot_value_attention,2,0.38240978730274183
0,coherent_0132,l2_slot_value_attention,3,0.38550219618211745
0,value_0132,l1_true_key_attention,0,0.21144027493573958
0,value_0132,l1_true_key_attention,1,0.21012693281591055
0,value_0132,l1_true_key_attention,2,0.24242491559925838
0,value_0132,l1_true_key_attention,3,0.13503488564492727
0,value_0132,l1_slot_key_attention,0,0.3004978452081559
0,value_0132,l1_slot_key_attention,1,0.3335079727039556
0,value_0132,l1_slot_key_attention,2,0.372092633646389
0,value_0132,l1_slot_key_attention,3,0.5829617540730396
0,value_0132,l2_original_value_attention,0,0.10968786513261007
0,value_0132,l2_original_value_attention,1,0.11677226878352019
0,value_0132,l2_original_value_attention,2,0.10088946841347281
0,value_0132,l2_original_value_attention,3,0.11237857342535697
0,value_0132,l2_slot_value_attention,0,0.38276722015685044
0,value_0132,l2_slot_value_attention,1,0.378240486479365
0,value_0132,l2_slot_value_attention,2,0.3847040086365475
0,value_0132,l2_slot_value_attention,3,0.3868889097063915
0,coherent_0213,l1_true_key_attention,0,0.29995544359553605
0,coherent_0213,l1_true_key_attention,1,0.33327190628187964
0,coherent_0213,l1_true_key_attention,2,0.3721932374755852
0,coherent_0213,l1_true_key_attention,3,0.5828043829533271
0,coherent_0213,l1_slot_key_attention,0,0.29995544359553605
0,coherent_0213,l1_slot_key_attention,1,0.33327190628187964
0,coherent_0213,l1_slot_key_attention,2,0.3721932374755852
0,coherent_0213,l1_slot_key_attention,3,0.5828043829533271
0,coherent_0213,l2_original_value_attention,0,0.3785886695108021
0,coherent_0213,l2_original_value_attention,1,0.3756730297713058
0,coherent_0213,l2_original_value_attention,2,0.37905225462049247
0,coherent_0213,l2_original_value_attention,3,0.38203613473983433
0,coherent_0213,l2_slot_value_attention,0,0.3785886695108021
0,coherent_0213,l2_slot_value_attention,1,0.3756730297713058
0,coherent_0213,l2_slot_value_attention,2,0.37905225462049247
0,coherent_0213,l2_slot_value_attention,3,0.38203613473983433
0,value_0213,l1_true_key_attention,0,0.257764935362502
0,value_0213,l1_true_key_attention,1,0.22721385483600898
0,value_0213,l1_true_key_attention,2,0.15611046771300607
0,value_0213,l1_true_key_attention,3,0.26153589751629625
0,value_0213,l1_slot_key_attention,0,0.3000574424659135
0,value_0213,l1_slot_key_attention,1,0.3330963683692971
0,value_0213,l1_slot_key_attention,2,0.37051276883721584
0,value_0213,l1_slot_key_attention,3,0.582329556113109
0,value_0213,l2_original_value_attention,0,0.18726954974580848
0,value_0213,l2_original_value_attention,1,0.18354648149990407
0,value_0213,l2_original_value_attention,2,0.1809164442783997
0,value_0213,l2_original_value_attention,3,0.18979014612124878
0,value_0213,l2_slot_value_attention,0,0.38942135199920264
0,value_0213,l2_slot_value_attention,1,0.3851119383641154
0,value_0213,l2_slot_value_attention,2,0.3873339671113527
0,value_0213,l2_slot_value_attention,3,0.38983614450428056
0,coherent_0231,l1_true_key_attention,0,0.30057094918447547
0,coherent_0231,l1_true_key_attention,1,0.3357138315186603
0,coherent_0231,l1_true_key_attention,2,0.3717062311479822
0,coherent_0231,l1_true_key_attention,3,0.5831660950061632
0,coherent_0231,l1_slot_key_attention,0,0.30057094918447547
0,coherent_0231,l1_slot_key_attention,1,0.3357138315186603
0,coherent_0231,l1_slot_key_attention,2,0.3717062311479822
0,coherent_0231,l1_slot_key_attention,3,0.5831660950061632
0,coherent_0231,l2_original_value_attention,0,0.37648813677621623
0,coherent_0231,l2_original_value_attention,1,0.3712989926279863
0,coherent_0231,l2_original_value_attention,2,0.3799142233054121
0,coherent_0231,l2_original_value_attention,3,0.3786403207928523
0,coherent_0231,l2_slot_value_attention,0,0.37648813677621623
0,coherent_0231,l2_slot_value_attention,1,0.3712989926279863
0,coherent_0231,l2_slot_value_attention,2,0.3799142233054121
0,coherent_0231,l2_slot_value_attention,3,0.3786403207928523
0,value_0231,l1_true_key_attention,0,0.23756424390012398
0,value_0231,l1_true_key_attention,1,0.203904043581133
0,value_0231,l1_true_key_attention,2,0.17598467558127595
0,value_0231,l1_true_key_attention,3,0.1626071792716175
0,value_0231,l1_slot_key_attention,0,0.3000875676079886
0,value_0231,l1_slot_key_attention,1,0.33647722860769136
0,value_0231,l1_slot_key_attention,2,0.37029532896121964
0,value_0231,l1_slot_key_attention,3,0.5829976777604315
0,value_0231,l2_original_value_attention,0,0.09469456163676779
0,value_0231,l2_original_value_attention,1,0.10159746597464331
0,value_0231,l2_original_value_attention,2,0.08658314029161858
0,value_0231,l2_original_value_attention,3,0.10068335061163117
0,value_0231,l2_slot_value_attention,0,0.3847665410752212
0,value_0231,l2_slot_value_attention,1,0.38404629042269617
0,value_0231,l2_slot_value_attention,2,0.3876932792199687
0,value_0231,l2_slot_value_attention,3,0.3870361754312017
0,coherent_0312,l1_true_key_attention,0,0.2995713190030074
0,coherent_0312,l1_true_key_attention,1,0.33469496968609747
0,coherent_0312,l1_true_key_attention,2,0.37500202201044885
0,coherent_0312,l1_true_key_attention,3,0.5827641914074775
0,coherent_0312,l1_slot_key_attention,0,0.2995713190030074
0,coherent_0312,l1_slot_key_attention,1,0.33469496968609747
0,coherent_0312,l1_slot_key_attention,2,0.37500202201044885
0,coherent_0312,l1_slot_key_attention,3,0.5827641914074775
0,coherent_0312,l2_original_value_attention,0,0.3865499716608179
0,coherent_0312,l2_original_value_attention,1,0.3836940038895377
0,coherent_0312,l2_original_value_attention,2,0.3921186695509393
0,coherent_0312,l2_original_value_attention,3,0.39104489900828227
0,coherent_0312,l2_slot_value_attention,0,0.3865499716608179
0,coherent_0312,l2_slot_value_attention,1,0.3836940038895377
0,coherent_0312,l2_slot_value_attention,2,0.3921186695509393
0,coherent_0312,l2_slot_value_attention,3,0.39104489900828227
0,value_0312,l1_true_key_attention,0,0.212837347167806
0,value_0312,l1_true_key_attention,1,0.17608579161242233
0,value_0312,l1_true_key_attention,2,0.1536197589666699
0,value_0312,l1_true_key_attention,3,0.03821850357235235
0,value_0312,l1_slot_key_attention,0,0.30039587564533576
0,value_0312,l1_slot_key_attention,1,0.33506409060646547
0,value_0312,l1_slot_key_attention,2,0.3734769130242057
0,value_0312,l1_slot_key_attention,3,0.5811971902876394
0,value_0312,l2_original_value_attention,0,0.06326048419694097
0,value_0312,l2_original_value_attention,1,0.06931228430681483
0,value_0312,l2_original_value_attention,2,0.05448390097388512
0,value_0312,l2_original_value_attention,3,0.06514118901252834
0,value_0312,l2_slot_value_attention,0,0.386808672915816
0,value_0312,l2_slot_value_attention,1,0.3791927431547721
0,value_0312,l2_slot_value_attention,2,0.3883767073142427
0,value_0312,l2_slot_value_attention,3,0.388100859703868
0,coherent_0321,l1_true_key_attention,0,0.29984037749818526
0,coherent_0321,l1_true_key_attention,1,0.3357819620796363
0,coherent_0321,l1_true_key_attention,2,0.3718233949475689
0,coherent_0321,l1_true_key_attention,3,0.5822533447208116
0,coherent_0321,l1_slot_key_attention,0,0.29984037749818526
0,coherent_0321,l1_slot_key_attention,1,0.3357819620796363
0,coherent_0321,l1_slot_key_attention,2,0.3718233949475689
0,coherent_0321,l1_slot_key_attention,3,0.5822533447208116
0,coherent_0321,l2_original_value_attention,0,0.37591919192459283
0,coherent_0321,l2_original_value_attention,1,0.37432158496069634
0,coherent_0321,l2_original_value_attention,2,0.38321811894214397
0,coherent_0321,l2_original_value_attention,3,0.3775006885692562
0,coherent_0321,l2_slot_value_attention,0,0.37591919192459283
0,coherent_0321,l2_slot_value_attention,1,0.37432158496069634
0,coherent_0321,l2_slot_value_attention,2,0.38321811894214397
0,coherent_0321,l2_slot_value_attention,3,0.3775006885692562
0,value_0321,l1_true_key_attention,0,0.2809426828971482
0,value_0321,l1_true_key_attention,1,0.27525521764255245
0,value_0321,l1_true_key_attention,2,0.30017608289199416
0,value_0321,l1_true_key_attention,3,0.38735939728212543
0,value_0321,l1_slot_key_attention,0,0.2996695484180236
0,value_0321,l1_slot_key_attention,1,0.3362035910395207
0,value_0321,l1_slot_key_attention,2,0.37162589145009406
0,value_0321,l1_slot_key_attention,3,0.5822255388629856
0,value_0321,l2_original_value_attention,0,0.24223160846602515
0,value_0321,l2_original_value_attention,1,0.25079079513519753
0,value_0321,l2_original_value_attention,2,0.2416199527245914
0,value_0321,l2_original_value_attention,3,0.24907778297925556
0,value_0321,l2_slot_value_attention,0,0.3807478899073861
0,value_0321,l2_slot_value_attention,1,0.3794073755751322
0,value_0321,l2_slot_value_attention,2,0.385869725832237
0,value_0321,l2_slot_value_attention,3,0.38414112823251
0,coherent_1023,l1_true_key_attention,0,0.3000091294234153
0,coherent_1023,l1_true_key_attention,1,0.33336450318893185
0,coherent_1023,l1_true_key_attention,2,0.37490770118893124
0,coherent_1023,l1_true_key_attention,3,0.5837005886278348
0,coherent_1023,l1_slot_key_attention,0,0.3000091294234153
0,coherent_1023,l1_slot_key_attention,1,0.33336450318893185
0,coherent_1023,l1_slot_key_attention,2,0.37490770118893124
0,coherent_1023,l1_slot_key_attention,3,0.5837005886278348
0,coherent_1023,l2_original_value_attention,0,0.3544675498001195
0,coherent_1023,l2_original_value_attention,1,0.3510737869401501
0,coherent_1023,l2_original_value_attention,2,0.35336221672253243
0,coherent_1023,l2_original_value_attention,3,0.363306666440818
0,coherent_1023,l2_slot_value_attention,0,0.3544675498001195
0,coherent_1023,l2_slot_value_attention,1,0.3510737869401501
0,coherent_1023,l2_slot_value_attention,2,0.35336221672253243
0,coherent_1023,l2_slot_value_attention,3,0.363306666440818
0,value_1023,l1_true_key_attention,0,0.29363885217753705
0,value_1023,l1_true_key_attention,1,0.2905294456213596
0,value_1023,l1_true_key_attention,2,0.2823697267813259
0,value_1023,l1_true_key_attention,3,0.49118156991607975
0,value_1023,l1_slot_key_attention,0,0.299822197353933
0,value_1023,l1_slot_key_attention,1,0.33291378711146535
0,value_1023,l1_slot_key_attention,2,0.37380962484894553
0,value_1023,l1_slot_key_attention,3,0.583387496706564
0,value_1023,l2_original_value_attention,0,0.3278274010963395
0,value_1023,l2_original_value_attention,1,0.3244044537168818
0,value_1023,l2_original_value_attention,2,0.3320732668821499
0,value_1023,l2_original_value_attention,3,0.33361061660743796
0,value_1023,l2_slot_value_attention,0,0.3825260071656999
0,value_1023,l2_slot_value_attention,1,0.38333466995397514
0,value_1023,l2_slot_value_attention,2,0.3844326353424334
0,value_1023,l2_slot_value_attention,3,0.3874184133164615
0,coherent_1032,l1_true_key_attention,0,0.2999131566466531
0,coherent_1032,l1_true_key_attention,1,0.3327949928425369
0,coherent_1032,l1_true_key_attention,2,0.3749374340986833
0,coherent_1032,l1_true_key_attention,3,0.5839395116927335
0,coherent_1032,l1_slot_key_attention,0,0.2999131566466531
0,coherent_1032,l1_slot_key_attention,1,0.3327949928425369
0,coherent_1032,l1_slot_key_attention,2,0.3749374340986833
0,coherent_1032,l1_slot_key_attention,3,0.5839395116927335
0,coherent_1032,l2_original_value_attention,0,0.36178922576436073
0,coherent_1032,l2_original_value_attention,1,0.3573556848745441
0,coherent_1032,l2_original_value_attention,2,0.3621878320778245
0,coherent_1032,l2_original_value_attention,3,0.36916884794722404
0,coherent_1032,l2_slot_value_attention,0,0.36178922576436073
0,coherent_1032,l2_slot_value_attention,1,0.3573556848745441
0,coherent_1032,l2_slot_value_attention,2,0.3621878320778245
0,coherent_1032,l2_slot_value_attention,3,0.36916884794722404
0,value_1032,l1_true_key_attention,0,0.20530232733653975
0,value_1032,l1_true_key_attention,1,0.167793137497938
0,value_1032,l1_true_key_attention,2,0.1523311109667702
0,value_1032,l1_true_key_attention,3,0.04280523172064932
0,value_1032,l1_slot_key_attention,0,0.3005435243976535
0,value_1032,l1_slot_key_attention,1,0.3335246105052647
0,value_1032,l1_slot_key_attention,2,0.37342467802227475
0,value_1032,l1_slot_key_attention,3,0.5829370016872417
0,value_1032,l2_original_value_attention,0,0.05546606172925148
0,value_1032,l2_original_value_attention,1,0.06008838692609716
0,value_1032,l2_original_value_attention,2,0.04896695064406223
0,value_1032,l2_original_value_attention,3,0.059327279183806286
0,value_1032,l2_slot_value_attention,0,0.3835862138842179
0,value_1032,l2_slot_value_attention,1,0.3811978684825828
0,value_1032,l2_slot_value_attention,2,0.38534572916969795
0,value_1032,l2_slot_value_attention,3,0.38773455138617385
0,coherent_1203,l1_true_key_attention,0,0.30026870589063037
0,coherent_1203,l1_true_key_attention,1,0.33442013125750236
0,coherent_1203,l1_true_key_attention,2,0.37672570906579494
0,coherent_1203,l1_true_key_attention,3,0.5844637856353074
0,coherent_1203,l1_slot_key_attention,0,0.30026870589063037
0,coherent_1203,l1_slot_key_attention,1,0.33442013125750236
0,coherent_1203,l1_slot_key_attention,2,0.37672570906579494
0,coherent_1203,l1_slot_key_attention,3,0.5844637856353074
0,coherent_1203,l2_original_value_attention,0,0.3498290034575596
0,coherent_1203,l2_original_value_attention,1,0.34406034018111964
0,coherent_1203,l2_original_value_attention,2,0.3474677346274419
0,coherent_1203,l2_original_value_attention,3,0.35901984324911884
0,coherent_1203,l2_slot_value_attention,0,0.3498290034575596
0,coherent_1203,l2_slot_value_attention,1,0.34406034018111964
0,coherent_1203,l2_slot_value_attention,2,0.3474677346274419
0,coherent_1203,l2_slot_value_attention,3,0.35901984324911884
0,value_1203,l1_true_key_attention,0,0.25383818852424156
0,value_1203,l1_true_key_attention,1,0.23803447149839485
0,value_1203,l1_true_key_attention,2,0.19748182995681418
0,value_1203,l1_true_key_attention,3,0.2766717426638934
0,value_1203,l1_slot_key_attention,0,0.30018588772509247
0,value_1203,l1_slot_key_attention,1,0.33458439107926097
0,value_1203,l1_slot_key_attention,2,0.375810193043435
0,value_1203,l1_slot_key_attention,3,0.5838336542801699
0,value_1203,l2_original_value_attention,0,0.17608921478442677
0,value_1203,l2_original_value_attention,1,0.1723516057314624
0,value_1203,l2_original_value_attention,2,0.1724562772961296
0,value_1203,l2_original_value_attention,3,0.18030178609825925
0,value_1203,l2_slot_value_attention,0,0.38937281715313193
0,value_1203,l2_slot_value_attention,1,0.3889089136828949
0,value_1203,l2_slot_value_attention,2,0.3877126454525298
0,value_1203,l2_slot_value_attention,3,0.3892651478822128
0,coherent_1230,l1_true_key_attention,0,0.30060381890507415
0,coherent_1230,l1_true_key_attention,1,0.33574271944962675
0,coherent_1230,l1_true_key_attention,2,0.37939121735689696
0,coherent_1230,l1_true_key_attention,3,0.5847634546662448
0,coherent_1230,l1_slot_key_attention,0,0.30060381890507415
0,coherent_1230,l1_slot_key_attention,1,0.33574271944962675
0,coherent_1230,l1_slot_key_attention,2,0.37939121735689696
0,coherent_1230,l1_slot_key_attention,3,0.5847634546662448
0,coherent_1230,l2_original_value_attention,0,0.3563442614428985
0,coherent_1230,l2_original_value_attention,1,0.3510322517565337
0,coherent_1230,l2_original_value_attention,2,0.3574123292913274
0,coherent_1230,l2_original_value_attention,3,0.36198052363310607
0,coherent_1230,l2_slot_value_attention,0,0.3563442614428985
0,coherent_1230,l2_slot_value_attention,1,0.3510322517565337
0,coherent_1230,l2_slot_value_attention,2,0.3574123292913274
0,coherent_1230,l2_slot_value_attention,3,0.36198052363310607
0,value_1230,l1_true_key_attention,0,0.2453666713554412
0,value_1230,l1_true_key_attention,1,0.1978400536427216
0,value_1230,l1_true_key_attention,2,0.1522376549692126
0,value_1230,l1_true_key_attention,3,0.18299487233889522
0,value_1230,l1_slot_key_attention,0,0.3002393093338469
0,value_1230,l1_slot_key_attention,1,0.33634968422848033
0,value_1230,l1_slot_key_attention,2,0.377906663750764
0,value_1230,l1_slot_key_attention,3,0.5837654495990137
0,value_1230,l2_original_value_attention,0,0.1145203590963596
0,value_1230,l2_original_value_attention,1,0.12298322758328666
0,value_1230,l2_original_value_attention,2,0.10145046933942045
0,value_1230,l2_original_value_attention,3,0.1166498642455932
0,value_1230,l2_slot_value_attention,0,0.3870172380576905
0,value_1230,l2_slot_value_attention,1,0.38397922857462224
0,value_1230,l2_slot_value_attention,2,0.39183701075925925
0,value_1230,l2_slot_value_attention,3,0.39023922820335893
0,coherent_1302,l1_true_key_attention,0,0.2998366268584505
0,coherent_1302,l1_true_key_attention,1,0.3335439800575841
0,coherent_1302,l1_true_key_attention,2,0.37802828227722785
0,coherent_1302,l1_true_key_attention,3,0.5841602021828294
0,coherent_1302,l1_slot_key_attention,0,0.2998366268584505
0,coherent_1302,l1_slot_key_attention,1,0.3335439800575841
0,coherent_1302,l1_slot_key_attention,2,0.37802828227722785
0,coherent_1302,l1_slot_key_attention,3,0.5841602021828294
0,coherent_1302,l2_original_value_attention,0,0.3810023412300993
0,coherent_1302,l2_original_value_attention,1,0.37678941165225854
0,coherent_1302,l2_original_value_attention,2,0.3805187855964197
0,coherent_1302,l2_original_value_attention,3,0.389350073716619
0,coherent_1302,l2_slot_value_attention,0,0.3810023412300993
0,coherent_1302,l2_slot_value_attention,1,0.37678941165225854
0,coherent_1302,l2_slot_value_attention,2,0.3805187855964197
0,coherent_1302,l2_slot_value_attention,3,0.389350073716619
0,value_1302,l1_true_key_attention,0,0.20891323684190866
0,value_1302,l1_true_key_attention,1,0.18628887859085808
0,value_1302,l1_true_key_attention,2,0.1936081781896064
0,value_1302,l1_true_key_attention,3,0.053195451704141306
0,value_1302,l1_slot_key_attention,0,0.3005228599504335
0,value_1302,l1_slot_key_attention,1,0.3340587893908378
0,value_1302,l1_slot_key_attention,2,0.3771903646775172
0,value_1302,l1_slot_key_attention,3,0.5826892814657185
0,value_1302,l2_original_value_attention,0,0.051301532377038724
0,value_1302,l2_original_value_attention,1,0.05628876747973358
0,value_1302,l2_original_value_attention,2,0.046870917087353484
0,value_1302,l2_original_value_attention,3,0.05615032474484298
0,value_1302,l2_slot_value_attention,0,0.38642449670519424
0,value_1302,l2_slot_value_attention,1,0.38383859828937295
0,value_1302,l2_slot_value_attention,2,0.3889451092070526
0,value_1302,l2_slot_value_attention,3,0.3879205226432652
0,coherent_1320,l1_true_key_attention,0,0.2998845462570898
0,coherent_1320,l1_true_key_attention,1,0.3360183784025139
0,coherent_1320,l1_true_key_attention,2,0.3796524527424481
0,coherent_1320,l1_true_key_attention,3,0.583999695154489
0,coherent_1320,l1_slot_key_attention,0,0.2998845462570898
0,coherent_1320,l1_slot_key_attention,1,0.3360183784025139
0,coherent_1320,l1_slot_key_attention,2,0.3796524527424481
0,coherent_1320,l1_slot_key_attention,3,0.583999695154489
0,coherent_1320,l2_original_value_attention,0,0.3641764076760113
0,coherent_1320,l2_original_value_attention,1,0.35916417429775344
0,coherent_1320,l2_original_value_attention,2,0.36333799240516756
0,coherent_1320,l2_original_value_attention,3,0.370772922194502
0,coherent_1320,l2_slot_value_attention,0,0.3641764076760113
0,coherent_1320,l2_slot_value_attention,1,0.35916417429775344
0,coherent_1320,l2_slot_value_attention,2,0.36333799240516756
0,coherent_1320,l2_slot_value_attention,3,0.370772922194502
0,value_1320,l1_true_key_attention,0,0.2887421251289197
0,value_1320,l1_true_key_attention,1,0.2692176652417402
0,value_1320,l1_true_key_attention,2,0.2769670013221912
0,value_1320,l1_true_key_attention,3,0.40788349496142473
0,value_1320,l1_slot_key_attention,0,0.2998211177473422
0,value_1320,l1_slot_key_attention,1,0.3359232592556509
0,value_1320,l1_slot_key_attention,2,0.3789308513441938
0,value_1320,l1_slot_key_attention,3,0.5829963613214204
0,value_1320,l2_original_value_attention,0,0.26118593961656816
0,value_1320,l2_original_value_attention,1,0.2703707075555535
0,value_1320,l2_original_value_attention,2,0.25711451159203896
0,value_1320,l2_original_value_attention,3,0.26636263922186737
0,value_1320,l2_slot_value_attention,0,0.3830290076423285
0,value_1320,l2_slot_value_attention,1,0.3803942302339956
0,value_1320,l2_slot_value_attention,2,0.39072639975054896
0,value_1320,l2_slot_value_attention,3,0.3872087714769919
0,coherent_2013,l1_true_key_attention,0,0.3009097257454414
0,coherent_2013,l1_true_key_attention,1,0.3351601796093746
0,coherent_2013,l1_true_key_attention,2,0.37444494749070145
0,coherent_2013,l1_true_key_attention,3,0.583154164152802
0,coherent_2013,l1_slot_key_attention,0,0.3009097257454414
0,coherent_2013,l1_slot_key_attention,1,0.3351601796093746
0,coherent_2013,l1_slot_key_attention,2,0.37444494749070145
0,coherent_2013,l1_slot_key_attention,3,0.583154164152802
0,coherent_2013,l2_original_value_attention,0,0.335019210105843
0,coherent_2013,l2_original_value_attention,1,0.3304189035372069
0,coherent_2013,l2_original_value_attention,2,0.3334487298347027
0,coherent_2013,l2_original_value_attention,3,0.3419438540860568
0,coherent_2013,l2_slot_value_attention,0,0.335019210105843
0,coherent_2013,l2_slot_value_attention,1,0.3304189035372069
0,coherent_2013,l2_slot_value_attention,2,0.3334487298347027
0,coherent_2013,l2_slot_value_attention,3,0.3419438540860568
0,value_2013,l1_true_key_attention,0,0.25745840807212517
0,value_2013,l1_true_key_attention,1,0.24491528389626183
0,value_2013,l1_true_key_attention,2,0.17636072358800448
0,value_2013,l1_true_key_attention,3,0.27029466669773683
0,value_2013,l1_slot_key_attention,0,0.30071446219517384
0,value_2013,l1_slot_key_attention,1,0.33532375819049776
0,value_2013,l1_slot_key_attention,2,0.3727129164908547
0,value_2013,l1_slot_key_attention,3,0.5829123435250949
0,value_2013,l2_original_value_attention,0,0.18319224955578664
0,value_2013,l2_original_value_attention,1,0.17769879919201195
0,value_2013,l2_original_value_attention,2,0.17900572162838851
0,value_2013,l2_original_value_attention,3,0.18445344699794722
0,value_2013,l2_slot_value_attention,0,0.38791178813357086
0,value_2013,l2_slot_value_attention,1,0.38772280639098766
0,value_2013,l2_slot_value_attention,2,0.3865353719536451
0,value_2013,l2_slot_value_attention,3,0.39143649046859036
0,coherent_2031,l1_true_key_attention,0,0.3006370066141244
0,coherent_2031,l1_true_key_attention,1,0.3374854306021007
0,coherent_2031,l1_true_key_attention,2,0.373870941271889
0,coherent_2031,l1_true_key_attention,3,0.5834058454056503
0,coherent_2031,l1_slot_key_attention,0,0.3006370066141244
0,coherent_2031,l1_slot_key_attention,1,0.3374854306021007
0,coherent_2031,l1_slot_key_attention,2,0.373870941271889
0,coherent_2031,l1_slot_key_attention,3,0.5834058454056503
0,coherent_2031,l2_original_value_attention,0,0.33109814864046444
0,coherent_2031,l2_original_value_attention,1,0.32821237245823903
0,coherent_2031,l2_original_value_attention,2,0.33496855610247794
0,coherent_2031,l2_original_value_attention,3,0.34078163877964096
0,coherent_2031,l2_slot_value_attention,0,0.33109814864046444
0,coherent_2031,l2_slot_value_attention,1,0.32821237245823903
0,coherent_2031,l2_slot_value_attention,2,0.33496855610247794
0,coherent_2031,l2_slot_value_attention,3,0.34078163877964096
0,value_2031,l1_true_key_attention,0,0.23725640828342875
0,value_2031,l1_true_key_attention,1,0.2216056534089148
0,value_2031,l1_true_key_attention,2,0.19622081599300145
0,value_2031,l1_true_key_attention,3,0.1713634457792068
0,value_2031,l1_slot_key_attention,0,0.30074455628346186
0,value_2031,l1_slot_key_attention,1,0.3387041473542922
0,value_2031,l1_slot_key_attention,2,0.37251300302159507
0,value_2031,l1_slot_key_attention,3,0.583580512466142
0,value_2031,l2_original_value_attention,0,0.09114901912841883
0,value_2031,l2_original_value_attention,1,0.0950687920707612
0,value_2031,l2_original_value_attention,2,0.08474427037034393
0,value_2031,l2_original_value_attention,3,0.09666010446887338
0,value_2031,l2_slot_value_attention,0,0.3835764611457396
0,value_2031,l2_slot_value_attention,1,0.38742549314157454
0,value_2031,l2_slot_value_attention,2,0.38584531639140474
0,value_2031,l2_slot_value_attention,3,0.38896192653594647
0,coherent_2103,l1_true_key_attention,0,0.3009562082006596
0,coherent_2103,l1_true_key_attention,1,0.33517506367206806
0,coherent_2103,l1_true_key_attention,2,0.3740072337750462
0,coherent_2103,l1_true_key_attention,3,0.5843010039825458
0,coherent_2103,l1_slot_key_attention,0,0.3009562082006596
0,coherent_2103,l1_slot_key_attention,1,0.33517506367206806
0,coherent_2103,l1_slot_key_attention,2,0.3740072337750462
0,coherent_2103,l1_slot_key_attention,3,0.5843010039825458
0,coherent_2103,l2_original_value_attention,0,0.3394486488892517
0,coherent_2103,l2_original_value_attention,1,0.33834584119648636
0,coherent_2103,l2_original_value_attention,2,0.34095223661171725
0,coherent_2103,l2_original_value_attention,3,0.3498829182718439
0,coherent_2103,l2_slot_value_attention,0,0.3394486488892517
0,coherent_2103,l2_slot_value_attention,1,0.33834584119648636
0,coherent_2103,l2_slot_value_attention,2,0.34095223661171725
0,coherent_2103,l2_slot_value_attention,3,0.3498829182718439
0,value_2103,l1_true_key_attention,0,0.25966815801075427
0,value_2103,l1_true_key_attention,1,0.2975219285872299
0,value_2103,l1_true_key_attention,2,0.30597950924857287
0,value_2103,l1_true_key_attention,3,0.3775065661757253
0,value_2103,l1_slot_key_attention,0,0.3007966739824042
0,value_2103,l1_slot_key_attention,1,0.3361066452853265
0,value_2103,l1_slot_key_attention,2,0.3739758911833633
0,value_2103,l1_slot_key_attention,3,0.5841692879621405
0,value_2103,l2_original_value_attention,0,0.22695650551212357
0,value_2103,l2_original_value_attention,1,0.22140467621550927
0,value_2103,l2_original_value_attention,2,0.22274319076063753
0,value_2103,l2_original_value_attention,3,0.22812821521497842
0,value_2103,l2_slot_value_attention,0,0.3872518082531638
0,value_2103,l2_slot_value_attention,1,0.38855565327390984
0,value_2103,l2_slot_value_attention,2,0.3853507950651914
0,value_2103,l2_slot_value_attention,3,0.38994019533547797
0,coherent_2130,l1_true_key_attention,0,0.30065976234618574
0,coherent_2130,l1_true_key_attention,1,0.33652602501388174
0,coherent_2130,l1_true_key_attention,2,0.3765700116782682
0,coherent_2130,l1_true_key_attention,3,0.5842387934535509
0,coherent_2130,l1_slot_key_attention,0,0.30065976234618574
0,coherent_2130,l1_slot_key_attention,1,0.33652602501388174
0,coherent_2130,l1_slot_key_attention,2,0.3765700116782682
0,coherent_2130,l1_slot_key_attention,3,0.5842387934535509
0,coherent_2130,l2_original_value_attention,0,0.3402179009207711
0,coherent_2130,l2_original_value_attention,1,0.340751625106805
0,coherent_2130,l2_original_value_attention,2,0.3444796033479953
0,coherent_2130,l2_original_value_attention,3,0.35069419957726616
0,coherent_2130,l2_slot_value_attention,0,0.3402179009207711
0,coherent_2130,l2_slot_value_attention,1,0.340751625106805
0,coherent_2130,l2_slot_value_attention,2,0.3444796033479953
0,coherent_2130,l2_slot_value_attention,3,0.35069419957726616
0,value_2130,l1_true_key_attention,0,0.2511965138473897
0,value_2130,l1_true_key_attention,1,0.25731426792481216
0,value_2130,l1_true_key_attention,2,0.2607485426851781
0,value_2130,l1_true_key_attention,3,0.2838390184697346
0,value_2130,l1_slot_key_attention,0,0.300850013984018
0,value_2130,l1_slot_key_attention,1,0.33788337576697813
0,value_2130,l1_slot_key_attention,2,0.37609388992132153
0,value_2130,l1_slot_key_attention,3,0.5840998410421889
0,value_2130,l2_original_value_attention,0,0.16421805977783901
0,value_2130,l2_original_value_attention,1,0.17196650829612053
0,value_2130,l2_original_value_attention,2,0.1514977105361831
0,value_2130,l2_original_value_attention,3,0.16515899025117656
0,value_2130,l2_slot_value_attention,0,0.385134142432197
0,value_2130,l2_slot_value_attention,1,0.38468737535319547
0,value_2130,l2_slot_value_attention,2,0.38881828862871387
0,value_2130,l2_slot_value_attention,3,0.3909996968754268
0,coherent_2301,l1_true_key_attention,0,0.3006312998913927
0,coherent_2301,l1_true_key_attention,1,0.33825332547712605
0,coherent_2301,l1_true_key_attention,2,0.3766740870923968
0,coherent_2301,l1_true_key_attention,3,0.5836767887085443
0,coherent_2301,l1_slot_key_attention,0,0.3006312998913927
0,coherent_2301,l1_slot_key_attention,1,0.33825332547712605
0,coherent_2301,l1_slot_key_attention,2,0.3766740870923968
0,coherent_2301,l1_slot_key_attention,3,0.5836767887085443
0,coherent_2301,l2_original_value_attention,0,0.34659341201024046
0,coherent_2301,l2_original_value_attention,1,0.338744880932553
0,coherent_2301,l2_original_value_attention,2,0.3491930491704416
0,coherent_2301,l2_original_value_attention,3,0.3511929373885058
0,coherent_2301,l2_slot_value_attention,0,0.34659341201024046
0,coherent_2301,l2_slot_value_attention,1,0.338744880932553
0,coherent_2301,l2_slot_value_attention,2,0.3491930491704416
0,coherent_2301,l2_slot_value_attention,3,0.3511929373885058
0,value_2301,l1_true_key_attention,0,0.24086939122207696
0,value_2301,l1_true_key_attention,1,0.24028676109810476
0,value_2301,l1_true_key_attention,2,0.2375445242068963
0,value_2301,l1_true_key_attention,3,0.18177012290107086
0,value_2301,l1_slot_key_attention,0,0.3007232100353576
0,value_2301,l1_slot_key_attention,1,0.3392900781109347
0,value_2301,l1_slot_key_attention,2,0.376261440491362
0,value_2301,l1_slot_key_attention,3,0.5833150721446145
0,value_2301,l2_original_value_attention,0,0.0876131246494972
0,value_2301,l2_original_value_attention,1,0.09127127962975001
0,value_2301,l2_original_value_attention,2,0.08248245005862505
0,value_2301,l2_original_value_attention,3,0.09268296261237287
0,value_2301,l2_slot_value_attention,0,0.3866766277831548
0,value_2301,l2_slot_value_attention,1,0.38901824624147663
0,value_2301,l2_slot_value_attention,2,0.3894940980190373
0,value_2301,l2_slot_value_attention,3,0.38827905282646746
0,coherent_2310,l1_true_key_attention,0,0.3004221088194754
0,coherent_2310,l1_true_key_attention,1,0.3389423828921281
0,coherent_2310,l1_true_key_attention,2,0.37884700956055894
0,coherent_2310,l1_true_key_attention,3,0.5837572411255678
0,coherent_2310,l1_slot_key_attention,0,0.3004221088194754
0,coherent_2310,l1_slot_key_attention,1,0.3389423828921281
0,coherent_2310,l1_slot_key_attention,2,0.37884700956055894
0,coherent_2310,l1_slot_key_attention,3,0.5837572411255678
0,coherent_2310,l2_original_value_attention,0,0.3398122213164502
0,coherent_2310,l2_original_value_attention,1,0.3344125207027283
0,coherent_2310,l2_original_value_attention,2,0.34667511043860433
0,coherent_2310,l2_original_value_attention,3,0.34923653814663796
0,coherent_2310,l2_slot_value_attention,0,0.3398122213164502
0,coherent_2310,l2_slot_value_attention,1,0.3344125207027283
0,coherent_2310,l2_slot_value_attention,2,0.34667511043860433
0,coherent_2310,l2_slot_value_attention,3,0.34923653814663796
0,value_2310,l1_true_key_attention,0,0.25259270815877244
0,value_2310,l1_true_key_attention,1,0.2234487969253678
0,value_2310,l1_true_key_attention,2,0.17349192448091344
0,value_2310,l1_true_key_attention,3,0.1871222962727188
0,value_2310,l1_slot_key_attention,0,0.3007472900208086
0,value_2310,l1_slot_key_attention,1,0.3394222506613005
0,value_2310,l1_slot_key_attention,2,0.37739172747387784
0,value_2310,l1_slot_key_attention,3,0.5823319259798154
0,value_2310,l2_original_value_attention,0,0.11777251584270011
0,value_2310,l2_original_value_attention,1,0.12485597369219714
0,value_2310,l2_original_value_attention,2,0.10539104729357095
0,value_2310,l2_original_value_attention,3,0.11902100315831633
0,value_2310,l2_slot_value_attention,0,0.3892664187749425
0,value_2310,l2_slot_value_attention,1,0.38558738026611433
0,value_2310,l2_slot_value_attention,2,0.39357343205332296
0,value_2310,l2_slot_value_attention,3,0.39150872801615594
0,coherent_3012,l1_true_key_attention,0,0.2999098512955243
0,coherent_3012,l1_true_key_attention,1,0.33631278749817284
0,coherent_3012,l1_true_key_attention,2,0.3782859536659089
0,coherent_3012,l1_true_key_attention,3,0.5813768797961529
0,coherent_3012,l1_slot_key_attention,0,0.2999098512955243
0,coherent_3012,l1_slot_key_attention,1,0.33631278749817284
0,coherent_3012,l1_slot_key_attention,2,0.3782859536659089
0,coherent_3012,l1_slot_key_attention,3,0.5813768797961529
0,coherent_3012,l2_original_value_attention,0,0.38993785497725186
0,coherent_3012,l2_original_value_attention,1,0.3807154287435126
0,coherent_3012,l2_original_value_attention,2,0.3975713454678225
0,coherent_3012,l2_original_value_attention,3,0.3941963907276836
0,coherent_3012,l2_slot_value_attention,0,0.38993785497725186
0,coherent_3012,l2_slot_value_attention,1,0.3807154287435126
0,coherent_3012,l2_slot_value_attention,2,0.3975713454678225
0,coherent_3012,l2_slot_value_attention,3,0.3941963907276836
0,value_3012,l1_true_key_attention,0,0.21240332368324744
0,value_3012,l1_true_key_attention,1,0.1669576513413631
0,value_3012,l1_true_key_attention,2,0.13630368237863877
0,value_3012,l1_true_key_attention,3,0.04350657213717568
0,value_3012,l1_slot_key_attention,0,0.30035329394740984
0,value_3012,l1_slot_key_attention,1,0.33638660707947565
0,value_3012,l1_slot_key_attention,2,0.3763133132160874
0,value_3012,l1_slot_key_attention,3,0.5810708887001965
0,value_3012,l2_original_value_attention,0,0.05853779632375765
0,value_3012,l2_original_value_attention,1,0.060267048527940355
0,value_3012,l2_original_value_attention,2,0.050612680914167735
0,value_3012,l2_original_value_attention,3,0.06038909863487256
0,value_3012,l2_slot_value_attention,0,0.38694163053007385
0,value_3012,l2_slot_value_attention,1,0.3827697229935989
0,value_3012,l2_slot_value_attention,2,0.3880576265834671
0,value_3012,l2_slot_value_attention,3,0.3879981007527608
0,coherent_3021,l1_true_key_attention,0,0.29971122299320996
0,coherent_3021,l1_true_key_attention,1,0.3375249898817856
0,coherent_3021,l1_true_key_attention,2,0.3756914583645994
0,coherent_3021,l1_true_key_attention,3,0.5817495799419703
0,coherent_3021,l1_slot_key_attention,0,0.29971122299320996
0,coherent_3021,l1_slot_key_attention,1,0.3375249898817856
0,coherent_3021,l1_slot_key_attention,2,0.3756914583645994
0,coherent_3021,l1_slot_key_attention,3,0.5817495799419703
0,coherent_3021,l2_original_value_attention,0,0.39392137746830946
0,coherent_3021,l2_original_value_attention,1,0.3896258568366264
0,coherent_3021,l2_original_value_attention,2,0.40588455491084474
0,coherent_3021,l2_original_value_attention,3,0.39956330578801236
0,coherent_3021,l2_slot_value_attention,0,0.39392137746830946
0,coherent_3021,l2_slot_value_attention,1,0.3896258568366264
0,coherent_3021,l2_slot_value_attention,2,0.40588455491084474
0,coherent_3021,l2_slot_value_attention,3,0.39956330578801236
0,value_3021,l1_true_key_attention,0,0.28050755878939526
0,value_3021,l1_true_key_attention,1,0.2661036162171513
0,value_3021,l1_true_key_attention,2,0.2826823058858281
0,value_3021,l1_true_key_attention,3,0.3926065162595478
0,value_3021,l1_slot_key_attention,0,0.29962897452060133
0,value_3021,l1_slot_key_attention,1,0.3375162139200256
0,value_3021,l1_slot_key_attention,2,0.3744349430053262
0,value_3021,l1_slot_key_attention,3,0.5820916121883783
0,value_3021,l2_original_value_attention,0,0.2374478778511079
0,value_3021,l2_original_value_attention,1,0.24150188442444143
0,value_3021,l2_original_value_attention,2,0.23801597149310363
0,value_3021,l2_original_value_attention,3,0.2448882971620281
0,value_3021,l2_slot_value_attention,0,0.3814564917434169
0,value_3021,l2_slot_value_attention,1,0.38376519899369604
0,value_3021,l2_slot_value_attention,2,0.3860406545179984
0,value_3021,l2_slot_value_attention,3,0.38587462912596276
0,coherent_3102,l1_true_key_attention,0,0.29977927754225675
0,coherent_3102,l1_true_key_attention,1,0.33655209135758923
0,coherent_3102,l1_true_key_attention,2,0.37801044851221377
0,coherent_3102,l1_true_key_attention,3,0.5822745646582916
0,coherent_3102,l1_slot_key_attention,0,0.29977927754225675
0,coherent_3102,l1_slot_key_attention,1,0.33655209135758923
0,coherent_3102,l1_slot_key_attention,2,0.37801044851221377
0,coherent_3102,l1_slot_key_attention,3,0.5822745646582916
0,coherent_3102,l2_original_value_attention,0,0.3831092957492812
0,coherent_3102,l2_original_value_attention,1,0.3738481145859113
0,coherent_3102,l2_original_value_attention,2,0.38806646637032016
0,coherent_3102,l2_original_value_attention,3,0.39225440220111557
0,coherent_3102,l2_slot_value_attention,0,0.3831092957492812
0,coherent_3102,l2_slot_value_attention,1,0.3738481145859113
0,coherent_3102,l2_slot_value_attention,2,0.38806646637032016
0,coherent_3102,l2_slot_value_attention,3,0.39225440220111557
0,value_3102,l1_true_key_attention,0,0.2146124633582076
0,value_3102,l1_true_key_attention,1,0.21922764362534508
0,value_3102,l1_true_key_attention,2,0.2641145537709235
0,value_3102,l1_true_key_attention,3,0.15029505372149288
0,value_3102,l1_slot_key_attention,0,0.3004353241994977
0,value_3102,l1_slot_key_attention,1,0.3371434134314768
0,value_3102,l1_slot_key_attention,2,0.3775377043202752
0,value_3102,l1_slot_key_attention,3,0.5823089280747809
0,value_3102,l2_original_value_attention,0,0.10106020524590789
0,value_3102,l2_original_value_attention,1,0.10392978437453772
0,value_3102,l2_original_value_attention,2,0.09507745401826727
0,value_3102,l2_original_value_attention,3,0.10423542143090302
0,value_3102,l2_slot_value_attention,0,0.3870923267425918
0,value_3102,l2_slot_value_attention,1,0.38371033472466093
0,value_3102,l2_slot_value_attention,2,0.3883683715075592
0,value_3102,l2_slot_value_attention,3,0.3871107859051332
0,coherent_3120,l1_true_key_attention,0,0.29953387219575234
0,coherent_3120,l1_true_key_attention,1,0.3389589944999898
0,coherent_3120,l1_true_key_attention,2,0.37964963731064927
0,coherent_3120,l1_true_key_attention,3,0.5828105841937941
0,coherent_3120,l1_slot_key_attention,0,0.29953387219575234
0,coherent_3120,l1_slot_key_attention,1,0.3389589944999898
0,coherent_3120,l1_slot_key_attention,2,0.37964963731064927
0,coherent_3120,l1_slot_key_attention,3,0.5828105841937941
0,coherent_3120,l2_original_value_attention,0,0.376293717220049
0,coherent_3120,l2_original_value_attention,1,0.37350578883884283
0,coherent_3120,l2_original_value_attention,2,0.38198743827397347
0,coherent_3120,l2_original_value_attention,3,0.38588399858469313
0,coherent_3120,l2_slot_value_attention,0,0.376293717220049
0,coherent_3120,l2_slot_value_attention,1,0.37350578883884283
0,coherent_3120,l2_slot_value_attention,2,0.38198743827397347
0,coherent_3120,l2_slot_value_attention,3,0.38588399858469313
0,value_3120,l1_true_key_attention,0,0.29444519120443147
0,value_3120,l1_true_key_attention,1,0.30215988875715993
0,value_3120,l1_true_key_attention,2,0.34740210884046974
0,value_3120,l1_true_key_attention,3,0.5049566278321436
0,value_3120,l1_slot_key_attention,0,0.29973614757182077
0,value_3120,l1_slot_key_attention,1,0.3390081923062098
0,value_3120,l1_slot_key_attention,2,0.3792815104025067
0,value_3120,l1_slot_key_attention,3,0.5826165613980265
0,value_3120,l2_original_value_attention,0,0.30947545629087203
0,value_3120,l2_original_value_attention,1,0.3164613979472672
0,value_3120,l2_original_value_attention,2,0.3038532058959413
0,value_3120,l2_original_value_attention,3,0.31375153438029113
0,value_3120,l2_slot_value_attention,0,0.3831151680403005
0,value_3120,l2_slot_value_attention,1,0.38096021899437726
0,value_3120,l2_slot_value_attention,2,0.3897524265893435
0,value_3120,l2_slot_value_attention,3,0.3873716176326622
0,coherent_3201,l1_true_key_attention,0,0.3001985967712244
0,coherent_3201,l1_true_key_attention,1,0.33901836234144866
0,coherent_3201,l1_true_key_attention,2,0.37753585937753087
0,coherent_3201,l1_true_key_attention,3,0.5822321537416428
0,coherent_3201,l1_slot_key_attention,0,0.3001985967712244
0,coherent_3201,l1_slot_key_attention,1,0.33901836234144866
0,coherent_3201,l1_slot_key_attention,2,0.37753585937753087
0,coherent_3201,l1_slot_key_attention,3,0.5822321537416428
0,coherent_3201,l2_original_value_attention,0,0.3808577288988668
0,coherent_3201,l2_original_value_attention,1,0.3718305439854443
0,coherent_3201,l2_original_value_attention,2,0.386154037584987
0,coherent_3201,l2_original_value_attention,3,0.38562430073514375
0,coherent_3201,l2_slot_value_attention,0,0.3808577288988668
0,coherent_3201,l2_slot_value_attention,1,0.3718305439854443
0,coherent_3201,l2_slot_value_attention,2,0.386154037584987
0,coherent_3201,l2_slot_value_attention,3,0.38562430073514375
0,value_3201,l1_true_key_attention,0,0.24074011398624862
0,value_3201,l1_true_key_attention,1,0.2137218887473864
0,value_3201,l1_true_key_attention,2,0.20097680145772756
0,value_3201,l1_true_key_attention,3,0.17839344569074456
0,value_3201,l1_slot_key_attention,0,0.2999928344361251
0,value_3201,l1_slot_key_attention,1,0.33916218277590815
0,value_3201,l1_slot_key_attention,2,0.37632426439085975
0,value_3201,l1_slot_key_attention,3,0.582530523170135
0,value_3201,l2_original_value_attention,0,0.08600952147540418
0,value_3201,l2_original_value_attention,1,0.08951853819147776
0,value_3201,l2_original_value_attention,2,0.0804636278119533
0,value_3201,l2_original_value_attention,3,0.092564312930713
0,value_3201,l2_slot_value_attention,0,0.3887230418580247
0,value_3201,l2_slot_value_attention,1,0.3893711113395406
0,value_3201,l2_slot_value_attention,2,0.3908677946980707
0,value_3201,l2_slot_value_attention,3,0.3873143547737808
0,coherent_3210,l1_true_key_attention,0,0.30011878299410455
0,coherent_3210,l1_true_key_attention,1,0.339591536023363
0,coherent_3210,l1_true_key_attention,2,0.37934959933772916
0,coherent_3210,l1_true_key_attention,3,0.5821444725152105
0,coherent_3210,l1_slot_key_attention,0,0.30011878299410455
0,coherent_3210,l1_slot_key_attention,1,0.339591536023363
0,coherent_3210,l1_slot_key_attention,2,0.37934959933772916
0,coherent_3210,l1_slot_key_attention,3,0.5821444725152105
0,coherent_3210,l2_original_value_attention,0,0.37439064541213246
0,coherent_3210,l2_original_value_attention,1,0.3672950371881492
0,coherent_3210,l2_original_value_attention,2,0.37820392787365714
0,coherent_3210,l2_original_value_attention,3,0.3792379178289858
0,coherent_3210,l2_slot_value_attention,0,0.37439064541213246
0,coherent_3210,l2_slot_value_attention,1,0.3672950371881492
0,coherent_3210,l2_slot_value_attention,2,0.37820392787365714
0,coherent_3210,l2_slot_value_attention,3,0.3792379178289858
0,value_3210,l1_true_key_attention,0,0.25246728405181784
0,value_3210,l1_true_key_attention,1,0.19688987854169682
0,value_3210,l1_true_key_attention,2,0.13698847696468874
0,value_3210,l1_true_key_attention,3,0.18374113119352842
0,value_3210,l1_slot_key_attention,0,0.30001733668905217
0,value_3210,l1_slot_key_attention,1,0.33929211538634263
0,value_3210,l1_slot_key_attention,2,0.37748024463508045
0,value_3210,l1_slot_key_attention,3,0.5815507623483427
0,value_3210,l2_original_value_attention,0,0.11652163817035145
0,value_3210,l2_original_value_attention,1,0.12178733959633495
0,value_3210,l2_original_value_attention,2,0.10364648486121458
0,value_3210,l2_original_value_attention,3,0.11893848922931463
0,value_3210,l2_slot_value_attention,0,0.39034374248381987
0,value_3210,l2_slot_value_attention,1,0.38524749443846135
0,value_3210,l2_slot_value_attention,2,0.39502459116421373
0,value_3210,l2_slot_value_attention,3,0.39043535565404447
1,original_native,l1_true_key_attention,0,0.9906215235532727
1,original_native,l1_true_key_attention,1,0.9839808970864397
1,original_native,l1_true_key_attention,2,0.9181069531769026
1,original_native,l1_true_key_attention,3,0.6866334081860259
1,original_native,l1_slot_key_attention,0,0.9906215235532727
1,original_native,l1_slot_key_attention,1,0.9839808970864397
1,original_native,l1_slot_key_attention,2,0.9181069531769026
1,original_native,l1_slot_key_attention,3,0.6866334081860259
1,original_native,l2_original_value_attention,0,0.957799053794588
1,original_native,l2_original_value_attention,1,0.921781527067651
1,original_native,l2_original_value_attention,2,0.9621166165161412
1,original_native,l2_original_value_attention,3,0.9612345556379296
1,original_native,l2_slot_value_attention,0,0.957799053794588
1,original_native,l2_slot_value_attention,1,0.921781527067651
1,original_native,l2_slot_value_attention,2,0.9621166165161412
1,original_native,l2_slot_value_attention,3,0.9612345556379296
1,original_noop,l1_true_key_attention,0,0.9906215235532727
1,original_noop,l1_true_key_attention,1,0.9839808970864397
1,original_noop,l1_true_key_attention,2,0.9181069531769026
1,original_noop,l1_true_key_attention,3,0.6866334081860259
1,original_noop,l1_slot_key_attention,0,0.9906215235532727
1,original_noop,l1_slot_key_attention,1,0.9839808970864397
1,original_noop,l1_slot_key_attention,2,0.9181069531769026
1,original_noop,l1_slot_key_attention,3,0.6866334081860259
1,original_noop,l2_original_value_attention,0,0.957799053794588
1,original_noop,l2_original_value_attention,1,0.921781527067651
1,original_noop,l2_original_value_attention,2,0.9621166165161412
1,original_noop,l2_original_value_attention,3,0.9612345556379296
1,original_noop,l2_slot_value_attention,0,0.957799053794588
1,original_noop,l2_slot_value_attention,1,0.921781527067651
1,original_noop,l2_slot_value_attention,2,0.9621166165161412
1,original_noop,l2_slot_value_attention,3,0.9612345556379296
1,grouped_native,l1_true_key_attention,0,0.08622766084681643
1,grouped_native,l1_true_key_attention,1,0.07928009716306406
1,grouped_native,l1_true_key_attention,2,0.08798583255884296
1,grouped_native,l1_true_key_attention,3,0.09538549138596863
1,grouped_native,l1_slot_key_attention,0,0.08622766084681643
1,grouped_native,l1_slot_key_attention,1,0.07928009716306406
1,grouped_native,l1_slot_key_attention,2,0.08798583255884296
1,grouped_native,l1_slot_key_attention,3,0.09538549138596863
1,grouped_native,l2_original_value_attention,0,0.10146431114432569
1,grouped_native,l2_original_value_attention,1,0.09981311425074384
1,grouped_native,l2_original_value_attention,2,0.10338190321671961
1,grouped_native,l2_original_value_attention,3,0.09788385393140947
1,grouped_native,l2_slot_value_attention,0,0.10146431114432569
1,grouped_native,l2_slot_value_attention,1,0.09981311425074384
1,grouped_native,l2_slot_value_attention,2,0.10338190321671961
1,grouped_native,l2_slot_value_attention,3,0.09788385393140947
1,grouped_canonical,l1_true_key_attention,0,0.5548672993463697
1,grouped_canonical,l1_true_key_attention,1,0.5060258173471084
1,grouped_canonical,l1_true_key_attention,2,0.5469103589857696
1,grouped_canonical,l1_true_key_attention,3,0.3701049530936871
1,grouped_canonical,l1_slot_key_attention,0,0.5548672993463697
1,grouped_canonical,l1_slot_key_attention,1,0.5060258173471084
1,grouped_canonical,l1_slot_key_attention,2,0.5469103589857696
1,grouped_canonical,l1_slot_key_attention,3,0.3701049530936871
1,grouped_canonical,l2_original_value_attention,0,0.47759535388141233
1,grouped_canonical,l2_original_value_attention,1,0.45418099423891034
1,grouped_canonical,l2_original_value_attention,2,0.4915558284802994
1,grouped_canonical,l2_original_value_attention,3,0.48381821564334593
1,grouped_canonical,l2_slot_value_attention,0,0.47759535388141233
1,grouped_canonical,l2_slot_value_attention,1,0.45418099423891034
1,grouped_canonical,l2_slot_value_attention,2,0.4915558284802994
1,grouped_canonical,l2_slot_value_attention,3,0.48381821564334593
1,coherent_0132,l1_true_key_attention,0,0.5552627479919465
1,coherent_0132,l1_true_key_attention,1,0.5054956721287454
1,coherent_0132,l1_true_key_attention,2,0.5462872707721544
1,coherent_0132,l1_true_key_attention,3,0.37335712178901304
1,coherent_0132,l1_slot_key_attention,0,0.5552627479919465
1,coherent_0132,l1_slot_key_attention,1,0.5054956721287454
1,coherent_0132,l1_slot_key_attention,2,0.5462872707721544
1,coherent_0132,l1_slot_key_attention,3,0.37335712178901304
1,coherent_0132,l2_original_value_attention,0,0.48253570561146697
1,coherent_0132,l2_original_value_attention,1,0.4575477197578596
1,coherent_0132,l2_original_value_attention,2,0.492984413205171
1,coherent_0132,l2_original_value_attention,3,0.48877592074169435
1,coherent_0132,l2_slot_value_attention,0,0.48253570561146697
1,coherent_0132,l2_slot_value_attention,1,0.4575477197578596
1,coherent_0132,l2_slot_value_attention,2,0.492984413205171
1,coherent_0132,l2_slot_value_attention,3,0.48877592074169435
1,value_0132,l1_true_key_attention,0,0.06003606500939895
1,value_0132,l1_true_key_attention,1,0.03453231691582914
1,value_0132,l1_true_key_attention,2,0.12278156636602944
1,value_0132,l1_true_key_attention,3,0.18623400760770892
1,value_0132,l1_slot_key_attention,0,0.5549306819593767
1,value_0132,l1_slot_key_attention,1,0.506016727667884
1,value_0132,l1_slot_key_attention,2,0.5464666127372766
1,value_0132,l1_slot_key_attention,3,0.37401914030488115
1,value_0132,l2_original_value_attention,0,0.10278654385480106
1,value_0132,l2_original_value_attention,1,0.10022003861086337
1,value_0132,l2_original_value_attention,2,0.1025882105865415
1,value_0132,l2_original_value_attention,3,0.09570950908237068
1,value_0132,l2_slot_value_attention,0,0.48227066762957055
1,value_0132,l2_slot_value_attention,1,0.45645817076976447
1,value_0132,l2_slot_value_attention,2,0.493174744851138
1,value_0132,l2_slot_value_attention,3,0.4844070761338819
1,coherent_0213,l1_true_key_attention,0,0.5544520361872856
1,coherent_0213,l1_true_key_attention,1,0.5060011741443304
1,coherent_0213,l1_true_key_attention,2,0.5492340782657266
1,coherent_0213,l1_true_key_attention,3,0.3745411322452128
1,coherent_0213,l1_slot_key_attention,0,0.5544520361872856
1,coherent_0213,l1_slot_key_attention,1,0.5060011741443304
1,coherent_0213,l1_slot_key_attention,2,0.5492340782657266
1,coherent_0213,l1_slot_key_attention,3,0.3745411322452128
1,coherent_0213,l2_original_value_attention,0,0.4852594458752545
1,coherent_0213,l2_original_value_attention,1,0.4623504508164377
1,coherent_0213,l2_original_value_attention,2,0.49644551104499907
1,coherent_0213,l2_original_value_attention,3,0.4901187152840306
1,coherent_0213,l2_slot_value_attention,0,0.4852594458752545
1,coherent_0213,l2_slot_value_attention,1,0.4623504508164377
1,coherent_0213,l2_slot_value_attention,2,0.49644551104499907
1,coherent_0213,l2_slot_value_attention,3,0.4901187152840306
1,value_0213,l1_true_key_attention,0,0.3599418682133546
1,value_0213,l1_true_key_attention,1,0.3445891898154514
1,value_0213,l1_true_key_attention,2,0.4752447239443427
1,value_0213,l1_true_key_attention,3,0.3079142620190396
1,value_0213,l1_slot_key_attention,0,0.5551920490252087
1,value_0213,l1_slot_key_attention,1,0.5054145653557498
1,value_0213,l1_slot_key_attention,2,0.5491676628007554
1,value_0213,l1_slot_key_attention,3,0.37403738737339154
1,value_0213,l2_original_value_attention,0,0.2934275006738221
1,value_0213,l2_original_value_attention,1,0.2886998114602158
1,value_0213,l2_original_value_attention,2,0.30151461799497903
1,value_0213,l2_original_value_attention,3,0.29590369858777255
1,value_0213,l2_slot_value_attention,0,0.47863747767984816
1,value_0213,l2_slot_value_attention,1,0.45006206416374384
1,value_0213,l2_slot_value_attention,2,0.4862568980927908
1,value_0213,l2_slot_value_attention,3,0.4815139268042674
1,coherent_0231,l1_true_key_attention,0,0.5522152557095978
1,coherent_0231,l1_true_key_attention,1,0.5052141078776913
1,coherent_0231,l1_true_key_attention,2,0.5498932250775397
1,coherent_0231,l1_true_key_attention,3,0.379242681839969
1,coherent_0231,l1_slot_key_attention,0,0.5522152557095978
1,coherent_0231,l1_slot_key_attention,1,0.5052141078776913
1,coherent_0231,l1_slot_key_attention,2,0.5498932250775397
1,coherent_0231,l1_slot_key_attention,3,0.379242681839969
1,coherent_0231,l2_original_value_attention,0,0.4764274428779383
1,coherent_0231,l2_original_value_attention,1,0.4562283369494883
1,coherent_0231,l2_original_value_attention,2,0.4899591639788698
1,coherent_0231,l2_original_value_attention,3,0.48476503332327747
1,coherent_0231,l2_slot_value_attention,0,0.4764274428779383
1,coherent_0231,l2_slot_value_attention,1,0.4562283369494883
1,coherent_0231,l2_slot_value_attention,2,0.4899591639788698
1,coherent_0231,l2_slot_value_attention,3,0.48476503332327747
1,value_0231,l1_true_key_attention,0,0.10108794776715513
1,value_0231,l1_true_key_attention,1,0.1484654844407487
1,value_0231,l1_true_key_attention,2,0.09157412767126516
1,value_0231,l1_true_key_attention,3,0.1423436399709317
1,value_0231,l1_slot_key_attention,0,0.5552559181669494
1,value_0231,l1_slot_key_attention,1,0.5054320647323038
1,value_0231,l1_slot_key_attention,2,0.550562799704494
1,value_0231,l1_slot_key_attention,3,0.3803767247736687
1,value_0231,l2_original_value_attention,0,0.11120815226289832
1,value_0231,l2_original_value_attention,1,0.11212410030072656
1,value_0231,l2_original_value_attention,2,0.11367757501769717
1,value_0231,l2_original_value_attention,3,0.10723309850344717
1,value_0231,l2_slot_value_attention,0,0.4873381621095227
1,value_0231,l2_slot_value_attention,1,0.4584173566639169
1,value_0231,l2_slot_value_attention,2,0.49429720146249073
1,value_0231,l2_slot_value_attention,3,0.4860713968034903
1,coherent_0312,l1_true_key_attention,0,0.5533992951386608
1,coherent_0312,l1_true_key_attention,1,0.5051019100355916
1,coherent_0312,l1_true_key_attention,2,0.547977970330976
1,coherent_0312,l1_true_key_attention,3,0.3802620299975388
1,coherent_0312,l1_slot_key_attention,0,0.5533992951386608
1,coherent_0312,l1_slot_key_attention,1,0.5051019100355916
1,coherent_0312,l1_slot_key_attention,2,0.547977970330976
1,coherent_0312,l1_slot_key_attention,3,0.3802620299975388
1,coherent_0312,l2_original_value_attention,0,0.4815299258251752
1,coherent_0312,l2_original_value_attention,1,0.4567582703169662
1,coherent_0312,l2_original_value_attention,2,0.4898854568601857
1,coherent_0312,l2_original_value_attention,3,0.48935648780193347
1,coherent_0312,l2_slot_value_attention,0,0.4815299258251752
1,coherent_0312,l2_slot_value_attention,1,0.4567582703169662
1,coherent_0312,l2_slot_value_attention,2,0.4898854568601857
1,coherent_0312,l2_slot_value_attention,3,0.48935648780193347
1,value_0312,l1_true_key_attention,0,0.11133835409782478
1,value_0312,l1_true_key_attention,1,0.10911825757466431
1,value_0312,l1_true_key_attention,2,0.2596749675794854
1,value_0312,l1_true_key_attention,3,0.20201482191987452
1,value_0312,l1_slot_key_attention,0,0.555267033414566
1,value_0312,l1_slot_key_attention,1,0.5059046804817626
1,value_0312,l1_slot_key_attention,2,0.5485889740521088
1,value_0312,l1_slot_key_attention,3,0.3804802067170385
1,value_0312,l2_original_value_attention,0,0.10885448667983288
1,value_0312,l2_original_value_attention,1,0.1093420678545927
1,value_0312,l2_original_value_attention,2,0.10637501318009145
1,value_0312,l2_original_value_attention,3,0.09972224038297907
1,value_0312,l2_slot_value_attention,0,0.4807008427171776
1,value_0312,l2_slot_value_attention,1,0.45641071278984474
1,value_0312,l2_slot_value_attention,2,0.4857068199045368
1,value_0312,l2_slot_value_attention,3,0.48223836297520845
1,coherent_0321,l1_true_key_attention,0,0.5519971883186372
1,coherent_0321,l1_true_key_attention,1,0.5044113211333752
1,coherent_0321,l1_true_key_attention,2,0.5488831452239538
1,coherent_0321,l1_true_key_attention,3,0.3828329477692023
1,coherent_0321,l1_slot_key_attention,0,0.5519971883186372
1,coherent_0321,l1_slot_key_attention,1,0.5044113211333752
1,coherent_0321,l1_slot_key_attention,2,0.5488831452239538
1,coherent_0321,l1_slot_key_attention,3,0.3828329477692023
1,coherent_0321,l2_original_value_attention,0,0.48011313898200036
1,coherent_0321,l2_original_value_attention,1,0.4544763691126932
1,coherent_0321,l2_original_value_attention,2,0.4917692629051553
1,coherent_0321,l2_original_value_attention,3,0.4852043192726364
1,coherent_0321,l2_slot_value_attention,0,0.48011313898200036
1,coherent_0321,l2_slot_value_attention,1,0.4544763691126932
1,coherent_0321,l2_slot_value_attention,2,0.4917692629051553
1,coherent_0321,l2_slot_value_attention,3,0.4852043192726364
1,value_0321,l1_true_key_attention,0,0.34730107976065483
1,value_0321,l1_true_key_attention,1,0.3844219979509944
1,value_0321,l1_true_key_attention,2,0.2979721335650538
1,value_0321,l1_true_key_attention,3,0.22029869780453737
1,value_0321,l1_slot_key_attention,0,0.5552655759674963
1,value_0321,l1_slot_key_attention,1,0.5058769782190211
1,value_0321,l1_slot_key_attention,2,0.5498989938496379
1,value_0321,l1_slot_key_attention,3,0.3838834366615629
1,value_0321,l2_original_value_attention,0,0.301693945282049
1,value_0321,l2_original_value_attention,1,0.28812477914917084
1,value_0321,l2_original_value_attention,2,0.30572600168135744
1,value_0321,l2_original_value_attention,3,0.29862802812912864
1,value_0321,l2_slot_value_attention,0,0.4862050748575312
1,value_0321,l2_slot_value_attention,1,0.4620521577637073
1,value_0321,l2_slot_value_attention,2,0.49212967669629154
1,value_0321,l2_slot_value_attention,3,0.4878317742656828
1,coherent_1023,l1_true_key_attention,0,0.5541241631581215
1,coherent_1023,l1_true_key_attention,1,0.5051314082520548
1,coherent_1023,l1_true_key_attention,2,0.5448513015726348
1,coherent_1023,l1_true_key_attention,3,0.36993754473223817
1,coherent_1023,l1_slot_key_attention,0,0.5541241631581215
1,coherent_1023,l1_slot_key_attention,1,0.5051314082520548
1,coherent_1023,l1_slot_key_attention,2,0.5448513015726348
1,coherent_1023,l1_slot_key_attention,3,0.36993754473223817
1,coherent_1023,l2_original_value_attention,0,0.467467388868129
1,coherent_1023,l2_original_value_attention,1,0.444848176004907
1,coherent_1023,l2_original_value_attention,2,0.47978749332816556
1,coherent_1023,l2_original_value_attention,3,0.47015799246775875
1,coherent_1023,l2_slot_value_attention,0,0.467467388868129
1,coherent_1023,l2_slot_value_attention,1,0.444848176004907
1,coherent_1023,l2_slot_value_attention,2,0.47978749332816556
1,coherent_1023,l2_slot_value_attention,3,0.47015799246775875
1,value_1023,l1_true_key_attention,0,0.5070132102700882
1,value_1023,l1_true_key_attention,1,0.4899061290489044
1,value_1023,l1_true_key_attention,2,0.5410400662804022
1,value_1023,l1_true_key_attention,3,0.3432789455546299
1,value_1023,l1_slot_key_attention,0,0.5550449180882424
1,value_1023,l1_slot_key_attention,1,0.5059547228156589
1,value_1023,l1_slot_key_attention,2,0.5456171684199944
1,value_1023,l1_slot_key_attention,3,0.37001940894697327
1,value_1023,l2_original_value_attention,0,0.46135625842017397
1,value_1023,l2_original_value_attention,1,0.4395228979508856
1,value_1023,l2_original_value_attention,2,0.4716683708766858
1,value_1023,l2_original_value_attention,3,0.46758660540720265
1,value_1023,l2_slot_value_attention,0,0.47662170663540215
1,value_1023,l2_slot_value_attention,1,0.45808530377057144
1,value_1023,l2_slot_value_attention,2,0.48639422292995704
1,value_1023,l2_slot_value_attention,3,0.4840051078729203
1,coherent_1032,l1_true_key_attention,0,0.5532942793361144
1,coherent_1032,l1_true_key_attention,1,0.5042697363678599
1,coherent_1032,l1_true_key_attention,2,0.5443810269061942
1,coherent_1032,l1_true_key_attention,3,0.37325799714017194
1,coherent_1032,l1_slot_key_attention,0,0.5532942793361144
1,coherent_1032,l1_slot_key_attention,1,0.5042697363678599
1,coherent_1032,l1_slot_key_attention,2,0.5443810269061942
1,coherent_1032,l1_slot_key_attention,3,0.37325799714017194
1,coherent_1032,l2_original_value_attention,0,0.4652993915213755
1,coherent_1032,l2_original_value_attention,1,0.4503457952855938
1,coherent_1032,l2_original_value_attention,2,0.47874541659458664
1,coherent_1032,l2_original_value_attention,3,0.4691499007097106
1,coherent_1032,l2_slot_value_attention,0,0.4652993915213755
1,coherent_1032,l2_slot_value_attention,1,0.4503457952855938
1,coherent_1032,l2_slot_value_attention,2,0.47874541659458664
1,coherent_1032,l2_slot_value_attention,3,0.4691499007097106
1,value_1032,l1_true_key_attention,0,0.01218306931151858
1,value_1032,l1_true_key_attention,1,0.018412076395918575
1,value_1032,l1_true_key_attention,2,0.1168871661702724
1,value_1032,l1_true_key_attention,3,0.15941681982803857
1,value_1032,l1_slot_key_attention,0,0.5551105000195093
1,value_1032,l1_slot_key_attention,1,0.5059457813913468
1,value_1032,l1_slot_key_attention,2,0.545166554817115
1,value_1032,l1_slot_key_attention,3,0.37395320052746683
1,value_1032,l2_original_value_attention,0,0.08444086331965858
1,value_1032,l2_original_value_attention,1,0.0847718508821196
1,value_1032,l2_original_value_attention,2,0.08136384902051956
1,value_1032,l2_original_value_attention,3,0.07846080222855037
1,value_1032,l2_slot_value_attention,0,0.4806919066285003
1,value_1032,l2_slot_value_attention,1,0.46006681948691247
1,value_1032,l2_slot_value_attention,2,0.4883794058079266
1,value_1032,l2_slot_value_attention,3,0.4841712819158288
1,coherent_1203,l1_true_key_attention,0,0.5537245366576826
1,coherent_1203,l1_true_key_attention,1,0.5052840205171378
1,coherent_1203,l1_true_key_attention,2,0.5480853036715416
1,coherent_1203,l1_true_key_attention,3,0.3744310708716512
1,coherent_1203,l1_slot_key_attention,0,0.5537245366576826
1,coherent_1203,l1_slot_key_attention,1,0.5052840205171378
1,coherent_1203,l1_slot_key_attention,2,0.5480853036715416
1,coherent_1203,l1_slot_key_attention,3,0.3744310708716512
1,coherent_1203,l2_original_value_attention,0,0.47721489189239813
1,coherent_1203,l2_original_value_attention,1,0.4509527547418938
1,coherent_1203,l2_original_value_attention,2,0.48444880908026783
1,coherent_1203,l2_original_value_attention,3,0.48028906370361546
1,coherent_1203,l2_slot_value_attention,0,0.47721489189239813
1,coherent_1203,l2_slot_value_attention,1,0.4509527547418938
1,coherent_1203,l2_slot_value_attention,2,0.48444880908026783
1,coherent_1203,l2_slot_value_attention,3,0.48028906370361546
1,value_1203,l1_true_key_attention,0,0.26052434861048823
1,value_1203,l1_true_key_attention,1,0.25479597975936485
1,value_1203,l1_true_key_attention,2,0.27022958456655033
1,value_1203,l1_true_key_attention,3,0.24237794650252908
1,value_1203,l1_slot_key_attention,0,0.5550608892226592
1,value_1203,l1_slot_key_attention,1,0.5055118296440924
1,value_1203,l1_slot_key_attention,2,0.5483553469384788
1,value_1203,l1_slot_key_attention,3,0.3743989615904866
1,value_1203,l2_original_value_attention,0,0.2360146502920885
1,value_1203,l2_original_value_attention,1,0.23259188602527575
1,value_1203,l2_original_value_attention,2,0.2459215955634615
1,value_1203,l2_original_value_attention,3,0.2431567214004315
1,value_1203,l2_slot_value_attention,0,0.47722084021881667
1,value_1203,l2_slot_value_attention,1,0.45567442240036826
1,value_1203,l2_slot_value_attention,2,0.48447565992783115
1,value_1203,l2_slot_value_attention,3,0.4835931185687956
1,coherent_1230,l1_true_key_attention,0,0.5529208610532805
1,coherent_1230,l1_true_key_attention,1,0.5049089119420387
1,coherent_1230,l1_true_key_attention,2,0.549312402450596
1,coherent_1230,l1_true_key_attention,3,0.3807585280374042
1,coherent_1230,l1_slot_key_attention,0,0.5529208610532805
1,coherent_1230,l1_slot_key_attention,1,0.5049089119420387
1,coherent_1230,l1_slot_key_attention,2,0.549312402450596
1,coherent_1230,l1_slot_key_attention,3,0.3807585280374042
1,coherent_1230,l2_original_value_attention,0,0.4691247914485388
1,coherent_1230,l2_original_value_attention,1,0.4476038937404135
1,coherent_1230,l2_original_value_attention,2,0.4796231422930141
1,coherent_1230,l2_original_value_attention,3,0.475205336434206
1,coherent_1230,l2_slot_value_attention,0,0.4691247914485388
1,coherent_1230,l2_slot_value_attention,1,0.4476038937404135
1,coherent_1230,l2_slot_value_attention,2,0.4796231422930141
1,coherent_1230,l2_slot_value_attention,3,0.475205336434206
1,value_1230,l1_true_key_attention,0,0.22228115546386107
1,value_1230,l1_true_key_attention,1,0.23230436973972246
1,value_1230,l1_true_key_attention,2,0.059269556777508114
1,value_1230,l1_true_key_attention,3,0.1293688090154319
1,value_1230,l1_slot_key_attention,0,0.5550866146950284
1,value_1230,l1_slot_key_attention,1,0.5053653811628465
1,value_1230,l1_slot_key_attention,2,0.5498453555628657
1,value_1230,l1_slot_key_attention,3,0.38161765110271517
1,value_1230,l2_original_value_attention,0,0.12777193837767964
1,value_1230,l2_original_value_attention,1,0.14137421598503916
1,value_1230,l2_original_value_attention,2,0.13036902829193353
1,value_1230,l2_original_value_attention,3,0.1273772471137718
1,value_1230,l2_slot_value_attention,0,0.48258968998902463
1,value_1230,l2_slot_value_attention,1,0.4577057995217333
1,value_1230,l2_slot_value_attention,2,0.48582372831087745
1,value_1230,l2_slot_value_attention,3,0.4842323581265028
1,coherent_1302,l1_true_key_attention,0,0.5527814117231173
1,coherent_1302,l1_true_key_attention,1,0.504206448502373
1,coherent_1302,l1_true_key_attention,2,0.5473639404954156
1,coherent_1302,l1_true_key_attention,3,0.38068487812415697
1,coherent_1302,l1_slot_key_attention,0,0.5527814117231173
1,coherent_1302,l1_slot_key_attention,1,0.504206448502373
1,coherent_1302,l1_slot_key_attention,2,0.5473639404954156
1,coherent_1302,l1_slot_key_attention,3,0.38068487812415697
1,coherent_1302,l2_original_value_attention,0,0.4726601986397286
1,coherent_1302,l2_original_value_attention,1,0.4528455215228242
1,coherent_1302,l2_original_value_attention,2,0.4837286991597669
1,coherent_1302,l2_original_value_attention,3,0.47855762450198885
1,coherent_1302,l2_slot_value_attention,0,0.4726601986397286
1,coherent_1302,l2_slot_value_attention,1,0.4528455215228242
1,coherent_1302,l2_slot_value_attention,2,0.4837286991597669
1,coherent_1302,l2_slot_value_attention,3,0.47855762450198885
1,value_1302,l1_true_key_attention,0,0.011928558286825819
1,value_1302,l1_true_key_attention,1,0.019355298409209354
1,value_1302,l1_true_key_attention,2,0.05465697084810017
1,value_1302,l1_true_key_attention,3,0.1362420169825782
1,value_1302,l1_slot_key_attention,0,0.5551101833261782
1,value_1302,l1_slot_key_attention,1,0.505997135915095
1,value_1302,l1_slot_key_attention,2,0.5479962383105885
1,value_1302,l1_slot_key_attention,3,0.3812597266805824
1,value_1302,l2_original_value_attention,0,0.04640477832355586
1,value_1302,l2_original_value_attention,1,0.05437791352462191
1,value_1302,l2_original_value_attention,2,0.04944741779901732
1,value_1302,l2_original_value_attention,3,0.046020022994652035
1,value_1302,l2_slot_value_attention,0,0.4815361738656914
1,value_1302,l2_slot_value_attention,1,0.4593478340155263
1,value_1302,l2_slot_value_attention,2,0.4859833784046826
1,value_1302,l2_slot_value_attention,3,0.48592871052394004
1,coherent_1320,l1_true_key_attention,0,0.5529490755725419
1,coherent_1320,l1_true_key_attention,1,0.503988755546743
1,coherent_1320,l1_true_key_attention,2,0.5482647389435442
1,coherent_1320,l1_true_key_attention,3,0.3845184844249161
1,coherent_1320,l1_slot_key_attention,0,0.5529490755725419
1,coherent_1320,l1_slot_key_attention,1,0.503988755546743
1,coherent_1320,l1_slot_key_attention,2,0.5482647389435442
1,coherent_1320,l1_slot_key_attention,3,0.3845184844249161
1,coherent_1320,l2_original_value_attention,0,0.46524728139955374
1,coherent_1320,l2_original_value_attention,1,0.4453662950918445
1,coherent_1320,l2_original_value_attention,2,0.4781941456752789
1,coherent_1320,l2_original_value_attention,3,0.4733714056104808
1,coherent_1320,l2_slot_value_attention,0,0.46524728139955374
1,coherent_1320,l2_slot_value_attention,1,0.4453662950918445
1,coherent_1320,l2_slot_value_attention,2,0.4781941456752789
1,coherent_1320,l2_slot_value_attention,3,0.4733714056104808
1,value_1320,l1_true_key_attention,0,0.46850025800813455
1,value_1320,l1_true_key_attention,1,0.4682598020444857
1,value_1320,l1_true_key_attention,2,0.26641693683632184
1,value_1320,l1_true_key_attention,3,0.2072576765967824
1,value_1320,l1_slot_key_attention,0,0.5550952437624801
1,value_1320,l1_slot_key_attention,1,0.5058099451853195
1,value_1320,l1_slot_key_attention,2,0.5491909758275142
1,value_1320,l1_slot_key_attention,3,0.3852121704694582
1,value_1320,l2_original_value_attention,0,0.3145012410227175
1,value_1320,l2_original_value_attention,1,0.3172221743531473
1,value_1320,l2_original_value_attention,2,0.32241406387849453
1,value_1320,l2_original_value_attention,3,0.3186180159378676
1,value_1320,l2_slot_value_attention,0,0.4830792749602705
1,value_1320,l2_slot_value_attention,1,0.46011806645994613
1,value_1320,l2_slot_value_attention,2,0.4836680292846895
1,value_1320,l2_slot_value_attention,3,0.48622784096203886
1,coherent_2013,l1_true_key_attention,0,0.5541005633276654
1,coherent_2013,l1_true_key_attention,1,0.5061149078828748
1,coherent_2013,l1_true_key_attention,2,0.550095743019483
1,coherent_2013,l1_true_key_attention,3,0.37903862216626294
1,coherent_2013,l1_slot_key_attention,0,0.5541005633276654
1,coherent_2013,l1_slot_key_attention,1,0.5061149078828748
1,coherent_2013,l1_slot_key_attention,2,0.550095743019483
1,coherent_2013,l1_slot_key_attention,3,0.37903862216626294
1,coherent_2013,l2_original_value_attention,0,0.4678697236098484
1,coherent_2013,l2_original_value_attention,1,0.4387683353362381
1,coherent_2013,l2_original_value_attention,2,0.479364780831101
1,coherent_2013,l2_original_value_attention,3,0.4667637375727701
1,coherent_2013,l2_slot_value_attention,0,0.4678697236098484
1,coherent_2013,l2_slot_value_attention,1,0.4387683353362381
1,coherent_2013,l2_slot_value_attention,2,0.479364780831101
1,coherent_2013,l2_slot_value_attention,3,0.4667637375727701
1,value_2013,l1_true_key_attention,0,0.3625983600213658
1,value_2013,l1_true_key_attention,1,0.34408493389491923
1,value_2013,l1_true_key_attention,2,0.5055956603464438
1,value_2013,l1_true_key_attention,3,0.33183636439207476
1,value_2013,l1_slot_key_attention,0,0.5553373274742626
1,value_2013,l1_slot_key_attention,1,0.505839613470016
1,value_2013,l1_slot_key_attention,2,0.5504222772142384
1,value_2013,l1_slot_key_attention,3,0.37832323358452413
1,value_2013,l2_original_value_attention,0,0.295849463164422
1,value_2013,l2_original_value_attention,1,0.2891571485929839
1,value_2013,l2_original_value_attention,2,0.30260252353104833
1,value_2013,l2_original_value_attention,3,0.29585831020505243
1,value_2013,l2_slot_value_attention,0,0.4776835289476801
1,value_2013,l2_slot_value_attention,1,0.45651012485682796
1,value_2013,l2_slot_value_attention,2,0.4848407361286494
1,value_2013,l2_slot_value_attention,3,0.48169215068854465
1,coherent_2031,l1_true_key_attention,0,0.5528040140779922
1,coherent_2031,l1_true_key_attention,1,0.5053410911204992
1,coherent_2031,l1_true_key_attention,2,0.5510503721307032
1,coherent_2031,l1_true_key_attention,3,0.38397640171751846
1,coherent_2031,l1_slot_key_attention,0,0.5528040140779922
1,coherent_2031,l1_slot_key_attention,1,0.5053410911204992
1,coherent_2031,l1_slot_key_attention,2,0.5510503721307032
1,coherent_2031,l1_slot_key_attention,3,0.38397640171751846
1,coherent_2031,l2_original_value_attention,0,0.4649698667807146
1,coherent_2031,l2_original_value_attention,1,0.44143807970475996
1,coherent_2031,l2_original_value_attention,2,0.47968982701244894
1,coherent_2031,l2_original_value_attention,3,0.46639369165299244
1,coherent_2031,l2_slot_value_attention,0,0.4649698667807146
1,coherent_2031,l2_slot_value_attention,1,0.44143807970475996
1,coherent_2031,l2_slot_value_attention,2,0.47968982701244894
1,coherent_2031,l2_slot_value_attention,3,0.46639369165299244
1,value_2031,l1_true_key_attention,0,0.10374699789372244
1,value_2031,l1_true_key_attention,1,0.14796235450967288
1,value_2031,l1_true_key_attention,2,0.12191960765630938
1,value_2031,l1_true_key_attention,3,0.16630187047849176
1,value_2031,l1_slot_key_attention,0,0.5554030637576943
1,value_2031,l1_slot_key_attention,1,0.5058602486678865
1,value_2031,l1_slot_key_attention,2,0.5518199393554823
1,value_2031,l1_slot_key_attention,3,0.38468806086166296
1,value_2031,l2_original_value_attention,0,0.11132622185931103
1,value_2031,l2_original_value_attention,1,0.1117687514743789
1,value_2031,l2_original_value_attention,2,0.11315414861125778
1,value_2031,l2_original_value_attention,3,0.1074156152467722
1,value_2031,l2_slot_value_attention,0,0.4860810872525935
1,value_2031,l2_slot_value_attention,1,0.4644129656073603
1,value_2031,l2_slot_value_attention,2,0.4922063528400244
1,value_2031,l2_slot_value_attention,3,0.48738567111553893
1,coherent_2103,l1_true_key_attention,0,0.5551420451811282
1,coherent_2103,l1_true_key_attention,1,0.5062313058151631
1,coherent_2103,l1_true_key_attention,2,0.5500600069062784
1,coherent_2103,l1_true_key_attention,3,0.3785834260415868
1,coherent_2103,l1_slot_key_attention,0,0.5551420451811282
1,coherent_2103,l1_slot_key_attention,1,0.5062313058151631
1,coherent_2103,l1_slot_key_attention,2,0.5500600069062784
1,coherent_2103,l1_slot_key_attention,3,0.3785834260415868
1,coherent_2103,l2_original_value_attention,0,0.47005908772111177
1,coherent_2103,l2_original_value_attention,1,0.43822483372172316
1,coherent_2103,l2_original_value_attention,2,0.47403631126641743
1,coherent_2103,l2_original_value_attention,3,0.4658210166956647
1,coherent_2103,l2_slot_value_attention,0,0.47005908772111177
1,coherent_2103,l2_slot_value_attention,1,0.43822483372172316
1,coherent_2103,l2_slot_value_attention,2,0.47403631126641743
1,coherent_2103,l2_slot_value_attention,3,0.4658210166956647
1,value_2103,l1_true_key_attention,0,0.3110249199089594
1,value_2103,l1_true_key_attention,1,0.27041587618441554
1,value_2103,l1_true_key_attention,2,0.30603603264898993
1,value_2103,l1_true_key_attention,3,0.2925297566544032
1,value_2103,l1_slot_key_attention,0,0.5550126879388699
1,value_2103,l1_slot_key_attention,1,0.5060174206737429
1,value_2103,l1_slot_key_attention,2,0.5498044401610969
1,value_2103,l1_slot_key_attention,3,0.37829365117067937
1,value_2103,l2_original_value_attention,0,0.25518142604419397
1,value_2103,l2_original_value_attention,1,0.2478392301804381
1,value_2103,l2_original_value_attention,2,0.26556152634701613
1,value_2103,l2_original_value_attention,3,0.25855051493348974
1,value_2103,l2_slot_value_attention,0,0.4793238951686368
1,value_2103,l2_slot_value_attention,1,0.4584669544343916
1,value_2103,l2_slot_value_attention,2,0.4882992169221677
1,value_2103,l2_slot_value_attention,3,0.4838831590050489
1,coherent_2130,l1_true_key_attention,0,0.5547410553408554
1,coherent_2130,l1_true_key_attention,1,0.5059140506928088
1,coherent_2130,l1_true_key_attention,2,0.5511914340022486
1,coherent_2130,l1_true_key_attention,3,0.38498789914592635
1,coherent_2130,l1_slot_key_attention,0,0.5547410553408554
1,coherent_2130,l1_slot_key_attention,1,0.5059140506928088
1,coherent_2130,l1_slot_key_attention,2,0.5511914340022486
1,coherent_2130,l1_slot_key_attention,3,0.38498789914592635
1,coherent_2130,l2_original_value_attention,0,0.467525775873509
1,coherent_2130,l2_original_value_attention,1,0.436843290850979
1,coherent_2130,l2_original_value_attention,2,0.4753800241908944
1,coherent_2130,l2_original_value_attention,3,0.46407493555960166
1,coherent_2130,l2_slot_value_attention,0,0.467525775873509
1,coherent_2130,l2_slot_value_attention,1,0.436843290850979
1,coherent_2130,l2_slot_value_attention,2,0.4753800241908944
1,coherent_2130,l2_slot_value_attention,3,0.46407493555960166
1,value_2130,l1_true_key_attention,0,0.27278259579179576
1,value_2130,l1_true_key_attention,1,0.2479231187462574
1,value_2130,l1_true_key_attention,2,0.09506758272891602
1,value_2130,l1_true_key_attention,3,0.17953110105736414
1,value_2130,l1_slot_key_attention,0,0.5550385395181365
1,value_2130,l1_slot_key_attention,1,0.5058727714349516
1,value_2130,l1_slot_key_attention,2,0.551283428692841
1,value_2130,l1_slot_key_attention,3,0.38551443818141706
1,value_2130,l2_original_value_attention,0,0.1453003424127451
1,value_2130,l2_original_value_attention,1,0.15610939238379953
1,value_2130,l2_original_value_attention,2,0.14881358849174114
1,value_2130,l2_original_value_attention,3,0.14230905136837488
1,value_2130,l2_slot_value_attention,0,0.4851928629005299
1,value_2130,l2_slot_value_attention,1,0.46040416310646104
1,value_2130,l2_slot_value_attention,2,0.4891343048890273
1,value_2130,l2_slot_value_attention,3,0.4855497131284938
1,coherent_2301,l1_true_key_attention,0,0.5522909087740118
1,coherent_2301,l1_true_key_attention,1,0.5050859466718975
1,coherent_2301,l1_true_key_attention,2,0.5538766104145907
1,coherent_2301,l1_true_key_attention,3,0.39118950940610375
1,coherent_2301,l1_slot_key_attention,0,0.5522909087740118
1,coherent_2301,l1_slot_key_attention,1,0.5050859466718975
1,coherent_2301,l1_slot_key_attention,2,0.5538766104145907
1,coherent_2301,l1_slot_key_attention,3,0.39118950940610375
1,coherent_2301,l2_original_value_attention,0,0.4727437104828787
1,coherent_2301,l2_original_value_attention,1,0.4407967961696559
1,coherent_2301,l2_original_value_attention,2,0.4817885299714326
1,coherent_2301,l2_original_value_attention,3,0.4753104491355877
1,coherent_2301,l2_slot_value_attention,0,0.4727437104828787
1,coherent_2301,l2_slot_value_attention,1,0.4407967961696559
1,coherent_2301,l2_slot_value_attention,2,0.4817885299714326
1,coherent_2301,l2_slot_value_attention,3,0.4753104491355877
1,value_2301,l1_true_key_attention,0,0.10349244560757143
1,value_2301,l1_true_key_attention,1,0.1489066226486102
1,value_2301,l1_true_key_attention,2,0.059484861304554215
1,value_2301,l1_true_key_attention,3,0.14306127797681256
1,value_2301,l1_slot_key_attention,0,0.5554033847292885
1,value_2301,l1_slot_key_attention,1,0.5059110127040185
1,value_2301,l1_slot_key_attention,2,0.5546217717928812
1,value_2301,l1_slot_key_attention,3,0.3918786245340016
1,value_2301,l2_original_value_attention,0,0.07568203973492459
1,value_2301,l2_original_value_attention,1,0.08080580486149136
1,value_2301,l2_original_value_attention,2,0.08054366695910345
1,value_2301,l2_original_value_attention,3,0.07509248300948866
1,value_2301,l2_slot_value_attention,0,0.4861123266270614
1,value_2301,l2_slot_value_attention,1,0.463791095774474
1,value_2301,l2_slot_value_attention,2,0.4903107049096065
1,value_2301,l2_slot_value_attention,3,0.4893505484002115
1,coherent_2310,l1_true_key_attention,0,0.5530931508401409
1,coherent_2310,l1_true_key_attention,1,0.5055547441006638
1,coherent_2310,l1_true_key_attention,2,0.5526543475716608
1,coherent_2310,l1_true_key_attention,3,0.3920431934093358
1,coherent_2310,l1_slot_key_attention,0,0.5530931508401409
1,coherent_2310,l1_slot_key_attention,1,0.5055547441006638
1,coherent_2310,l1_slot_key_attention,2,0.5526543475716608
1,coherent_2310,l1_slot_key_attention,3,0.3920431934093358
1,coherent_2310,l2_original_value_attention,0,0.46775682507999583
1,coherent_2310,l2_original_value_attention,1,0.43462016057039793
1,coherent_2310,l2_original_value_attention,2,0.4816480129071019
1,coherent_2310,l2_original_value_attention,3,0.46930999743609325
1,coherent_2310,l2_slot_value_attention,0,0.46775682507999583
1,coherent_2310,l2_slot_value_attention,1,0.43462016057039793
1,coherent_2310,l2_slot_value_attention,2,0.4816480129071019
1,coherent_2310,l2_slot_value_attention,3,0.46930999743609325
1,value_2310,l1_true_key_attention,0,0.32407608132780297
1,value_2310,l1_true_key_attention,1,0.32250247309275437
1,value_2310,l1_true_key_attention,2,0.23172444616284338
1,value_2310,l1_true_key_attention,3,0.19524835752963554
1,value_2310,l1_slot_key_attention,0,0.5553730290412204
1,value_2310,l1_slot_key_attention,1,0.5057587248011259
1,value_2310,l1_slot_key_attention,2,0.5534007712994935
1,value_2310,l1_slot_key_attention,3,0.3919726093590725
1,value_2310,l2_original_value_attention,0,0.1505124984605852
1,value_2310,l2_original_value_attention,1,0.1659344900287068
1,value_2310,l2_original_value_attention,2,0.15417970448901286
1,value_2310,l2_original_value_attention,3,0.14700047062971092
1,value_2310,l2_slot_value_attention,0,0.4831118413580243
1,value_2310,l2_slot_value_attention,1,0.4582647101337125
1,value_2310,l2_slot_value_attention,2,0.48257771599061966
1,value_2310,l2_slot_value_attention,3,0.4840319481590001
1,coherent_3012,l1_true_key_attention,0,0.5545362172560999
1,coherent_3012,l1_true_key_attention,1,0.5059621226973832
1,coherent_3012,l1_true_key_attention,2,0.5497955988394096
1,coherent_3012,l1_true_key_attention,3,0.3886906219559023
1,coherent_3012,l1_slot_key_attention,0,0.5545362172560999
1,coherent_3012,l1_slot_key_attention,1,0.5059621226973832
1,coherent_3012,l1_slot_key_attention,2,0.5497955988394096
1,coherent_3012,l1_slot_key_attention,3,0.3886906219559023
1,coherent_3012,l2_original_value_attention,0,0.4767003792185705
1,coherent_3012,l2_original_value_attention,1,0.44890346815352
1,coherent_3012,l2_original_value_attention,2,0.48212963195131564
1,coherent_3012,l2_original_value_attention,3,0.473170542519502
1,coherent_3012,l2_slot_value_attention,0,0.4767003792185705
1,coherent_3012,l2_slot_value_attention,1,0.44890346815352
1,coherent_3012,l2_slot_value_attention,2,0.48212963195131564
1,coherent_3012,l2_slot_value_attention,3,0.473170542519502
1,value_3012,l1_true_key_attention,0,0.11516681310786225
1,value_3012,l1_true_key_attention,1,0.10888107330447383
1,value_3012,l1_true_key_attention,2,0.2988829758542124
1,value_3012,l1_true_key_attention,3,0.24470593965088483
1,value_3012,l1_slot_key_attention,0,0.5552763403247809
1,value_3012,l1_slot_key_attention,1,0.5059104295505676
1,value_3012,l1_slot_key_attention,2,0.5501268280931981
1,value_3012,l1_slot_key_attention,3,0.38826416314987
1,value_3012,l2_original_value_attention,0,0.11910989072490517
1,value_3012,l2_original_value_attention,1,0.12085586177735004
1,value_3012,l2_original_value_attention,2,0.11408151826197471
1,value_3012,l2_original_value_attention,3,0.11112186214632852
1,value_3012,l2_slot_value_attention,0,0.4812082560477696
1,value_3012,l2_slot_value_attention,1,0.4597454262782308
1,value_3012,l2_slot_value_attention,2,0.48397187789830154
1,value_3012,l2_slot_value_attention,3,0.4814655049552275
1,coherent_3021,l1_true_key_attention,0,0.5529175009432947
1,coherent_3021,l1_true_key_attention,1,0.5058651966537582
1,coherent_3021,l1_true_key_attention,2,0.5506548758130521
1,coherent_3021,l1_true_key_attention,3,0.39142717789218295
1,coherent_3021,l1_slot_key_attention,0,0.5529175009432947
1,coherent_3021,l1_slot_key_attention,1,0.5058651966537582
1,coherent_3021,l1_slot_key_attention,2,0.5506548758130521
1,coherent_3021,l1_slot_key_attention,3,0.39142717789218295
1,coherent_3021,l2_original_value_attention,0,0.4753676975996808
1,coherent_3021,l2_original_value_attention,1,0.44732918836552826
1,coherent_3021,l2_original_value_attention,2,0.48238662479148464
1,coherent_3021,l2_original_value_attention,3,0.47314446488986933
1,coherent_3021,l2_slot_value_attention,0,0.4753676975996808
1,coherent_3021,l2_slot_value_attention,1,0.44732918836552826
1,coherent_3021,l2_slot_value_attention,2,0.48238662479148464
1,coherent_3021,l2_slot_value_attention,3,0.47314446488986933
1,value_3021,l1_true_key_attention,0,0.35113014561648015
1,value_3021,l1_true_key_attention,1,0.3841844875860261
1,value_3021,l1_true_key_attention,2,0.3371546395064797
1,value_3021,l1_true_key_attention,3,0.2629819367575692
1,value_3021,l1_slot_key_attention,0,0.555274098936934
1,value_3021,l1_slot_key_attention,1,0.505884237747523
1,value_3021,l1_slot_key_attention,2,0.5514198788296198
1,value_3021,l1_slot_key_attention,3,0.39166529032809194
1,value_3021,l2_original_value_attention,0,0.31182350135978865
1,value_3021,l2_original_value_attention,1,0.29985746111423256
1,value_3021,l2_original_value_attention,2,0.31494945362790105
1,value_3021,l2_original_value_attention,3,0.3094484212622614
1,value_3021,l2_slot_value_attention,0,0.48630749497617154
1,value_3021,l2_slot_value_attention,1,0.4652517403516225
1,value_3021,l2_slot_value_attention,2,0.4898843834659121
1,value_3021,l2_slot_value_attention,3,0.4870038735465382
1,coherent_3102,l1_true_key_attention,0,0.5555946308741113
1,coherent_3102,l1_true_key_attention,1,0.5062101947842166
1,coherent_3102,l1_true_key_attention,2,0.5498132116044872
1,coherent_3102,l1_true_key_attention,3,0.38827912125270814
1,coherent_3102,l1_slot_key_attention,0,0.5555946308741113
1,coherent_3102,l1_slot_key_attention,1,0.5062101947842166
1,coherent_3102,l1_slot_key_attention,2,0.5498132116044872
1,coherent_3102,l1_slot_key_attention,3,0.38827912125270814
1,coherent_3102,l2_original_value_attention,0,0.4797170844911841
1,coherent_3102,l2_original_value_attention,1,0.44829582610270224
1,coherent_3102,l2_original_value_attention,2,0.4853705071518645
1,coherent_3102,l2_original_value_attention,3,0.47527688377696264
1,coherent_3102,l2_slot_value_attention,0,0.4797170844911841
1,coherent_3102,l2_slot_value_attention,1,0.44829582610270224
1,coherent_3102,l2_slot_value_attention,2,0.4853705071518645
1,coherent_3102,l2_slot_value_attention,3,0.47527688377696264
1,value_3102,l1_true_key_attention,0,0.06358518176773487
1,value_3102,l1_true_key_attention,1,0.035241444796270116
1,value_3102,l1_true_key_attention,2,0.09902356282327673
1,value_3102,l1_true_key_attention,3,0.20488975854823366
1,value_3102,l1_slot_key_attention,0,0.5549495359009597
1,value_3102,l1_slot_key_attention,1,0.5060896027716808
1,value_3102,l1_slot_key_attention,2,0.5495176368422108
1,value_3102,l1_slot_key_attention,3,0.38821619607915636
1,value_3102,l2_original_value_attention,0,0.07369742396676156
1,value_3102,l2_original_value_attention,1,0.08130968115795448
1,value_3102,l2_original_value_attention,2,0.07796451102147897
1,value_3102,l2_original_value_attention,3,0.07346856836636999
1,value_3102,l2_slot_value_attention,0,0.48237415844831993
1,value_3102,l2_slot_value_attention,1,0.45997521675841085
1,value_3102,l2_slot_value_attention,2,0.4869547049270618
1,value_3102,l2_slot_value_attention,3,0.4854969349592051
1,coherent_3120,l1_true_key_attention,0,0.5547669764491729
1,coherent_3120,l1_true_key_attention,1,0.5066372593137203
1,coherent_3120,l1_true_key_attention,2,0.5509226983558619
1,coherent_3120,l1_true_key_attention,3,0.3921695718308911
1,coherent_3120,l1_slot_key_attention,0,0.5547669764491729
1,coherent_3120,l1_slot_key_attention,1,0.5066372593137203
1,coherent_3120,l1_slot_key_attention,2,0.5509226983558619
1,coherent_3120,l1_slot_key_attention,3,0.3921695718308911
1,coherent_3120,l2_original_value_attention,0,0.47546849858508244
1,coherent_3120,l2_original_value_attention,1,0.45595146267710485
1,coherent_3120,l2_original_value_attention,2,0.48963699002263833
1,coherent_3120,l2_original_value_attention,3,0.4802955539077194
1,coherent_3120,l2_slot_value_attention,0,0.47546849858508244
1,coherent_3120,l2_slot_value_attention,1,0.45595146267710485
1,coherent_3120,l2_slot_value_attention,2,0.48963699002263833
1,coherent_3120,l2_slot_value_attention,3,0.4802955539077194
1,value_3120,l1_true_key_attention,0,0.5201590788637986
1,value_3120,l1_true_key_attention,1,0.4841399752040161
1,value_3120,l1_true_key_attention,2,0.31073357642890187
1,value_3120,l1_true_key_attention,3,0.2758926750466344
1,value_3120,l1_slot_key_attention,0,0.5549347519990988
1,value_3120,l1_slot_key_attention,1,0.505901714481297
1,value_3120,l1_slot_key_attention,2,0.5506753345252946
1,value_3120,l1_slot_key_attention,3,0.39216727219172753
1,value_3120,l2_original_value_attention,0,0.339140889528884
1,value_3120,l2_original_value_attention,1,0.3439198099298055
1,value_3120,l2_original_value_attention,2,0.3496437509825362
1,value_3120,l2_original_value_attention,3,0.34456495176662705
1,value_3120,l2_slot_value_attention,0,0.4844286814753621
1,value_3120,l2_slot_value_attention,1,0.46113779444971326
1,value_3120,l2_slot_value_attention,2,0.48736238688337974
1,value_3120,l2_slot_value_attention,3,0.4856359717316881
1,coherent_3201,l1_true_key_attention,0,0.552707992552314
1,coherent_3201,l1_true_key_attention,1,0.5053503107337747
1,coherent_3201,l1_true_key_attention,2,0.5536884166067466
1,coherent_3201,l1_true_key_attention,3,0.39583940157899633
1,coherent_3201,l1_slot_key_attention,0,0.552707992552314
1,coherent_3201,l1_slot_key_attention,1,0.5053503107337747
1,coherent_3201,l1_slot_key_attention,2,0.5536884166067466
1,coherent_3201,l1_slot_key_attention,3,0.39583940157899633
1,coherent_3201,l2_original_value_attention,0,0.4771541592973859
1,coherent_3201,l2_original_value_attention,1,0.44538994517271835
1,coherent_3201,l2_original_value_attention,2,0.48291705248105443
1,coherent_3201,l2_original_value_attention,3,0.47300325633186807
1,coherent_3201,l2_slot_value_attention,0,0.4771541592973859
1,coherent_3201,l2_slot_value_attention,1,0.44538994517271835
1,coherent_3201,l2_slot_value_attention,2,0.48291705248105443
1,coherent_3201,l2_slot_value_attention,3,0.47300325633186807
1,value_3201,l1_true_key_attention,0,0.10463699509887192
1,value_3201,l1_true_key_attention,1,0.14917830623653572
1,value_3201,l1_true_key_attention,2,0.06794405617620214
1,value_3201,l1_true_key_attention,3,0.16106964396021795
1,value_3201,l1_slot_key_attention,0,0.5552886602381477
1,value_3201,l1_slot_key_attention,1,0.5054461062682094
1,value_3201,l1_slot_key_attention,2,0.5541384154639672
1,value_3201,l1_slot_key_attention,3,0.39607372059253976
1,value_3201,l2_original_value_attention,0,0.08263291364284492
1,value_3201,l2_original_value_attention,1,0.09218496324723251
1,value_3201,l2_original_value_attention,2,0.08944018997733227
1,value_3201,l2_original_value_attention,3,0.08422569548874845
1,value_3201,l2_slot_value_attention,0,0.48733888594451885
1,value_3201,l2_slot_value_attention,1,0.46186633276562566
1,value_3201,l2_slot_value_attention,2,0.4883597864058777
1,value_3201,l2_slot_value_attention,3,0.4883503125939224
1,coherent_3210,l1_true_key_attention,0,0.5544969295879127
1,coherent_3210,l1_true_key_attention,1,0.5060737787280232
1,coherent_3210,l1_true_key_attention,2,0.5529653877165401
1,coherent_3210,l1_true_key_attention,3,0.396727266794187
1,coherent_3210,l1_slot_key_attention,0,0.5544969295879127
1,coherent_3210,l1_slot_key_attention,1,0.5060737787280232
1,coherent_3210,l1_slot_key_attention,2,0.5529653877165401
1,coherent_3210,l1_slot_key_attention,3,0.396727266794187
1,coherent_3210,l2_original_value_attention,0,0.48341991350146335
1,coherent_3210,l2_original_value_attention,1,0.4586636975715424
1,coherent_3210,l2_original_value_attention,2,0.49875021001976344
1,coherent_3210,l2_original_value_attention,3,0.4850874747627714
1,coherent_3210,l2_slot_value_attention,0,0.48341991350146335
1,coherent_3210,l2_slot_value_attention,1,0.4586636975715424
1,coherent_3210,l2_slot_value_attention,2,0.49875021001976344
1,coherent_3210,l2_slot_value_attention,3,0.4850874747627714
1,value_3210,l1_true_key_attention,0,0.32522281587444013
1,value_3210,l1_true_key_attention,1,0.3227713393935119
1,value_3210,l1_true_key_attention,2,0.2401859742240049
1,value_3210,l1_true_key_attention,3,0.21326860325279995
1,value_3210,l1_slot_key_attention,0,0.555258789594518
1,value_3210,l1_slot_key_attention,1,0.5052927987417206
1,value_3210,l1_slot_key_attention,2,0.5529177168937167
1,value_3210,l1_slot_key_attention,3,0.3961723190441262
1,value_3210,l2_original_value_attention,0,0.1569123926587286
1,value_3210,l2_original_value_attention,1,0.17818468231967036
1,value_3210,l2_original_value_attention,2,0.16137853421494452
1,value_3210,l2_original_value_attention,3,0.15689144758205237
1,value_3210,l2_slot_value_attention,0,0.4849393980753114
1,value_3210,l2_slot_value_attention,1,0.45662198635483686
1,value_3210,l2_slot_value_attention,2,0.48339477905070033
1,value_3210,l2_slot_value_attention,3,0.4837555669915366
2,original_native,l1_true_key_attention,0,0.9657783228030894
2,original_native,l1_true_key_attention,1,0.9837301556835882
2,original_native,l1_true_key_attention,2,0.957363948400598
2,original_native,l1_true_key_attention,3,0.5361284589744173
2,original_native,l1_slot_key_attention,0,0.9657783228030894
2,original_native,l1_slot_key_attention,1,0.9837301556835882
2,original_native,l1_slot_key_attention,2,0.957363948400598
2,original_native,l1_slot_key_attention,3,0.5361284589744173
2,original_native,l2_original_value_attention,0,0.9134525486733764
2,original_native,l2_original_value_attention,1,0.852970920081134
2,original_native,l2_original_value_attention,2,0.9597382228821516
2,original_native,l2_original_value_attention,3,0.9818546982423868
2,original_native,l2_slot_value_attention,0,0.9134525486733764
2,original_native,l2_slot_value_attention,1,0.852970920081134
2,original_native,l2_slot_value_attention,2,0.9597382228821516
2,original_native,l2_slot_value_attention,3,0.9818546982423868
2,original_noop,l1_true_key_attention,0,0.9657783228030894
2,original_noop,l1_true_key_attention,1,0.9837301556835882
2,original_noop,l1_true_key_attention,2,0.957363948400598
2,original_noop,l1_true_key_attention,3,0.5361284589744173
2,original_noop,l1_slot_key_attention,0,0.9657783228030894
2,original_noop,l1_slot_key_attention,1,0.9837301556835882
2,original_noop,l1_slot_key_attention,2,0.957363948400598
2,original_noop,l1_slot_key_attention,3,0.5361284589744173
2,original_noop,l2_original_value_attention,0,0.9134525486733764
2,original_noop,l2_original_value_attention,1,0.852970920081134
2,original_noop,l2_original_value_attention,2,0.9597382228821516
2,original_noop,l2_original_value_attention,3,0.9818546982423868
2,original_noop,l2_slot_value_attention,0,0.9134525486733764
2,original_noop,l2_slot_value_attention,1,0.852970920081134
2,original_noop,l2_slot_value_attention,2,0.9597382228821516
2,original_noop,l2_slot_value_attention,3,0.9818546982423868
2,grouped_native,l1_true_key_attention,0,0.059819704374604044
2,grouped_native,l1_true_key_attention,1,0.05222742333626229
2,grouped_native,l1_true_key_attention,2,0.04791769680196012
2,grouped_native,l1_true_key_attention,3,0.11409482000817661
2,grouped_native,l1_slot_key_attention,0,0.059819704374604044
2,grouped_native,l1_slot_key_attention,1,0.05222742333626229
2,grouped_native,l1_slot_key_attention,2,0.04791769680196012
2,grouped_native,l1_slot_key_attention,3,0.11409482000817661
2,grouped_native,l2_original_value_attention,0,0.10973145154871222
2,grouped_native,l2_original_value_attention,1,0.09726526327659415
2,grouped_native,l2_original_value_attention,2,0.10967479595442593
2,grouped_native,l2_original_value_attention,3,0.11323667323345829
2,grouped_native,l2_slot_value_attention,0,0.10973145154871222
2,grouped_native,l2_slot_value_attention,1,0.09726526327659415
2,grouped_native,l2_slot_value_attention,2,0.10967479595442593
2,grouped_native,l2_slot_value_attention,3,0.11323667323345829
2,grouped_canonical,l1_true_key_attention,0,0.3097766147693619
2,grouped_canonical,l1_true_key_attention,1,0.3082836309331469
2,grouped_canonical,l1_true_key_attention,2,0.26979773632774595
2,grouped_canonical,l1_true_key_attention,3,0.21634197202001815
2,grouped_canonical,l1_slot_key_attention,0,0.3097766147693619
2,grouped_canonical,l1_slot_key_attention,1,0.3082836309331469
2,grouped_canonical,l1_slot_key_attention,2,0.26979773632774595
2,grouped_canonical,l1_slot_key_attention,3,0.21634197202001815
2,grouped_canonical,l2_original_value_attention,0,0.19515844734442409
2,grouped_canonical,l2_original_value_attention,1,0.1815285360502691
2,grouped_canonical,l2_original_value_attention,2,0.1963108809379048
2,grouped_canonical,l2_original_value_attention,3,0.20165956722290146
2,grouped_canonical,l2_slot_value_attention,0,0.19515844734442409
2,grouped_canonical,l2_slot_value_attention,1,0.1815285360502691
2,grouped_canonical,l2_slot_value_attention,2,0.1963108809379048
2,grouped_canonical,l2_slot_value_attention,3,0.20165956722290146
2,coherent_0132,l1_true_key_attention,0,0.3119394520253991
2,coherent_0132,l1_true_key_attention,1,0.3117738451255718
2,coherent_0132,l1_true_key_attention,2,0.27079806447727606
2,coherent_0132,l1_true_key_attention,3,0.21896482748707058
2,coherent_0132,l1_slot_key_attention,0,0.3119394520253991
2,coherent_0132,l1_slot_key_attention,1,0.3117738451255718
2,coherent_0132,l1_slot_key_attention,2,0.27079806447727606
2,coherent_0132,l1_slot_key_attention,3,0.21896482748707058
2,coherent_0132,l2_original_value_attention,0,0.20681313135145604
2,coherent_0132,l2_original_value_attention,1,0.19484898696354358
2,coherent_0132,l2_original_value_attention,2,0.21195597958682194
2,coherent_0132,l2_original_value_attention,3,0.21607895455457998
2,coherent_0132,l2_slot_value_attention,0,0.20681313135145604
2,coherent_0132,l2_slot_value_attention,1,0.19484898696354358
2,coherent_0132,l2_slot_value_attention,2,0.21195597958682194
2,coherent_0132,l2_slot_value_attention,3,0.21607895455457998
2,value_0132,l1_true_key_attention,0,0.22204145590148983
2,value_0132,l1_true_key_attention,1,0.19346730879078677
2,value_0132,l1_true_key_attention,2,0.2317088004638208
2,value_0132,l1_true_key_attention,3,0.21019684216298629
2,value_0132,l1_slot_key_attention,0,0.311138751123508
2,value_0132,l1_slot_key_attention,1,0.3096041373646585
2,value_0132,l1_slot_key_attention,2,0.27012109933275497
2,value_0132,l1_slot_key_attention,3,0.21861924127006205
2,value_0132,l2_original_value_attention,0,0.11644144541087202
2,value_0132,l2_original_value_attention,1,0.11592216547028882
2,value_0132,l2_original_value_attention,2,0.10989359938427117
2,value_0132,l2_original_value_attention,3,0.10166337451333685
2,value_0132,l2_slot_value_attention,0,0.1907573890052713
2,value_0132,l2_slot_value_attention,1,0.17735394981004285
2,value_0132,l2_slot_value_attention,2,0.19755476345650674
2,value_0132,l2_slot_value_attention,3,0.20682626968691487
2,coherent_0213,l1_true_key_attention,0,0.30997653681697557
2,coherent_0213,l1_true_key_attention,1,0.3090400689688977
2,coherent_0213,l1_true_key_attention,2,0.27016938351880526
2,coherent_0213,l1_true_key_attention,3,0.2172743359769811
2,coherent_0213,l1_slot_key_attention,0,0.30997653681697557
2,coherent_0213,l1_slot_key_attention,1,0.3090400689688977
2,coherent_0213,l1_slot_key_attention,2,0.27016938351880526
2,coherent_0213,l1_slot_key_attention,3,0.2172743359769811
2,coherent_0213,l2_original_value_attention,0,0.19438870571172753
2,coherent_0213,l2_original_value_attention,1,0.18034447295314987
2,coherent_0213,l2_original_value_attention,2,0.19618126678617007
2,coherent_0213,l2_original_value_attention,3,0.20208496689557504
2,coherent_0213,l2_slot_value_attention,0,0.19438870571172753
2,coherent_0213,l2_slot_value_attention,1,0.18034447295314987
2,coherent_0213,l2_slot_value_attention,2,0.19618126678617007
2,coherent_0213,l2_slot_value_attention,3,0.20208496689557504
2,value_0213,l1_true_key_attention,0,0.2902918986728764
2,value_0213,l1_true_key_attention,1,0.255392265804403
2,value_0213,l1_true_key_attention,2,0.24851409895927645
2,value_0213,l1_true_key_attention,3,0.2037272110064805
2,value_0213,l1_slot_key_attention,0,0.30991839530906873
2,value_0213,l1_slot_key_attention,1,0.30854705431556795
2,value_0213,l1_slot_key_attention,2,0.2698790085123619
2,value_0213,l1_slot_key_attention,3,0.21767300401552347
2,value_0213,l2_original_value_attention,0,0.16894139909793146
2,value_0213,l2_original_value_attention,1,0.15827622805299954
2,value_0213,l2_original_value_attention,2,0.16613736880280774
2,value_0213,l2_original_value_attention,3,0.17041453153483885
2,value_0213,l2_slot_value_attention,0,0.19332080193277437
2,value_0213,l2_slot_value_attention,1,0.17751877057959456
2,value_0213,l2_slot_value_attention,2,0.19512040828097935
2,value_0213,l2_slot_value_attention,3,0.20063490717843901
2,coherent_0231,l1_true_key_attention,0,0.3110106798776542
2,coherent_0231,l1_true_key_attention,1,0.3106694349407917
2,coherent_0231,l1_true_key_attention,2,0.2706415356369689
2,coherent_0231,l1_true_key_attention,3,0.22058562384336255
2,coherent_0231,l1_slot_key_attention,0,0.3110106798776542
2,coherent_0231,l1_slot_key_attention,1,0.3106694349407917
2,coherent_0231,l1_slot_key_attention,2,0.2706415356369689
2,coherent_0231,l1_slot_key_attention,3,0.22058562384336255
2,coherent_0231,l2_original_value_attention,0,0.2068792516545494
2,coherent_0231,l2_original_value_attention,1,0.194444821362033
2,coherent_0231,l2_original_value_attention,2,0.21412015799936618
2,coherent_0231,l2_original_value_attention,3,0.21981305588591415
2,coherent_0231,l2_slot_value_attention,0,0.2068792516545494
2,coherent_0231,l2_slot_value_attention,1,0.194444821362033
2,coherent_0231,l2_slot_value_attention,2,0.21412015799936618
2,coherent_0231,l2_slot_value_attention,3,0.21981305588591415
2,value_0231,l1_true_key_attention,0,0.24157306921915733
2,value_0231,l1_true_key_attention,1,0.24358097577351145
2,value_0231,l1_true_key_attention,2,0.2518634676671354
2,value_0231,l1_true_key_attention,3,0.21103820192729472
2,value_0231,l1_slot_key_attention,0,0.3103230123379035
2,value_0231,l1_slot_key_attention,1,0.30864368958282284
2,value_0231,l1_slot_key_attention,2,0.2699734009365784
2,value_0231,l1_slot_key_attention,3,0.22051109978929162
2,value_0231,l2_original_value_attention,0,0.14096506088516836
2,value_0231,l2_original_value_attention,1,0.13698844733392257
2,value_0231,l2_original_value_attention,2,0.14397654442857252
2,value_0231,l2_original_value_attention,3,0.13785753623629898
2,value_0231,l2_slot_value_attention,0,0.1914269073975676
2,value_0231,l2_slot_value_attention,1,0.17536222188466935
2,value_0231,l2_slot_value_attention,2,0.19700906093616866
2,value_0231,l2_slot_value_attention,3,0.2057729037491819
2,coherent_0312,l1_true_key_attention,0,0.3123824968060944
2,coherent_0312,l1_true_key_attention,1,0.31158165716624353
2,coherent_0312,l1_true_key_attention,2,0.27081932627334027
2,coherent_0312,l1_true_key_attention,3,0.22275502219054033
2,coherent_0312,l1_slot_key_attention,0,0.3123824968060944
2,coherent_0312,l1_slot_key_attention,1,0.31158165716624353
2,coherent_0312,l1_slot_key_attention,2,0.27081932627334027
2,coherent_0312,l1_slot_key_attention,3,0.22275502219054033
2,coherent_0312,l2_original_value_attention,0,0.21409262252386238
2,coherent_0312,l2_original_value_attention,1,0.1987866730748009
2,coherent_0312,l2_original_value_attention,2,0.21784182209476588
2,coherent_0312,l2_original_value_attention,3,0.2276846353104083
2,coherent_0312,l2_slot_value_attention,0,0.21409262252386238
2,coherent_0312,l2_slot_value_attention,1,0.1987866730748009
2,coherent_0312,l2_slot_value_attention,2,0.21784182209476588
2,coherent_0312,l2_slot_value_attention,3,0.2276846353104083
2,value_0312,l1_true_key_attention,0,0.24723095237277448
2,value_0312,l1_true_key_attention,1,0.19647030137275578
2,value_0312,l1_true_key_attention,2,0.23022257021511905
2,value_0312,l1_true_key_attention,3,0.22768572837958345
2,value_0312,l1_slot_key_attention,0,0.3115780974912923
2,value_0312,l1_slot_key_attention,1,0.3096851672307821
2,value_0312,l1_slot_key_attention,2,0.2701603600944509
2,value_0312,l1_slot_key_attention,3,0.2221900851582177
2,value_0312,l2_original_value_attention,0,0.12283194979028958
2,value_0312,l2_original_value_attention,1,0.12218252281797444
2,value_0312,l2_original_value_attention,2,0.1174693564055753
2,value_0312,l2_original_value_attention,3,0.11007936334555134
2,value_0312,l2_slot_value_attention,0,0.1907994369731716
2,value_0312,l2_slot_value_attention,1,0.18407702862048844
2,value_0312,l2_slot_value_attention,2,0.1965902886719937
2,value_0312,l2_slot_value_attention,3,0.20295405903607275
2,coherent_0321,l1_true_key_attention,0,0.3112805276614381
2,coherent_0321,l1_true_key_attention,1,0.30953389797650743
2,coherent_0321,l1_true_key_attention,2,0.26996682749449974
2,coherent_0321,l1_true_key_attention,3,0.2239287194024655
2,coherent_0321,l1_slot_key_attention,0,0.3112805276614381
2,coherent_0321,l1_slot_key_attention,1,0.30953389797650743
2,coherent_0321,l1_slot_key_attention,2,0.26996682749449974
2,coherent_0321,l1_slot_key_attention,3,0.2239287194024655
2,coherent_0321,l2_original_value_attention,0,0.20471099493693332
2,coherent_0321,l2_original_value_attention,1,0.1918593259808069
2,coherent_0321,l2_original_value_attention,2,0.21255910873581504
2,coherent_0321,l2_original_value_attention,3,0.21891853510698675
2,coherent_0321,l2_slot_value_attention,0,0.20471099493693332
2,coherent_0321,l2_slot_value_attention,1,0.1918593259808069
2,coherent_0321,l2_slot_value_attention,2,0.21255910873581504
2,coherent_0321,l2_slot_value_attention,3,0.21891853510698675
2,value_0321,l1_true_key_attention,0,0.28615713298495393
2,value_0321,l1_true_key_attention,1,0.29939278654637747
2,value_0321,l1_true_key_attention,2,0.2716565663649817
2,value_0321,l1_true_key_attention,3,0.24111991852987558
2,value_0321,l1_slot_key_attention,0,0.3108951927133603
2,value_0321,l1_slot_key_attention,1,0.30839336445205845
2,value_0321,l1_slot_key_attention,2,0.2699215598331648
2,value_0321,l1_slot_key_attention,3,0.22321529065447976
2,value_0321,l2_original_value_attention,0,0.17300961271507512
2,value_0321,l2_original_value_attention,1,0.16640447811098402
2,value_0321,l2_original_value_attention,2,0.18158129066605902
2,value_0321,l2_original_value_attention,3,0.1768727520387244
2,value_0321,l2_slot_value_attention,0,0.19361116350813318
2,value_0321,l2_slot_value_attention,1,0.18597415176943305
2,value_0321,l2_slot_value_attention,2,0.1973046517492174
2,value_0321,l2_slot_value_attention,3,0.20272867489739405
2,coherent_1023,l1_true_key_attention,0,0.308925405915943
2,coherent_1023,l1_true_key_attention,1,0.30828241698327474
2,coherent_1023,l1_true_key_attention,2,0.26979687029961497
2,coherent_1023,l1_true_key_attention,3,0.21637497630217695
2,coherent_1023,l1_slot_key_attention,0,0.308925405915943
2,coherent_1023,l1_slot_key_attention,1,0.30828241698327474
2,coherent_1023,l1_slot_key_attention,2,0.26979687029961497
2,coherent_1023,l1_slot_key_attention,3,0.21637497630217695
2,coherent_1023,l2_original_value_attention,0,0.1903296675969308
2,coherent_1023,l2_original_value_attention,1,0.1767181039923916
2,coherent_1023,l2_original_value_attention,2,0.19236647785911434
2,coherent_1023,l2_original_value_attention,3,0.19702413087165072
2,coherent_1023,l2_slot_value_attention,0,0.1903296675969308
2,coherent_1023,l2_slot_value_attention,1,0.1767181039923916
2,coherent_1023,l2_slot_value_attention,2,0.19236647785911434
2,coherent_1023,l2_slot_value_attention,3,0.19702413087165072
2,value_1023,l1_true_key_attention,0,0.32872032639716053
2,value_1023,l1_true_key_attention,1,0.30983230740821455
2,value_1023,l1_true_key_attention,2,0.27041718907275936
2,value_1023,l1_true_key_attention,3,0.20780307211680338
2,value_1023,l1_slot_key_attention,0,0.30916063614859013
2,value_1023,l1_slot_key_attention,1,0.30832869597361423
2,value_1023,l1_slot_key_attention,2,0.2698004826597753
2,value_1023,l1_slot_key_attention,3,0.2164080784568796
2,value_1023,l2_original_value_attention,0,0.20494525582072684
2,value_1023,l2_original_value_attention,1,0.18896598176685347
2,value_1023,l2_original_value_attention,2,0.2074648813806304
2,value_1023,l2_original_value_attention,3,0.2116539552753816
2,value_1023,l2_slot_value_attention,0,0.19155251714529095
2,value_1023,l2_slot_value_attention,1,0.1783337696897362
2,value_1023,l2_slot_value_attention,2,0.1928988033465545
2,value_1023,l2_slot_value_attention,3,0.1987127302781856
2,coherent_1032,l1_true_key_attention,0,0.31090159096493153
2,coherent_1032,l1_true_key_attention,1,0.3117578772798879
2,coherent_1032,l1_true_key_attention,2,0.2707889442172018
2,coherent_1032,l1_true_key_attention,3,0.21900109574198723
2,coherent_1032,l1_slot_key_attention,0,0.31090159096493153
2,coherent_1032,l1_slot_key_attention,1,0.3117578772798879
2,coherent_1032,l1_slot_key_attention,2,0.2707889442172018
2,coherent_1032,l1_slot_key_attention,3,0.21900109574198723
2,coherent_1032,l2_original_value_attention,0,0.2009600379320506
2,coherent_1032,l2_original_value_attention,1,0.18863532696793234
2,coherent_1032,l2_original_value_attention,2,0.20703317598066573
2,coherent_1032,l2_original_value_attention,3,0.21321525839743144
2,coherent_1032,l2_slot_value_attention,0,0.2009600379320506
2,coherent_1032,l2_slot_value_attention,1,0.18863532696793234
2,coherent_1032,l2_slot_value_attention,2,0.20703317598066573
2,coherent_1032,l2_slot_value_attention,3,0.21321525839743144
2,value_1032,l1_true_key_attention,0,0.24098564797532163
2,value_1032,l1_true_key_attention,1,0.19501650182792218
2,value_1032,l1_true_key_attention,2,0.23232820602424908
2,value_1032,l1_true_key_attention,3,0.20165984336199472
2,value_1032,l1_slot_key_attention,0,0.31052022884978214
2,value_1032,l1_slot_key_attention,1,0.3096494791097939
2,value_1032,l1_slot_key_attention,2,0.27012428439047653
2,value_1032,l1_slot_key_attention,3,0.2186831145590986
2,value_1032,l2_original_value_attention,0,0.1272306240000593
2,value_1032,l2_original_value_attention,1,0.12423435853076663
2,value_1032,l2_original_value_attention,2,0.12142081867383805
2,value_1032,l2_original_value_attention,3,0.11252422489735743
2,value_1032,l2_slot_value_attention,0,0.18778402962586807
2,value_1032,l2_slot_value_attention,1,0.1738694682054607
2,value_1032,l2_slot_value_attention,2,0.19383085694476138
2,value_1032,l2_slot_value_attention,3,0.20423623220445192
2,coherent_1203,l1_true_key_attention,0,0.30928745701385196
2,coherent_1203,l1_true_key_attention,1,0.3089436671580188
2,coherent_1203,l1_true_key_attention,2,0.2701392284143367
2,coherent_1203,l1_true_key_attention,3,0.21732820916804485
2,coherent_1203,l1_slot_key_attention,0,0.30928745701385196
2,coherent_1203,l1_slot_key_attention,1,0.3089436671580188
2,coherent_1203,l1_slot_key_attention,2,0.2701392284143367
2,coherent_1203,l1_slot_key_attention,3,0.21732820916804485
2,coherent_1203,l2_original_value_attention,0,0.18124479990047387
2,coherent_1203,l2_original_value_attention,1,0.16789028597658912
2,coherent_1203,l2_original_value_attention,2,0.18447120031795608
2,coherent_1203,l2_original_value_attention,3,0.19143005218774412
2,coherent_1203,l2_slot_value_attention,0,0.18124479990047387
2,coherent_1203,l2_slot_value_attention,1,0.16789028597658912
2,coherent_1203,l2_slot_value_attention,2,0.18447120031795608
2,coherent_1203,l2_slot_value_attention,3,0.19143005218774412
2,value_1203,l1_true_key_attention,0,0.3338671696255915
2,value_1203,l1_true_key_attention,1,0.25946849666070193
2,value_1203,l1_true_key_attention,2,0.2706955287430901
2,value_1203,l1_true_key_attention,3,0.19946275509573752
2,value_1203,l1_slot_key_attention,0,0.3096235482080374
2,value_1203,l1_slot_key_attention,1,0.3085379738622578
2,value_1203,l1_slot_key_attention,2,0.26988372768391855
2,value_1203,l1_slot_key_attention,3,0.21769459001734504
2,value_1203,l2_original_value_attention,0,0.19577879010153426
2,value_1203,l2_original_value_attention,1,0.1801341429168558
2,value_1203,l2_original_value_attention,2,0.19601706081412626
2,value_1203,l2_original_value_attention,3,0.20572473553665743
2,value_1203,l2_slot_value_attention,0,0.19330215343596646
2,value_1203,l2_slot_value_attention,1,0.17321353853420055
2,value_1203,l2_slot_value_attention,2,0.19501768765488844
2,value_1203,l2_slot_value_attention,3,0.19943931722295186
2,coherent_1230,l1_true_key_attention,0,0.3104235258360859
2,coherent_1230,l1_true_key_attention,1,0.310480427055154
2,coherent_1230,l1_true_key_attention,2,0.2706137274581124
2,coherent_1230,l1_true_key_attention,3,0.22073726504459046
2,coherent_1230,l1_slot_key_attention,0,0.3104235258360859
2,coherent_1230,l1_slot_key_attention,1,0.310480427055154
2,coherent_1230,l1_slot_key_attention,2,0.2706137274581124
2,coherent_1230,l1_slot_key_attention,3,0.22073726504459046
2,coherent_1230,l2_original_value_attention,0,0.20620402886894623
2,coherent_1230,l2_original_value_attention,1,0.1911879334430082
2,coherent_1230,l2_original_value_attention,2,0.21087354412288717
2,coherent_1230,l2_original_value_attention,3,0.2229808953568862
2,coherent_1230,l2_slot_value_attention,0,0.20620402886894623
2,coherent_1230,l2_slot_value_attention,1,0.1911879334430082
2,coherent_1230,l2_slot_value_attention,2,0.21087354412288717
2,coherent_1230,l2_slot_value_attention,3,0.2229808953568862
2,value_1230,l1_true_key_attention,0,0.10423570237662716
2,value_1230,l1_true_key_attention,1,0.23635153635405004
2,value_1230,l1_true_key_attention,2,0.22462769644334912
2,value_1230,l1_true_key_attention,3,0.2120383838628186
2,value_1230,l1_slot_key_attention,0,0.30995089931820985
2,value_1230,l1_slot_key_attention,1,0.3086274009256158
2,value_1230,l1_slot_key_attention,2,0.2699460683797952
2,value_1230,l1_slot_key_attention,3,0.22057854286686052
2,value_1230,l2_original_value_attention,0,0.10517165423136983
2,value_1230,l2_original_value_attention,1,0.10951789926450639
2,value_1230,l2_original_value_attention,2,0.0970122520429943
2,value_1230,l2_original_value_attention,3,0.08667129963286965
2,value_1230,l2_slot_value_attention,0,0.19002128762755413
2,value_1230,l2_slot_value_attention,1,0.17246129598986668
2,value_1230,l2_slot_value_attention,2,0.19494602406246941
2,value_1230,l2_slot_value_attention,3,0.2045166282704953
2,coherent_1302,l1_true_key_attention,0,0.3115069759951439
2,coherent_1302,l1_true_key_attention,1,0.31156277445552405
2,coherent_1302,l1_true_key_attention,2,0.2707703589985613
2,coherent_1302,l1_true_key_attention,3,0.22274528432171792
2,coherent_1302,l1_slot_key_attention,0,0.3115069759951439
2,coherent_1302,l1_slot_key_attention,1,0.31156277445552405
2,coherent_1302,l1_slot_key_attention,2,0.2707703589985613
2,coherent_1302,l1_slot_key_attention,3,0.22274528432171792
2,coherent_1302,l2_original_value_attention,0,0.22000870887326238
2,coherent_1302,l2_original_value_attention,1,0.2019618154752956
2,coherent_1302,l2_original_value_attention,2,0.22522356371697827
2,coherent_1302,l2_original_value_attention,3,0.23886530640497644
2,coherent_1302,l2_slot_value_attention,0,0.22000870887326238
2,coherent_1302,l2_slot_value_attention,1,0.2019618154752956
2,coherent_1302,l2_slot_value_attention,2,0.22522356371697827
2,coherent_1302,l2_slot_value_attention,3,0.23886530640497644
2,value_1302,l1_true_key_attention,0,0.29064609052147716
2,value_1302,l1_true_key_attention,1,0.20054241227262537
2,value_1302,l1_true_key_attention,2,0.2523957980956766
2,value_1302,l1_true_key_attention,3,0.22349949819181347
2,value_1302,l1_slot_key_attention,0,0.3111431597499177
2,value_1302,l1_slot_key_attention,1,0.3096705914649647
2,value_1302,l1_slot_key_attention,2,0.27015018073871033
2,value_1302,l1_slot_key_attention,3,0.22212680951633956
2,value_1302,l2_original_value_attention,0,0.14925268132834502
2,value_1302,l2_original_value_attention,1,0.144525856030587
2,value_1302,l2_original_value_attention,2,0.14675620859431776
2,value_1302,l2_original_value_attention,3,0.1450155638612052
2,value_1302,l2_slot_value_attention,0,0.19136477189409906
2,value_1302,l2_slot_value_attention,1,0.18026274072328577
2,value_1302,l2_slot_value_attention,2,0.1965278094702798
2,value_1302,l2_slot_value_attention,3,0.20200223792662048
2,coherent_1320,l1_true_key_attention,0,0.31070293081575073
2,coherent_1320,l1_true_key_attention,1,0.3093189600185724
2,coherent_1320,l1_true_key_attention,2,0.26992237558442866
2,coherent_1320,l1_true_key_attention,3,0.22404949559131637
2,coherent_1320,l1_slot_key_attention,0,0.31070293081575073
2,coherent_1320,l1_slot_key_attention,1,0.3093189600185724
2,coherent_1320,l1_slot_key_attention,2,0.26992237558442866
2,coherent_1320,l1_slot_key_attention,3,0.22404949559131637
2,coherent_1320,l2_original_value_attention,0,0.20530519013829773
2,coherent_1320,l2_original_value_attention,1,0.1896169723392649
2,coherent_1320,l2_original_value_attention,2,0.21207389977963162
2,coherent_1320,l2_original_value_attention,3,0.22438174958128057
2,coherent_1320,l2_slot_value_attention,0,0.20530519013829773
2,coherent_1320,l2_slot_value_attention,1,0.1896169723392649
2,coherent_1320,l2_slot_value_attention,2,0.21207389977963162
2,coherent_1320,l2_slot_value_attention,3,0.22438174958128057
2,value_1320,l1_true_key_attention,0,0.14881765500649635
2,value_1320,l1_true_key_attention,1,0.2921677245249157
2,value_1320,l1_true_key_attention,2,0.24441954603389604
2,value_1320,l1_true_key_attention,3,0.24203493339155102
2,value_1320,l1_slot_key_attention,0,0.3105262578537804
2,value_1320,l1_slot_key_attention,1,0.3083769016084261
2,value_1320,l1_slot_key_attention,2,0.26989461305493023
2,value_1320,l1_slot_key_attention,3,0.22324414927788894
2,value_1320,l2_original_value_attention,0,0.13666711124027792
2,value_1320,l2_original_value_attention,1,0.13891551659305154
2,value_1320,l2_original_value_attention,2,0.13305366892727852
2,value_1320,l2_original_value_attention,3,0.1257517409473882
2,value_1320,l2_slot_value_attention,0,0.1919618390957001
2,value_1320,l2_slot_value_attention,1,0.18420364738289466
2,value_1320,l2_slot_value_attention,2,0.19518253585841072
2,value_1320,l2_slot_value_attention,3,0.20120294430692648
2,coherent_2013,l1_true_key_attention,0,0.30846533521980746
2,coherent_2013,l1_true_key_attention,1,0.3091571679979097
2,coherent_2013,l1_true_key_attention,2,0.2703178590090829
2,coherent_2013,l1_true_key_attention,3,0.21883022268593777
2,coherent_2013,l1_slot_key_attention,0,0.30846533521980746
2,coherent_2013,l1_slot_key_attention,1,0.3091571679979097
2,coherent_2013,l1_slot_key_attention,2,0.2703178590090829
2,coherent_2013,l1_slot_key_attention,3,0.21883022268593777
2,coherent_2013,l2_original_value_attention,0,0.18023596700815825
2,coherent_2013,l2_original_value_attention,1,0.16565091682792624
2,coherent_2013,l2_original_value_attention,2,0.18340712445589014
2,coherent_2013,l2_original_value_attention,3,0.18843899037664544
2,coherent_2013,l2_slot_value_attention,0,0.18023596700815825
2,coherent_2013,l2_slot_value_attention,1,0.16565091682792624
2,coherent_2013,l2_slot_value_attention,2,0.18340712445589014
2,coherent_2013,l2_slot_value_attention,3,0.18843899037664544
2,value_2013,l1_true_key_attention,0,0.30974376064841636
2,value_2013,l1_true_key_attention,1,0.25887663802859606
2,value_2013,l1_true_key_attention,2,0.2499226061772788
2,value_2013,l1_true_key_attention,3,0.20130766174406745
2,value_2013,l1_slot_key_attention,0,0.309169334883336
2,value_2013,l1_slot_key_attention,1,0.3083546914276667
2,value_2013,l1_slot_key_attention,2,0.2698397438507527
2,value_2013,l1_slot_key_attention,3,0.2188525934361678
2,value_2013,l2_original_value_attention,0,0.17615949971307998
2,value_2013,l2_original_value_attention,1,0.16340844059986717
2,value_2013,l2_original_value_attention,2,0.17455263816154604
2,value_2013,l2_original_value_attention,3,0.1798796645206637
2,value_2013,l2_slot_value_attention,0,0.190236084597506
2,value_2013,l2_slot_value_attention,1,0.17777629033956155
2,value_2013,l2_slot_value_attention,2,0.19573734139353155
2,value_2013,l2_slot_value_attention,3,0.2005654635659615
2,coherent_2031,l1_true_key_attention,0,0.30931783323467243
2,coherent_2031,l1_true_key_attention,1,0.3106508477067109
2,coherent_2031,l1_true_key_attention,2,0.27074100097524934
2,coherent_2031,l1_true_key_attention,3,0.22225614972558105
2,coherent_2031,l1_slot_key_attention,0,0.30931783323467243
2,coherent_2031,l1_slot_key_attention,1,0.3106508477067109
2,coherent_2031,l1_slot_key_attention,2,0.27074100097524934
2,coherent_2031,l1_slot_key_attention,3,0.22225614972558105
2,coherent_2031,l2_original_value_attention,0,0.1843438113290878
2,coherent_2031,l2_original_value_attention,1,0.17309789872309506
2,coherent_2031,l2_original_value_attention,2,0.19188122920141124
2,coherent_2031,l2_original_value_attention,3,0.19582185960354961
2,coherent_2031,l2_slot_value_attention,0,0.1843438113290878
2,coherent_2031,l2_slot_value_attention,1,0.17309789872309506
2,coherent_2031,l2_slot_value_attention,2,0.19188122920141124
2,coherent_2031,l2_slot_value_attention,3,0.19582185960354961
2,value_2031,l1_true_key_attention,0,0.2610314570229093
2,value_2031,l1_true_key_attention,1,0.24706566572422162
2,value_2031,l1_true_key_attention,2,0.25327217933227075
2,value_2031,l1_true_key_attention,3,0.20861615870308015
2,value_2031,l1_slot_key_attention,0,0.309558487686445
2,value_2031,l1_slot_key_attention,1,0.3084513337817043
2,value_2031,l1_slot_key_attention,2,0.26993442118691746
2,value_2031,l1_slot_key_attention,3,0.22166903716424713
2,value_2031,l2_original_value_attention,0,0.14828435911611032
2,value_2031,l2_original_value_attention,1,0.14254582853388842
2,value_2031,l2_original_value_attention,2,0.15202215552322051
2,value_2031,l2_original_value_attention,3,0.1470715850851639
2,value_2031,l2_slot_value_attention,0,0.188327446241846
2,value_2031,l2_slot_value_attention,1,0.1758712567494487
2,value_2031,l2_slot_value_attention,2,0.19808768680985162
2,value_2031,l2_slot_value_attention,3,0.20504093238758347
2,coherent_2103,l1_true_key_attention,0,0.3086998598810169
2,coherent_2103,l1_true_key_attention,1,0.3090455069905147
2,coherent_2103,l1_true_key_attention,2,0.27029448284883983
2,coherent_2103,l1_true_key_attention,3,0.21896949403890176
2,coherent_2103,l1_slot_key_attention,0,0.3086998598810169
2,coherent_2103,l1_slot_key_attention,1,0.3090455069905147
2,coherent_2103,l1_slot_key_attention,2,0.27029448284883983
2,coherent_2103,l1_slot_key_attention,3,0.21896949403890176
2,coherent_2103,l2_original_value_attention,0,0.17925906041138778
2,coherent_2103,l2_original_value_attention,1,0.16445441689702897
2,coherent_2103,l2_original_value_attention,2,0.18234649665995895
2,coherent_2103,l2_original_value_attention,3,0.1880093823031143
2,coherent_2103,l2_slot_value_attention,0,0.17925906041138778
2,coherent_2103,l2_slot_value_attention,1,0.16445441689702897
2,coherent_2103,l2_slot_value_attention,2,0.18234649665995895
2,coherent_2103,l2_slot_value_attention,3,0.1880093823031143
2,value_2103,l1_true_key_attention,0,0.33435662529518595
2,value_2103,l1_true_key_attention,1,0.2614047113675042
2,value_2103,l1_true_key_attention,2,0.2714841828274075
2,value_2103,l1_true_key_attention,3,0.20545772060359013
2,value_2103,l1_slot_key_attention,0,0.3094855312592699
2,value_2103,l1_slot_key_attention,1,0.30829522680141963
2,value_2103,l1_slot_key_attention,2,0.26984442168759415
2,value_2103,l1_slot_key_attention,3,0.21891820498058223
2,value_2103,l2_original_value_attention,0,0.1925468051946132
2,value_2103,l2_original_value_attention,1,0.17805031656231463
2,value_2103,l2_original_value_attention,2,0.19349583760816352
2,value_2103,l2_original_value_attention,3,0.20414079336251081
2,value_2103,l2_slot_value_attention,0,0.19380598738539753
2,value_2103,l2_slot_value_attention,1,0.17713699541459108
2,value_2103,l2_slot_value_attention,2,0.19925766234429834
2,value_2103,l2_slot_value_attention,3,0.20217903527743208
2,coherent_2130,l1_true_key_attention,0,0.3097558835797827
2,coherent_2130,l1_true_key_attention,1,0.310478749073809
2,coherent_2130,l1_true_key_attention,2,0.2707254777851631
2,coherent_2130,l1_true_key_attention,3,0.22246152483057813
2,coherent_2130,l1_slot_key_attention,0,0.3097558835797827
2,coherent_2130,l1_slot_key_attention,1,0.310478749073809
2,coherent_2130,l1_slot_key_attention,2,0.2707254777851631
2,coherent_2130,l1_slot_key_attention,3,0.22246152483057813
2,coherent_2130,l2_original_value_attention,0,0.1928051587673473
2,coherent_2130,l2_original_value_attention,1,0.1768507863853058
2,coherent_2130,l2_original_value_attention,2,0.19728491688450242
2,coherent_2130,l2_original_value_attention,3,0.20696323160485103
2,coherent_2130,l2_slot_value_attention,0,0.1928051587673473
2,coherent_2130,l2_slot_value_attention,1,0.1768507863853058
2,coherent_2130,l2_slot_value_attention,2,0.19728491688450242
2,coherent_2130,l2_slot_value_attention,3,0.20696323160485103
2,value_2130,l1_true_key_attention,0,0.10472394134512797
2,value_2130,l1_true_key_attention,1,0.23828703881736146
2,value_2130,l1_true_key_attention,2,0.2254169793741312
2,value_2130,l1_true_key_attention,3,0.21802880328323226
2,value_2130,l1_slot_key_attention,0,0.3097985237836838
2,value_2130,l1_slot_key_attention,1,0.3083846375957364
2,value_2130,l1_slot_key_attention,2,0.26990659093280556
2,value_2130,l1_slot_key_attention,3,0.22178486696793698
2,value_2130,l2_original_value_attention,0,0.10245867695797081
2,value_2130,l2_original_value_attention,1,0.10725773402111713
2,value_2130,l2_original_value_attention,2,0.09480937243605711
2,value_2130,l2_original_value_attention,3,0.0855268020213684
2,value_2130,l2_slot_value_attention,0,0.18960240548877588
2,value_2130,l2_slot_value_attention,1,0.1767222191349682
2,value_2130,l2_slot_value_attention,2,0.2000078018097252
2,value_2130,l2_slot_value_attention,3,0.20692093421034383
2,coherent_2301,l1_true_key_attention,0,0.3101857345100143
2,coherent_2301,l1_true_key_attention,1,0.31038339222141076
2,coherent_2301,l1_true_key_attention,2,0.27070379652286647
2,coherent_2301,l1_true_key_attention,3,0.22572248228971148
2,coherent_2301,l1_slot_key_attention,0,0.3101857345100143
2,coherent_2301,l1_slot_key_attention,1,0.31038339222141076
2,coherent_2301,l1_slot_key_attention,2,0.27070379652286647
2,coherent_2301,l1_slot_key_attention,3,0.22572248228971148
2,coherent_2301,l2_original_value_attention,0,0.20519801991403452
2,coherent_2301,l2_original_value_attention,1,0.18829754201829477
2,coherent_2301,l2_original_value_attention,2,0.2090381268727678
2,coherent_2301,l2_original_value_attention,3,0.2227508358531108
2,coherent_2301,l2_slot_value_attention,0,0.20519801991403452
2,coherent_2301,l2_slot_value_attention,1,0.18829754201829477
2,coherent_2301,l2_slot_value_attention,2,0.2090381268727678
2,coherent_2301,l2_slot_value_attention,3,0.2227508358531108
2,value_2301,l1_true_key_attention,0,0.3106764210242545
2,value_2301,l1_true_key_attention,1,0.25258627745643025
2,value_2301,l1_true_key_attention,2,0.2733455520137795
2,value_2301,l1_true_key_attention,3,0.2303671775298426
2,value_2301,l1_slot_key_attention,0,0.31020150705444394
2,value_2301,l1_slot_key_attention,1,0.30847170151537284
2,value_2301,l1_slot_key_attention,2,0.26996047377906507
2,value_2301,l1_slot_key_attention,3,0.22503430407959968
2,value_2301,l2_original_value_attention,0,0.17165061691989048
2,value_2301,l2_original_value_attention,1,0.16308134491099646
2,value_2301,l2_original_value_attention,2,0.17820963380524793
2,value_2301,l2_original_value_attention,3,0.1793406598377996
2,value_2301,l2_slot_value_attention,0,0.19152046868376818
2,value_2301,l2_slot_value_attention,1,0.18165476515953974
2,value_2301,l2_slot_value_attention,2,0.20002246352667064
2,value_2301,l2_slot_value_attention,3,0.20448772825728456
2,coherent_2310,l1_true_key_attention,0,0.3104300830818829
2,coherent_2310,l1_true_key_attention,1,0.31018090507132
2,coherent_2310,l1_true_key_attention,2,0.27071122785127955
2,coherent_2310,l1_true_key_attention,3,0.22591294265293982
2,coherent_2310,l1_slot_key_attention,0,0.3104300830818829
2,coherent_2310,l1_slot_key_attention,1,0.31018090507132
2,coherent_2310,l1_slot_key_attention,2,0.27071122785127955
2,coherent_2310,l1_slot_key_attention,3,0.22591294265293982
2,coherent_2310,l2_original_value_attention,0,0.20034547941550315
2,coherent_2310,l2_original_value_attention,1,0.18232812741132598
2,coherent_2310,l2_original_value_attention,2,0.2027918800511589
2,coherent_2310,l2_original_value_attention,3,0.2182643619249884
2,coherent_2310,l2_slot_value_attention,0,0.20034547941550315
2,coherent_2310,l2_slot_value_attention,1,0.18232812741132598
2,coherent_2310,l2_slot_value_attention,2,0.2027918800511589
2,coherent_2310,l2_slot_value_attention,3,0.2182643619249884
2,value_2310,l1_true_key_attention,0,0.12989961561834207
2,value_2310,l1_true_key_attention,1,0.24128524108527927
2,value_2310,l1_true_key_attention,2,0.22393104066577507
2,value_2310,l1_true_key_attention,3,0.23537283200130332
2,value_2310,l1_slot_key_attention,0,0.31025675265846075
2,value_2310,l1_slot_key_attention,1,0.30846523538639303
2,value_2310,l1_slot_key_attention,2,0.2699463090466452
2,value_2310,l1_slot_key_attention,3,0.225233795146778
2,value_2310,l2_original_value_attention,0,0.10919957178372842
2,value_2310,l2_original_value_attention,1,0.11324449733846394
2,value_2310,l2_original_value_attention,2,0.10103789335713506
2,value_2310,l2_original_value_attention,3,0.09325955154720748
2,value_2310,l2_slot_value_attention,0,0.1894105029593086
2,value_2310,l2_slot_value_attention,1,0.18372752450129912
2,value_2310,l2_slot_value_attention,2,0.19842962430034863
2,value_2310,l2_slot_value_attention,3,0.20400937869113095
2,coherent_3012,l1_true_key_attention,0,0.3114054008037783
2,coherent_3012,l1_true_key_attention,1,0.3112707742402563
2,coherent_3012,l1_true_key_attention,2,0.2704760631531826
2,coherent_3012,l1_true_key_attention,3,0.22578297142172232
2,coherent_3012,l1_slot_key_attention,0,0.3114054008037783
2,coherent_3012,l1_slot_key_attention,1,0.3112707742402563
2,coherent_3012,l1_slot_key_attention,2,0.2704760631531826
2,coherent_3012,l1_slot_key_attention,3,0.22578297142172232
2,coherent_3012,l2_original_value_attention,0,0.23047734781324808
2,coherent_3012,l2_original_value_attention,1,0.203997404137791
2,coherent_3012,l2_original_value_attention,2,0.232922070561677
2,coherent_3012,l2_original_value_attention,3,0.24574825945516762
2,coherent_3012,l2_slot_value_attention,0,0.23047734781324808
2,coherent_3012,l2_slot_value_attention,1,0.203997404137791
2,coherent_3012,l2_slot_value_attention,2,0.232922070561677
2,coherent_3012,l2_slot_value_attention,3,0.24574825945516762
2,value_3012,l1_true_key_attention,0,0.2664441158922273
2,value_3012,l1_true_key_attention,1,0.1999656377993233
2,value_3012,l1_true_key_attention,2,0.23092114384053275
2,value_3012,l1_true_key_attention,3,0.23139207287022145
2,value_3012,l1_slot_key_attention,0,0.31119715423847083
2,value_3012,l1_slot_key_attention,1,0.30971087503712624
2,value_3012,l1_slot_key_attention,2,0.2701154560127179
2,value_3012,l1_slot_key_attention,3,0.22606150971841998
2,value_3012,l2_original_value_attention,0,0.13304479096996555
2,value_3012,l2_original_value_attention,1,0.12899731086359537
2,value_3012,l2_original_value_attention,2,0.1279858963068768
2,value_3012,l2_original_value_attention,3,0.12015828081444822
2,value_3012,l2_slot_value_attention,0,0.18877960079852854
2,value_3012,l2_slot_value_attention,1,0.1815414689701011
2,value_3012,l2_slot_value_attention,2,0.197838960445644
2,value_3012,l2_slot_value_attention,3,0.20461185329840795
2,coherent_3021,l1_true_key_attention,0,0.31057264177070465
2,coherent_3021,l1_true_key_attention,1,0.30904078904131893
2,coherent_3021,l1_true_key_attention,2,0.2697988693762454
2,coherent_3021,l1_true_key_attention,3,0.22707501417608
2,coherent_3021,l1_slot_key_attention,0,0.31057264177070465
2,coherent_3021,l1_slot_key_attention,1,0.30904078904131893
2,coherent_3021,l1_slot_key_attention,2,0.2697988693762454
2,coherent_3021,l1_slot_key_attention,3,0.22707501417608
2,coherent_3021,l2_original_value_attention,0,0.22459803286351013
2,coherent_3021,l2_original_value_attention,1,0.200669663636166
2,coherent_3021,l2_original_value_attention,2,0.2294309189969786
2,coherent_3021,l2_original_value_attention,3,0.2386002703093607
2,coherent_3021,l2_slot_value_attention,0,0.22459803286351013
2,coherent_3021,l2_slot_value_attention,1,0.200669663636166
2,coherent_3021,l2_slot_value_attention,2,0.2294309189969786
2,coherent_3021,l2_slot_value_attention,3,0.2386002703093607
2,value_3021,l1_true_key_attention,0,0.3053714860434411
2,value_3021,l1_true_key_attention,1,0.3028888718399685
2,value_3021,l1_true_key_attention,2,0.2723559711303096
2,value_3021,l1_true_key_attention,3,0.2448262189864181
2,value_3021,l1_slot_key_attention,0,0.31049883835657965
2,value_3021,l1_slot_key_attention,1,0.30841966046136804
2,value_3021,l1_slot_key_attention,2,0.26987658163852757
2,value_3021,l1_slot_key_attention,3,0.22708433977823006
2,value_3021,l2_original_value_attention,0,0.18271884591896762
2,value_3021,l2_original_value_attention,1,0.17276179349061094
2,value_3021,l2_original_value_attention,2,0.1918967481276555
2,value_3021,l2_original_value_attention,3,0.18676119674229838
2,value_3021,l2_slot_value_attention,0,0.19093128924673036
2,value_3021,l2_slot_value_attention,1,0.18399198764070565
2,value_3021,l2_slot_value_attention,2,0.19906307677906793
2,value_3021,l2_slot_value_attention,3,0.203498271937022
2,coherent_3102,l1_true_key_attention,0,0.3116894036065787
2,coherent_3102,l1_true_key_attention,1,0.31112139490142
2,coherent_3102,l1_true_key_attention,2,0.27045830927818315
2,coherent_3102,l1_true_key_attention,3,0.22595237687346525
2,coherent_3102,l1_slot_key_attention,0,0.3116894036065787
2,coherent_3102,l1_slot_key_attention,1,0.31112139490142
2,coherent_3102,l1_slot_key_attention,2,0.27045830927818315
2,coherent_3102,l1_slot_key_attention,3,0.22595237687346525
2,coherent_3102,l2_original_value_attention,0,0.2319213311083897
2,coherent_3102,l2_original_value_attention,1,0.20369914761388297
2,coherent_3102,l2_original_value_attention,2,0.23292423318779157
2,coherent_3102,l2_original_value_attention,3,0.24078380092502305
2,coherent_3102,l2_slot_value_attention,0,0.2319213311083897
2,coherent_3102,l2_slot_value_attention,1,0.20369914761388297
2,coherent_3102,l2_slot_value_attention,2,0.23292423318779157
2,coherent_3102,l2_slot_value_attention,3,0.24078380092502305
2,value_3102,l1_true_key_attention,0,0.29097724211897
2,value_3102,l1_true_key_attention,1,0.2024920609583205
2,value_3102,l1_true_key_attention,2,0.2524750573793426
2,value_3102,l1_true_key_attention,3,0.23566958933952264
2,value_3102,l1_slot_key_attention,0,0.31150772656837944
2,value_3102,l1_slot_key_attention,1,0.30965162903885357
2,value_3102,l1_slot_key_attention,2,0.2701196084453841
2,value_3102,l1_slot_key_attention,3,0.2261329206303344
2,value_3102,l2_original_value_attention,0,0.1479867676190185
2,value_3102,l2_original_value_attention,1,0.14291991955059735
2,value_3102,l2_original_value_attention,2,0.1455694753413334
2,value_3102,l2_original_value_attention,3,0.14317013011922136
2,value_3102,l2_slot_value_attention,0,0.19179363057422735
2,value_3102,l2_slot_value_attention,1,0.18144797623580367
2,value_3102,l2_slot_value_attention,2,0.20069398745573233
2,value_3102,l2_slot_value_attention,3,0.20567271661362502
2,coherent_3120,l1_true_key_attention,0,0.3111665802061907
2,coherent_3120,l1_true_key_attention,1,0.3088350199832348
2,coherent_3120,l1_true_key_attention,2,0.2697775226115482
2,coherent_3120,l1_true_key_attention,3,0.22732903632277157
2,coherent_3120,l1_slot_key_attention,0,0.3111665802061907
2,coherent_3120,l1_slot_key_attention,1,0.3088350199832348
2,coherent_3120,l1_slot_key_attention,2,0.2697775226115482
2,coherent_3120,l1_slot_key_attention,3,0.22732903632277157
2,coherent_3120,l2_original_value_attention,0,0.22021332183271677
2,coherent_3120,l2_original_value_attention,1,0.19466235669264131
2,coherent_3120,l2_original_value_attention,2,0.21790210946057104
2,coherent_3120,l2_original_value_attention,3,0.22551091538915202
2,coherent_3120,l2_slot_value_attention,0,0.22021332183271677
2,coherent_3120,l2_slot_value_attention,1,0.19466235669264131
2,coherent_3120,l2_slot_value_attention,2,0.21790210946057104
2,coherent_3120,l2_slot_value_attention,3,0.22551091538915202
2,value_3120,l1_true_key_attention,0,0.1491461730838637
2,value_3120,l1_true_key_attention,1,0.2941152536586742
2,value_3120,l1_true_key_attention,2,0.2444989446157706
2,value_3120,l1_true_key_attention,3,0.25420376424881397
2,value_3120,l1_slot_key_attention,0,0.3108725294296164
2,value_3120,l1_slot_key_attention,1,0.3083586790744448
2,value_3120,l1_slot_key_attention,2,0.26986395153653575
2,value_3120,l1_slot_key_attention,3,0.2272491457842989
2,value_3120,l2_original_value_attention,0,0.13628216813126243
2,value_3120,l2_original_value_attention,1,0.137371365772003
2,value_3120,l2_original_value_attention,2,0.1327644761720488
2,value_3120,l2_original_value_attention,3,0.12496781076008248
2,value_3120,l2_slot_value_attention,0,0.1923489228743956
2,value_3120,l2_slot_value_attention,1,0.18563855376263527
2,value_3120,l2_slot_value_attention,2,0.20063598603874483
2,value_3120,l2_slot_value_attention,3,0.20545284588883142
2,coherent_3201,l1_true_key_attention,0,0.3112454375368543
2,coherent_3201,l1_true_key_attention,1,0.3098147745768074
2,coherent_3201,l1_true_key_attention,2,0.27026174599450314
2,coherent_3201,l1_true_key_attention,3,0.22770246104482794
2,coherent_3201,l1_slot_key_attention,0,0.3112454375368543
2,coherent_3201,l1_slot_key_attention,1,0.3098147745768074
2,coherent_3201,l1_slot_key_attention,2,0.27026174599450314
2,coherent_3201,l1_slot_key_attention,3,0.22770246104482794
2,coherent_3201,l2_original_value_attention,0,0.23298195127985455
2,coherent_3201,l2_original_value_attention,1,0.20661419093787448
2,coherent_3201,l2_original_value_attention,2,0.23929171591392834
2,coherent_3201,l2_original_value_attention,3,0.2501856212328166
2,coherent_3201,l2_slot_value_attention,0,0.23298195127985455
2,coherent_3201,l2_slot_value_attention,1,0.20661419093787448
2,coherent_3201,l2_slot_value_attention,2,0.23929171591392834
2,coherent_3201,l2_slot_value_attention,3,0.2501856212328166
2,value_3201,l1_true_key_attention,0,0.31052727278438397
2,value_3201,l1_true_key_attention,1,0.2526008757049567
2,value_3201,l1_true_key_attention,2,0.2726365639246069
2,value_3201,l1_true_key_attention,3,0.23665814907872118
2,value_3201,l1_slot_key_attention,0,0.310958846428548
2,value_3201,l1_slot_key_attention,1,0.3086292749212589
2,value_3201,l1_slot_key_attention,2,0.26995975246245507
2,value_3201,l1_slot_key_attention,3,0.22838975486229174
2,value_3201,l2_original_value_attention,0,0.17375673228447786
2,value_3201,l2_original_value_attention,1,0.1639279855140731
2,value_3201,l2_original_value_attention,2,0.18010559645224272
2,value_3201,l2_original_value_attention,3,0.17993253808586582
2,value_3201,l2_slot_value_attention,0,0.19115273809767905
2,value_3201,l2_slot_value_attention,1,0.17904438569464617
2,value_3201,l2_slot_value_attention,2,0.1998217405360475
2,value_3201,l2_slot_value_attention,3,0.20525301110875852
2,coherent_3210,l1_true_key_attention,0,0.3116126439999789
2,coherent_3210,l1_true_key_attention,1,0.3097373428026913
2,coherent_3210,l1_true_key_attention,2,0.27026375474088127
2,coherent_3210,l1_true_key_attention,3,0.22789238551195012
2,coherent_3210,l1_slot_key_attention,0,0.3116126439999789
2,coherent_3210,l1_slot_key_attention,1,0.3097373428026913
2,coherent_3210,l1_slot_key_attention,2,0.27026375474088127
2,coherent_3210,l1_slot_key_attention,3,0.22789238551195012
2,coherent_3210,l2_original_value_attention,0,0.2257530362596401
2,coherent_3210,l2_original_value_attention,1,0.20008263271271165
2,coherent_3210,l2_original_value_attention,2,0.22612351702386668
2,coherent_3210,l2_original_value_attention,3,0.23578208813593754
2,coherent_3210,l2_slot_value_attention,0,0.2257530362596401
2,coherent_3210,l2_slot_value_attention,1,0.20008263271271165
2,coherent_3210,l2_slot_value_attention,2,0.22612351702386668
2,coherent_3210,l2_slot_value_attention,3,0.23578208813593754
2,value_3210,l1_true_key_attention,0,0.12975391007330472
2,value_3210,l1_true_key_attention,1,0.24129750607244205
2,value_3210,l1_true_key_attention,2,0.2232209804424201
2,value_3210,l1_true_key_attention,3,0.24166309350403026
2,value_3210,l1_slot_key_attention,0,0.3110126476967707
2,value_3210,l1_slot_key_attention,1,0.3086227235326078
2,value_3210,l1_slot_key_attention,2,0.26994558729347773
2,value_3210,l1_slot_key_attention,3,0.22858853824436665
2,value_3210,l2_original_value_attention,0,0.11157507052632426
2,value_3210,l2_original_value_attention,1,0.11426487455331781
2,value_3210,l2_original_value_attention,2,0.10320012129153382
2,value_3210,l2_original_value_attention,3,0.09362225517444375
2,value_3210,l2_slot_value_attention,0,0.18981982513973583
2,value_3210,l2_slot_value_attention,1,0.18102013442986684
2,value_3210,l2_slot_value_attention,2,0.19880210673868243
2,value_3210,l2_slot_value_attention,3,0.20516470456990027
3,original_native,l1_true_key_attention,0,0.9859974095015787
3,original_native,l1_true_key_attention,1,0.8964322955580428
3,original_native,l1_true_key_attention,2,0.7376021563832182
3,original_native,l1_true_key_attention,3,0.8982374714978505
3,original_native,l1_slot_key_attention,0,0.9859974095015787
3,original_native,l1_slot_key_attention,1,0.8964322955580428
3,original_native,l1_slot_key_attention,2,0.7376021563832182
3,original_native,l1_slot_key_attention,3,0.8982374714978505
3,original_native,l2_original_value_attention,0,0.9339492493891157
3,original_native,l2_original_value_attention,1,0.9267320594590274
3,original_native,l2_original_value_attention,2,0.9672923543403158
3,original_native,l2_original_value_attention,3,0.9584746000473388
3,original_native,l2_slot_value_attention,0,0.9339492493891157
3,original_native,l2_slot_value_attention,1,0.9267320594590274
3,original_native,l2_slot_value_attention,2,0.9672923543403158
3,original_native,l2_slot_value_attention,3,0.9584746000473388
3,original_noop,l1_true_key_attention,0,0.9859974095015787
3,original_noop,l1_true_key_attention,1,0.8964322955580428
3,original_noop,l1_true_key_attention,2,0.7376021563832182
3,original_noop,l1_true_key_attention,3,0.8982374714978505
3,original_noop,l1_slot_key_attention,0,0.9859974095015787
3,original_noop,l1_slot_key_attention,1,0.8964322955580428
3,original_noop,l1_slot_key_attention,2,0.7376021563832182
3,original_noop,l1_slot_key_attention,3,0.8982374714978505
3,original_noop,l2_original_value_attention,0,0.9339492493891157
3,original_noop,l2_original_value_attention,1,0.9267320594590274
3,original_noop,l2_original_value_attention,2,0.9672923543403158
3,original_noop,l2_original_value_attention,3,0.9584746000473388
3,original_noop,l2_slot_value_attention,0,0.9339492493891157
3,original_noop,l2_slot_value_attention,1,0.9267320594590274
3,original_noop,l2_slot_value_attention,2,0.9672923543403158
3,original_noop,l2_slot_value_attention,3,0.9584746000473388
3,grouped_native,l1_true_key_attention,0,0.059975725398544455
3,grouped_native,l1_true_key_attention,1,0.09743042782793054
3,grouped_native,l1_true_key_attention,2,0.08700148200477997
3,grouped_native,l1_true_key_attention,3,0.10242638269482995
3,grouped_native,l1_slot_key_attention,0,0.059975725398544455
3,grouped_native,l1_slot_key_attention,1,0.09743042782793054
3,grouped_native,l1_slot_key_attention,2,0.08700148200477997
3,grouped_native,l1_slot_key_attention,3,0.10242638269482995
3,grouped_native,l2_original_value_attention,0,0.09749768667216438
3,grouped_native,l2_original_value_attention,1,0.11024144344759522
3,grouped_native,l2_original_value_attention,2,0.10068355726774884
3,grouped_native,l2_original_value_attention,3,0.10419529794305217
3,grouped_native,l2_slot_value_attention,0,0.09749768667216438
3,grouped_native,l2_slot_value_attention,1,0.11024144344759522
3,grouped_native,l2_slot_value_attention,2,0.10068355726774884
3,grouped_native,l2_slot_value_attention,3,0.10419529794305217
3,grouped_canonical,l1_true_key_attention,0,0.3996844562207116
3,grouped_canonical,l1_true_key_attention,1,0.3977672729815822
3,grouped_canonical,l1_true_key_attention,2,0.3125603504522587
3,grouped_canonical,l1_true_key_attention,3,0.47400771676620934
3,grouped_canonical,l1_slot_key_attention,0,0.3996844562207116
3,grouped_canonical,l1_slot_key_attention,1,0.3977672729815822
3,grouped_canonical,l1_slot_key_attention,2,0.3125603504522587
3,grouped_canonical,l1_slot_key_attention,3,0.47400771676620934
3,grouped_canonical,l2_original_value_attention,0,0.3188728913452213
3,grouped_canonical,l2_original_value_attention,1,0.32111767180068385
3,grouped_canonical,l2_original_value_attention,2,0.3279704065090273
3,grouped_canonical,l2_original_value_attention,3,0.3285977700343613
3,grouped_canonical,l2_slot_value_attention,0,0.3188728913452213
3,grouped_canonical,l2_slot_value_attention,1,0.32111767180068385
3,grouped_canonical,l2_slot_value_attention,2,0.3279704065090273
3,grouped_canonical,l2_slot_value_attention,3,0.3285977700343613
3,coherent_0132,l1_true_key_attention,0,0.40011395527108107
3,coherent_0132,l1_true_key_attention,1,0.40218819996516686
3,coherent_0132,l1_true_key_attention,2,0.31663462061987957
3,coherent_0132,l1_true_key_attention,3,0.47945063590304926
3,coherent_0132,l1_slot_key_attention,0,0.40011395527108107
3,coherent_0132,l1_slot_key_attention,1,0.40218819996516686
3,coherent_0132,l1_slot_key_attention,2,0.31663462061987957
3,coherent_0132,l1_slot_key_attention,3,0.47945063590304926
3,coherent_0132,l2_original_value_attention,0,0.32338183107865204
3,coherent_0132,l2_original_value_attention,1,0.32884562898469416
3,coherent_0132,l2_original_value_attention,2,0.33280790537333743
3,coherent_0132,l2_original_value_attention,3,0.3319469744873056
3,coherent_0132,l2_slot_value_attention,0,0.32338183107865204
3,coherent_0132,l2_slot_value_attention,1,0.32884562898469416
3,coherent_0132,l2_slot_value_attention,2,0.33280790537333743
3,coherent_0132,l2_slot_value_attention,3,0.3319469744873056
3,value_0132,l1_true_key_attention,0,0.18754481530049816
3,value_0132,l1_true_key_attention,1,0.181333728152822
3,value_0132,l1_true_key_attention,2,0.2696036091801943
3,value_0132,l1_true_key_attention,3,0.0890950455195707
3,value_0132,l1_slot_key_attention,0,0.40018237313779537
3,value_0132,l1_slot_key_attention,1,0.4002758647984592
3,value_0132,l1_slot_key_attention,2,0.3174144466102007
3,value_0132,l1_slot_key_attention,3,0.47910888168553356
3,value_0132,l2_original_value_attention,0,0.08484186106303189
3,value_0132,l2_original_value_attention,1,0.09406349579268117
3,value_0132,l2_original_value_attention,2,0.07965020329922905
3,value_0132,l2_original_value_attention,3,0.08578650736136163
3,value_0132,l2_slot_value_attention,0,0.3218863385294245
3,value_0132,l2_slot_value_attention,1,0.3224203278269424
3,value_0132,l2_slot_value_attention,2,0.3297229315160512
3,value_0132,l2_slot_value_attention,3,0.3296384747390907
3,coherent_0213,l1_true_key_attention,0,0.40147476478887256
3,coherent_0213,l1_true_key_attention,1,0.3976440960977925
3,coherent_0213,l1_true_key_attention,2,0.31157839269872056
3,coherent_0213,l1_true_key_attention,3,0.4740119112684624
3,coherent_0213,l1_slot_key_attention,0,0.40147476478887256
3,coherent_0213,l1_slot_key_attention,1,0.3976440960977925
3,coherent_0213,l1_slot_key_attention,2,0.31157839269872056
3,coherent_0213,l1_slot_key_attention,3,0.4740119112684624
3,coherent_0213,l2_original_value_attention,0,0.32799247794213515
3,coherent_0213,l2_original_value_attention,1,0.3284815266608375
3,coherent_0213,l2_original_value_attention,2,0.337241390794113
3,coherent_0213,l2_original_value_attention,3,0.33708272769578573
3,coherent_0213,l2_slot_value_attention,0,0.32799247794213515
3,coherent_0213,l2_slot_value_attention,1,0.3284815266608375
3,coherent_0213,l2_slot_value_attention,2,0.337241390794113
3,coherent_0213,l2_slot_value_attention,3,0.33708272769578573
3,value_0213,l1_true_key_attention,0,0.44617347995517775
3,value_0213,l1_true_key_attention,1,0.3698496714278008
3,value_0213,l1_true_key_attention,2,0.2968301502696704
3,value_0213,l1_true_key_attention,3,0.40098354368819855
3,value_0213,l1_slot_key_attention,0,0.39981698377232533
3,value_0213,l1_slot_key_attention,1,0.39719250665802974
3,value_0213,l1_slot_key_attention,2,0.3113016392380814
3,value_0213,l1_slot_key_attention,3,0.47364209266379476
3,value_0213,l2_original_value_attention,0,0.3686390429031068
3,value_0213,l2_original_value_attention,1,0.3670723954900518
3,value_0213,l2_original_value_attention,2,0.37813272986899044
3,value_0213,l2_original_value_attention,3,0.3713267845724608
3,value_0213,l2_slot_value_attention,0,0.32192846485923887
3,value_0213,l2_slot_value_attention,1,0.318044655868217
3,value_0213,l2_slot_value_attention,2,0.33332133436860045
3,value_0213,l2_slot_value_attention,3,0.32941357865314724
3,coherent_0231,l1_true_key_attention,0,0.402151183996466
3,coherent_0231,l1_true_key_attention,1,0.40205909141513985
3,coherent_0231,l1_true_key_attention,2,0.3118103495799005
3,coherent_0231,l1_true_key_attention,3,0.4776977778674336
3,coherent_0231,l1_slot_key_attention,0,0.402151183996466
3,coherent_0231,l1_slot_key_attention,1,0.40205909141513985
3,coherent_0231,l1_slot_key_attention,2,0.3118103495799005
3,coherent_0231,l1_slot_key_attention,3,0.4776977778674336
3,coherent_0231,l2_original_value_attention,0,0.3329314756151614
3,coherent_0231,l2_original_value_attention,1,0.33613305430625523
3,coherent_0231,l2_original_value_attention,2,0.3401674977135697
3,coherent_0231,l2_original_value_attention,3,0.339770768137362
3,coherent_0231,l2_slot_value_attention,0,0.3329314756151614
3,coherent_0231,l2_slot_value_attention,1,0.33613305430625523
3,coherent_0231,l2_slot_value_attention,2,0.3401674977135697
3,coherent_0231,l2_slot_value_attention,3,0.339770768137362
3,value_0231,l1_true_key_attention,0,0.015444984558627084
3,value_0231,l1_true_key_attention,1,0.07572960101424542
3,value_0231,l1_true_key_attention,2,0.18183536460492178
3,value_0231,l1_true_key_attention,3,0.02909877188722021
3,value_0231,l1_slot_key_attention,0,0.4001597879396286
3,value_0231,l1_slot_key_attention,1,0.39926266043039504
3,value_0231,l1_slot_key_attention,2,0.3126768295187503
3,value_0231,l1_slot_key_attention,3,0.4763942544814199
3,value_0231,l2_original_value_attention,0,0.040720110817691585
3,value_0231,l2_original_value_attention,1,0.049388187843695794
3,value_0231,l2_original_value_attention,2,0.03919802150562453
3,value_0231,l2_original_value_attention,3,0.03896237359229885
3,value_0231,l2_slot_value_attention,0,0.32614321644126654
3,value_0231,l2_slot_value_attention,1,0.3207958265411584
3,value_0231,l2_slot_value_attention,2,0.33448670957062093
3,value_0231,l2_slot_value_attention,3,0.3337198690675895
3,coherent_0312,l1_true_key_attention,0,0.40027606490184553
3,coherent_0312,l1_true_key_attention,1,0.40369492495665327
3,coherent_0312,l1_true_key_attention,2,0.3171868703720975
3,coherent_0312,l1_true_key_attention,3,0.4823028588871239
3,coherent_0312,l1_slot_key_attention,0,0.40027606490184553
3,coherent_0312,l1_slot_key_attention,1,0.40369492495665327
3,coherent_0312,l1_slot_key_attention,2,0.3171868703720975
3,coherent_0312,l1_slot_key_attention,3,0.4823028588871239
3,coherent_0312,l2_original_value_attention,0,0.32057339593703876
3,coherent_0312,l2_original_value_attention,1,0.32247012222170224
3,coherent_0312,l2_original_value_attention,2,0.32825547634050883
3,coherent_0312,l2_original_value_attention,3,0.32730087804520314
3,coherent_0312,l2_slot_value_attention,0,0.32057339593703876
3,coherent_0312,l2_slot_value_attention,1,0.32247012222170224
3,coherent_0312,l2_slot_value_attention,2,0.32825547634050883
3,coherent_0312,l2_slot_value_attention,3,0.32730087804520314
3,value_0312,l1_true_key_attention,0,0.3389668888412416
3,value_0312,l1_true_key_attention,1,0.264715421195433
3,value_0312,l1_true_key_attention,2,0.27316936719580553
3,value_0312,l1_true_key_attention,3,0.21385902864858508
3,value_0312,l1_slot_key_attention,0,0.39984894933877513
3,value_0312,l1_slot_key_attention,1,0.4016579989838647
3,value_0312,l1_slot_key_attention,2,0.3177268780200393
3,value_0312,l1_slot_key_attention,3,0.4816884991887491
3,value_0312,l2_original_value_attention,0,0.19480748995762293
3,value_0312,l2_original_value_attention,1,0.19836994526211404
3,value_0312,l2_original_value_attention,2,0.1923847986693259
3,value_0312,l2_original_value_attention,3,0.19060788935481987
3,value_0312,l2_slot_value_attention,0,0.32309963293819727
3,value_0312,l2_slot_value_attention,1,0.32092378765827445
3,value_0312,l2_slot_value_attention,2,0.3319052510623373
3,value_0312,l2_slot_value_attention,3,0.33072533575462937
3,coherent_0321,l1_true_key_attention,0,0.4008921134227421
3,coherent_0321,l1_true_key_attention,1,0.4045364429766778
3,coherent_0321,l1_true_key_attention,2,0.31608891362702707
3,coherent_0321,l1_true_key_attention,3,0.48284607133246027
3,coherent_0321,l1_slot_key_attention,0,0.4008921134227421
3,coherent_0321,l1_slot_key_attention,1,0.4045364429766778
3,coherent_0321,l1_slot_key_attention,2,0.31608891362702707
3,coherent_0321,l1_slot_key_attention,3,0.48284607133246027
3,coherent_0321,l2_original_value_attention,0,0.32776047366768024
3,coherent_0321,l2_original_value_attention,1,0.3285562853775762
3,coherent_0321,l2_original_value_attention,2,0.33829550672821324
3,coherent_0321,l2_original_value_attention,3,0.3376721319679744
3,coherent_0321,l2_slot_value_attention,0,0.32776047366768024
3,coherent_0321,l2_slot_value_attention,1,0.3285562853775762
3,coherent_0321,l2_slot_value_attention,2,0.33829550672821324
3,coherent_0321,l2_slot_value_attention,3,0.3376721319679744
3,value_0321,l1_true_key_attention,0,0.12032748067667853
3,value_0321,l1_true_key_attention,1,0.18707739068486262
3,value_0321,l1_true_key_attention,2,0.20063504143763566
3,value_0321,l1_true_key_attention,3,0.22706372661923524
3,value_0321,l1_slot_key_attention,0,0.39981620367325377
3,value_0321,l1_slot_key_attention,1,0.4020621901290724
3,value_0321,l1_slot_key_attention,2,0.3167795333065442
3,value_0321,l1_slot_key_attention,3,0.48215985130809713
3,value_0321,l2_original_value_attention,0,0.10284412061028976
3,value_0321,l2_original_value_attention,1,0.10865439852873816
3,value_0321,l2_original_value_attention,2,0.10352119006921735
3,value_0321,l2_original_value_attention,3,0.10492654213532285
3,value_0321,l2_slot_value_attention,0,0.32631894804667916
3,value_0321,l2_slot_value_attention,1,0.32304833178341175
3,value_0321,l2_slot_value_attention,2,0.331537854145704
3,value_0321,l2_slot_value_attention,3,0.33527597756848204
3,coherent_1023,l1_true_key_attention,0,0.3986942175688455
3,coherent_1023,l1_true_key_attention,1,0.3973819543098216
3,coherent_1023,l1_true_key_attention,2,0.3117333015979966
3,coherent_1023,l1_true_key_attention,3,0.4736110021767672
3,coherent_1023,l1_slot_key_attention,0,0.3986942175688455
3,coherent_1023,l1_slot_key_attention,1,0.3973819543098216
3,coherent_1023,l1_slot_key_attention,2,0.3117333015979966
3,coherent_1023,l1_slot_key_attention,3,0.4736110021767672
3,coherent_1023,l2_original_value_attention,0,0.3221120688584575
3,coherent_1023,l2_original_value_attention,1,0.3247375723494971
3,coherent_1023,l2_original_value_attention,2,0.32930441598645976
3,coherent_1023,l2_original_value_attention,3,0.32693916841555737
3,coherent_1023,l2_slot_value_attention,0,0.3221120688584575
3,coherent_1023,l2_slot_value_attention,1,0.3247375723494971
3,coherent_1023,l2_slot_value_attention,2,0.32930441598645976
3,coherent_1023,l2_slot_value_attention,3,0.32693916841555737
3,value_1023,l1_true_key_attention,0,0.4297777244646568
3,value_1023,l1_true_key_attention,1,0.38161213471903466
3,value_1023,l1_true_key_attention,2,0.3232008821796626
3,value_1023,l1_true_key_attention,3,0.44702728239644784
3,value_1023,l1_slot_key_attention,0,0.39875406021019444
3,value_1023,l1_slot_key_attention,1,0.3971723795111757
3,value_1023,l1_slot_key_attention,2,0.3116185696053435
3,value_1023,l1_slot_key_attention,3,0.473516881786054
3,value_1023,l2_original_value_attention,0,0.333004715228324
3,value_1023,l2_original_value_attention,1,0.3419487187177418
3,value_1023,l2_original_value_attention,2,0.3433146873610838
3,value_1023,l2_original_value_attention,3,0.34146435704790623
3,value_1023,l2_slot_value_attention,0,0.32054254889147527
3,value_1023,l2_slot_value_attention,1,0.3208483994268945
3,value_1023,l2_slot_value_attention,2,0.33030294249695863
3,value_1023,l2_slot_value_attention,3,0.32992706542880534
3,coherent_1032,l1_true_key_attention,0,0.3994446282158606
3,coherent_1032,l1_true_key_attention,1,0.40197246022580657
3,coherent_1032,l1_true_key_attention,2,0.31568866791349137
3,coherent_1032,l1_true_key_attention,3,0.4794024540024111
3,coherent_1032,l1_slot_key_attention,0,0.3994446282158606
3,coherent_1032,l1_slot_key_attention,1,0.40197246022580657
3,coherent_1032,l1_slot_key_attention,2,0.31568866791349137
3,coherent_1032,l1_slot_key_attention,3,0.4794024540024111
3,coherent_1032,l2_original_value_attention,0,0.3223580612377031
3,coherent_1032,l2_original_value_attention,1,0.32975170660077513
3,coherent_1032,l2_original_value_attention,2,0.33227346463784796
3,coherent_1032,l2_original_value_attention,3,0.3287130733705619
3,coherent_1032,l2_slot_value_attention,0,0.3223580612377031
3,coherent_1032,l2_slot_value_attention,1,0.32975170660077513
3,coherent_1032,l2_slot_value_attention,2,0.33227346463784796
3,coherent_1032,l2_slot_value_attention,3,0.3287130733705619
3,value_1032,l1_true_key_attention,0,0.217638774369334
3,value_1032,l1_true_key_attention,1,0.16517673016096523
3,value_1032,l1_true_key_attention,2,0.28024946133518824
3,value_1032,l1_true_key_attention,3,0.06210778589502297
3,value_1032,l1_slot_key_attention,0,0.3992526086367434
3,value_1032,l1_slot_key_attention,1,0.3996815543214325
3,value_1032,l1_slot_key_attention,2,0.3164855432623881
3,value_1032,l1_slot_key_attention,3,0.4786228719749488
3,value_1032,l2_original_value_attention,0,0.09889222471197029
3,value_1032,l2_original_value_attention,1,0.11511738659579199
3,value_1032,l2_original_value_attention,2,0.09470414849536177
3,value_1032,l2_original_value_attention,3,0.09848644813643492
3,value_1032,l2_slot_value_attention,0,0.3230737505255764
3,value_1032,l2_slot_value_attention,1,0.3218743773506891
3,value_1032,l2_slot_value_attention,2,0.33193868261067366
3,value_1032,l2_slot_value_attention,3,0.33150446746115425
3,coherent_1203,l1_true_key_attention,0,0.400763617202756
3,coherent_1203,l1_true_key_attention,1,0.3978127017908264
3,coherent_1203,l1_true_key_attention,2,0.31109121414192487
3,coherent_1203,l1_true_key_attention,3,0.47399205251713283
3,coherent_1203,l1_slot_key_attention,0,0.400763617202756
3,coherent_1203,l1_slot_key_attention,1,0.3978127017908264
3,coherent_1203,l1_slot_key_attention,2,0.31109121414192487
3,coherent_1203,l1_slot_key_attention,3,0.47399205251713283
3,coherent_1203,l2_original_value_attention,0,0.32195529906492704
3,coherent_1203,l2_original_value_attention,1,0.3260471304236556
3,coherent_1203,l2_original_value_attention,2,0.3309232858627274
3,coherent_1203,l2_original_value_attention,3,0.3304833771569297
3,coherent_1203,l2_slot_value_attention,0,0.32195529906492704
3,coherent_1203,l2_slot_value_attention,1,0.3260471304236556
3,coherent_1203,l2_slot_value_attention,2,0.3309232858627274
3,coherent_1203,l2_slot_value_attention,3,0.3304833771569297
3,value_1203,l1_true_key_attention,0,0.4165096210199408
3,value_1203,l1_true_key_attention,1,0.3553535807877779
3,value_1203,l1_true_key_attention,2,0.27418129198485985
3,value_1203,l1_true_key_attention,3,0.4236864255508408
3,value_1203,l1_slot_key_attention,0,0.3992133070132695
3,value_1203,l1_slot_key_attention,1,0.39712559602048714
3,value_1203,l1_slot_key_attention,2,0.3108122760459082
3,value_1203,l1_slot_key_attention,3,0.4735155368980486
3,value_1203,l2_original_value_attention,0,0.32887550369573487
3,value_1203,l2_original_value_attention,1,0.3396837921582133
3,value_1203,l2_original_value_attention,2,0.3416421244296364
3,value_1203,l2_original_value_attention,3,0.33870551325482356
3,value_1203,l2_slot_value_attention,0,0.3221432502321058
3,value_1203,l2_slot_value_attention,1,0.3209465571792993
3,value_1203,l2_slot_value_attention,2,0.32976732246082374
3,value_1203,l2_slot_value_attention,3,0.32958326948144356
3,coherent_1230,l1_true_key_attention,0,0.40149989433120936
3,coherent_1230,l1_true_key_attention,1,0.4012164853484137
3,coherent_1230,l1_true_key_attention,2,0.31205229237821186
3,coherent_1230,l1_true_key_attention,3,0.47837243156391196
3,coherent_1230,l1_slot_key_attention,0,0.40149989433120936
3,coherent_1230,l1_slot_key_attention,1,0.4012164853484137
3,coherent_1230,l1_slot_key_attention,2,0.31205229237821186
3,coherent_1230,l1_slot_key_attention,3,0.47837243156391196
3,coherent_1230,l2_original_value_attention,0,0.33181568901444075
3,coherent_1230,l2_original_value_attention,1,0.3344910586829469
3,coherent_1230,l2_original_value_attention,2,0.33916077554629764
3,coherent_1230,l2_original_value_attention,3,0.34065354031618755
3,coherent_1230,l2_slot_value_attention,0,0.33181568901444075
3,coherent_1230,l2_slot_value_attention,1,0.3344910586829469
3,coherent_1230,l2_slot_value_attention,2,0.33916077554629764
3,coherent_1230,l2_slot_value_attention,3,0.34065354031618755
3,value_1230,l1_true_key_attention,0,0.010172233590367341
3,value_1230,l1_true_key_attention,1,0.10553408362829941
3,value_1230,l1_true_key_attention,2,0.11175317316337896
3,value_1230,l1_true_key_attention,3,0.038600041058543866
3,value_1230,l1_slot_key_attention,0,0.3992847860790789
3,value_1230,l1_slot_key_attention,1,0.39879098227538634
3,value_1230,l1_slot_key_attention,2,0.31223820138256997
3,value_1230,l1_slot_key_attention,3,0.47741476842202246
3,value_1230,l2_original_value_attention,0,0.041509107215568955
3,value_1230,l2_original_value_attention,1,0.04458381878889688
3,value_1230,l2_original_value_attention,2,0.03742486871339225
3,value_1230,l2_original_value_attention,3,0.039750301417602295
3,value_1230,l2_slot_value_attention,0,0.3231185072091089
3,value_1230,l2_slot_value_attention,1,0.32161997235373907
3,value_1230,l2_slot_value_attention,2,0.3296055678677261
3,value_1230,l2_slot_value_attention,3,0.3305755042091735
3,coherent_1302,l1_true_key_attention,0,0.39970855378487613
3,coherent_1302,l1_true_key_attention,1,0.4035324703436345
3,coherent_1302,l1_true_key_attention,2,0.3171136186574586
3,coherent_1302,l1_true_key_attention,3,0.48353383850189857
3,coherent_1302,l1_slot_key_attention,0,0.39970855378487613
3,coherent_1302,l1_slot_key_attention,1,0.4035324703436345
3,coherent_1302,l1_slot_key_attention,2,0.3171136186574586
3,coherent_1302,l1_slot_key_attention,3,0.48353383850189857
3,coherent_1302,l2_original_value_attention,0,0.3242907351379205
3,coherent_1302,l2_original_value_attention,1,0.3263965863902308
3,coherent_1302,l2_original_value_attention,2,0.3362483279233176
3,coherent_1302,l2_original_value_attention,3,0.3330937811895383
3,coherent_1302,l2_slot_value_attention,0,0.3242907351379205
3,coherent_1302,l2_slot_value_attention,1,0.3263965863902308
3,coherent_1302,l2_slot_value_attention,2,0.3362483279233176
3,coherent_1302,l2_slot_value_attention,3,0.3330937811895383
3,value_1302,l1_true_key_attention,0,0.309296482726495
3,value_1302,l1_true_key_attention,1,0.25024031499924604
3,value_1302,l1_true_key_attention,2,0.2504378504236229
3,value_1302,l1_true_key_attention,3,0.2366868221142795
3,value_1302,l1_slot_key_attention,0,0.3992322824342409
3,value_1302,l1_slot_key_attention,1,0.4012670283409534
3,value_1302,l1_slot_key_attention,2,0.3177090790559305
3,value_1302,l1_slot_key_attention,3,0.48269616562174633
3,value_1302,l2_original_value_attention,0,0.15594769675966264
3,value_1302,l2_original_value_attention,1,0.17174097963802135
3,value_1302,l2_original_value_attention,2,0.1561622033573903
3,value_1302,l2_original_value_attention,3,0.1582473122094371
3,value_1302,l2_slot_value_attention,0,0.32321896302101516
3,value_1302,l2_slot_value_attention,1,0.323180872991186
3,value_1302,l2_slot_value_attention,2,0.32938673593898926
3,value_1302,l2_slot_value_attention,3,0.33118057283110425
3,coherent_1320,l1_true_key_attention,0,0.4000556703977054
3,coherent_1320,l1_true_key_attention,1,0.40365243100677617
3,coherent_1320,l1_true_key_attention,2,0.316446307078877
3,coherent_1320,l1_true_key_attention,3,0.48359842943318654
3,coherent_1320,l1_slot_key_attention,0,0.4000556703977054
3,coherent_1320,l1_slot_key_attention,1,0.40365243100677617
3,coherent_1320,l1_slot_key_attention,2,0.316446307078877
3,coherent_1320,l1_slot_key_attention,3,0.48359842943318654
3,coherent_1320,l2_original_value_attention,0,0.332665992309911
3,coherent_1320,l2_original_value_attention,1,0.3319338877380346
3,coherent_1320,l2_original_value_attention,2,0.3431952528176358
3,coherent_1320,l2_original_value_attention,3,0.3416191219750421
3,coherent_1320,l2_slot_value_attention,0,0.332665992309911
3,coherent_1320,l2_slot_value_attention,1,0.3319338877380346
3,coherent_1320,l2_slot_value_attention,2,0.3431952528176358
3,coherent_1320,l2_slot_value_attention,3,0.3416191219750421
3,value_1320,l1_true_key_attention,0,0.1150407876684767
3,value_1320,l1_true_key_attention,1,0.21679639741705614
3,value_1320,l1_true_key_attention,2,0.1305131967046691
3,value_1320,l1_true_key_attention,3,0.23644661028811242
3,value_1320,l1_slot_key_attention,0,0.3989404167077737
3,value_1320,l1_slot_key_attention,1,0.40157326411281247
3,value_1320,l1_slot_key_attention,2,0.3163867990442668
3,value_1320,l1_slot_key_attention,3,0.4832542271760758
3,value_1320,l2_original_value_attention,0,0.10281470668047868
3,value_1320,l2_original_value_attention,1,0.10394368126126846
3,value_1320,l2_original_value_attention,2,0.10108735830767826
3,value_1320,l2_original_value_attention,3,0.10477813693408854
3,value_1320,l2_slot_value_attention,0,0.3228352795419595
3,value_1320,l2_slot_value_attention,1,0.3245754511310598
3,value_1320,l2_slot_value_attention,2,0.32793487514044345
3,value_1320,l2_slot_value_attention,3,0.3322215276387823
3,coherent_2013,l1_true_key_attention,0,0.40157557441852987
3,coherent_2013,l1_true_key_attention,1,0.3986966509546619
3,coherent_2013,l1_true_key_attention,2,0.30982757626043167
3,coherent_2013,l1_true_key_attention,3,0.4746140159841161
3,coherent_2013,l1_slot_key_attention,0,0.40157557441852987
3,coherent_2013,l1_slot_key_attention,1,0.3986966509546619
3,coherent_2013,l1_slot_key_attention,2,0.30982757626043167
3,coherent_2013,l1_slot_key_attention,3,0.4746140159841161
3,coherent_2013,l2_original_value_attention,0,0.33603579621524166
3,coherent_2013,l2_original_value_attention,1,0.3435781645859465
3,coherent_2013,l2_original_value_attention,2,0.3459345254181342
3,coherent_2013,l2_original_value_attention,3,0.3485284559446354
3,coherent_2013,l2_slot_value_attention,0,0.33603579621524166
3,coherent_2013,l2_slot_value_attention,1,0.3435781645859465
3,coherent_2013,l2_slot_value_attention,2,0.3459345254181342
3,coherent_2013,l2_slot_value_attention,3,0.3485284559446354
3,value_2013,l1_true_key_attention,0,0.5177419215033296
3,value_2013,l1_true_key_attention,1,0.39398208330385387
3,value_2013,l1_true_key_attention,2,0.3308237800083589
3,value_2013,l1_true_key_attention,3,0.4156290282262489
3,value_2013,l1_slot_key_attention,0,0.400121006910922
3,value_2013,l1_slot_key_attention,1,0.3982992870733142
3,value_2013,l1_slot_key_attention,2,0.30961745991226053
3,value_2013,l1_slot_key_attention,3,0.47410559142008424
3,value_2013,l2_original_value_attention,0,0.41105843099769845
3,value_2013,l2_original_value_attention,1,0.4175152562343575
3,value_2013,l2_original_value_attention,2,0.4222907650777348
3,value_2013,l2_original_value_attention,3,0.4189864658341322
3,value_2013,l2_slot_value_attention,0,0.3224224039872114
3,value_2013,l2_slot_value_attention,1,0.3201450954374422
3,value_2013,l2_slot_value_attention,2,0.33425343153751985
3,value_2013,l2_slot_value_attention,3,0.33010916400159873
3,coherent_2031,l1_true_key_attention,0,0.4023107836692361
3,coherent_2031,l1_true_key_attention,1,0.40268330112303374
3,coherent_2031,l1_true_key_attention,2,0.3104445526987547
3,coherent_2031,l1_true_key_attention,3,0.47813249556929804
3,coherent_2031,l1_slot_key_attention,0,0.4023107836692361
3,coherent_2031,l1_slot_key_attention,1,0.40268330112303374
3,coherent_2031,l1_slot_key_attention,2,0.3104445526987547
3,coherent_2031,l1_slot_key_attention,3,0.47813249556929804
3,coherent_2031,l2_original_value_attention,0,0.34306987098527697
3,coherent_2031,l2_original_value_attention,1,0.349293382131552
3,coherent_2031,l2_original_value_attention,2,0.35898733502351876
3,coherent_2031,l2_original_value_attention,3,0.35590094783168436
3,coherent_2031,l2_slot_value_attention,0,0.34306987098527697
3,coherent_2031,l2_slot_value_attention,1,0.349293382131552
3,coherent_2031,l2_slot_value_attention,2,0.35898733502351876
3,coherent_2031,l2_slot_value_attention,3,0.35590094783168436
3,value_2031,l1_true_key_attention,0,0.08701015727888262
3,value_2031,l1_true_key_attention,1,0.09986001060315175
3,value_2031,l1_true_key_attention,2,0.21584004862961592
3,value_2031,l1_true_key_attention,3,0.0437803529212033
3,value_2031,l1_slot_key_attention,0,0.40045771247241646
3,value_2031,l1_slot_key_attention,1,0.4003576401155442
3,value_2031,l1_slot_key_attention,2,0.3109971196972765
3,value_2031,l1_slot_key_attention,3,0.47685312789690215
3,value_2031,l2_original_value_attention,0,0.07822578768878592
3,value_2031,l2_original_value_attention,1,0.09452035366131135
3,value_2031,l2_original_value_attention,2,0.07848732450846763
3,value_2031,l2_original_value_attention,3,0.07951231532950212
3,value_2031,l2_slot_value_attention,0,0.32707098417004304
3,value_2031,l2_slot_value_attention,1,0.3229509398311142
3,value_2031,l2_slot_value_attention,2,0.3365962042973983
3,value_2031,l2_slot_value_attention,3,0.3353027049691676
3,coherent_2103,l1_true_key_attention,0,0.40151058297487907
3,coherent_2103,l1_true_key_attention,1,0.3991500060146791
3,coherent_2103,l1_true_key_attention,2,0.3095164071637555
3,coherent_2103,l1_true_key_attention,3,0.4746826052578399
3,coherent_2103,l1_slot_key_attention,0,0.40151058297487907
3,coherent_2103,l1_slot_key_attention,1,0.3991500060146791
3,coherent_2103,l1_slot_key_attention,2,0.3095164071637555
3,coherent_2103,l1_slot_key_attention,3,0.4746826052578399
3,coherent_2103,l2_original_value_attention,0,0.33321224177170566
3,coherent_2103,l2_original_value_attention,1,0.33786469437930317
3,coherent_2103,l2_original_value_attention,2,0.3440995658944872
3,coherent_2103,l2_original_value_attention,3,0.3450770821166127
3,coherent_2103,l2_slot_value_attention,0,0.33321224177170566
3,coherent_2103,l2_slot_value_attention,1,0.33786469437930317
3,coherent_2103,l2_slot_value_attention,2,0.3440995658944872
3,coherent_2103,l2_slot_value_attention,3,0.3450770821166127
3,value_2103,l1_true_key_attention,0,0.45797448488883674
3,value_2103,l1_true_key_attention,1,0.395492180774454
3,value_2103,l1_true_key_attention,2,0.2977533343655523
3,value_2103,l1_true_key_attention,3,0.46518539448152296
3,value_2103,l1_slot_key_attention,0,0.4004404646839248
3,value_2103,l1_slot_key_attention,1,0.3988172227109317
3,value_2103,l1_slot_key_attention,2,0.3093098961398937
3,value_2103,l1_slot_key_attention,3,0.4744326815853128
3,value_2103,l2_original_value_attention,0,0.35792314515202606
3,value_2103,l2_original_value_attention,1,0.36841363282895717
3,value_2103,l2_original_value_attention,2,0.36863825260647215
3,value_2103,l2_original_value_attention,3,0.3732944010822595
3,value_2103,l2_slot_value_attention,0,0.321377292429376
3,value_2103,l2_slot_value_attention,1,0.3226358718590934
3,value_2103,l2_slot_value_attention,2,0.3297742566073933
3,value_2103,l2_slot_value_attention,3,0.3300620894254045
3,coherent_2130,l1_true_key_attention,0,0.4019845441362122
3,coherent_2130,l1_true_key_attention,1,0.4021527980657993
3,coherent_2130,l1_true_key_attention,2,0.31072886956098955
3,coherent_2130,l1_true_key_attention,3,0.4788305185502395
3,coherent_2130,l1_slot_key_attention,0,0.4019845441362122
3,coherent_2130,l1_slot_key_attention,1,0.4021527980657993
3,coherent_2130,l1_slot_key_attention,2,0.31072886956098955
3,coherent_2130,l1_slot_key_attention,3,0.4788305185502395
3,coherent_2130,l2_original_value_attention,0,0.33959312564987826
3,coherent_2130,l2_original_value_attention,1,0.3410614039193436
3,coherent_2130,l2_original_value_attention,2,0.35250724621640267
3,coherent_2130,l2_original_value_attention,3,0.350580305204024
3,coherent_2130,l2_slot_value_attention,0,0.33959312564987826
3,coherent_2130,l2_slot_value_attention,1,0.3410614039193436
3,coherent_2130,l2_slot_value_attention,2,0.35250724621640267
3,coherent_2130,l2_slot_value_attention,3,0.350580305204024
3,value_2130,l1_true_key_attention,0,0.0516337303107548
3,value_2130,l1_true_key_attention,1,0.145676414913396
3,value_2130,l1_true_key_attention,2,0.13532214569568168
3,value_2130,l1_true_key_attention,3,0.08014617640765209
3,value_2130,l1_slot_key_attention,0,0.4005066290992545
3,value_2130,l1_slot_key_attention,1,0.40047237515682355
3,value_2130,l1_slot_key_attention,2,0.31072115432471037
3,value_2130,l1_slot_key_attention,3,0.478321138289175
3,value_2130,l2_original_value_attention,0,0.06551481161855537
3,value_2130,l2_original_value_attention,1,0.06895604191830938
3,value_2130,l2_original_value_attention,2,0.06240197919412231
3,value_2130,l2_original_value_attention,3,0.06805133993463382
3,value_2130,l2_slot_value_attention,0,0.3229825401584747
3,value_2130,l2_slot_value_attention,1,0.3242743568467954
3,value_2130,l2_slot_value_attention,2,0.3302223035612448
3,value_2130,l2_slot_value_attention,3,0.3307474471943855
3,coherent_2301,l1_true_key_attention,0,0.4026059350435389
3,coherent_2301,l1_true_key_attention,1,0.4044296310748905
3,coherent_2301,l1_true_key_attention,2,0.31172830660943873
3,coherent_2301,l1_true_key_attention,3,0.482417519640876
3,coherent_2301,l1_slot_key_attention,0,0.4026059350435389
3,coherent_2301,l1_slot_key_attention,1,0.4044296310748905
3,coherent_2301,l1_slot_key_attention,2,0.31172830660943873
3,coherent_2301,l1_slot_key_attention,3,0.482417519640876
3,coherent_2301,l2_original_value_attention,0,0.34545407155201113
3,coherent_2301,l2_original_value_attention,1,0.3479280065031847
3,coherent_2301,l2_original_value_attention,2,0.35941876109101323
3,coherent_2301,l2_original_value_attention,3,0.35905417720647526
3,coherent_2301,l2_slot_value_attention,0,0.34545407155201113
3,coherent_2301,l2_slot_value_attention,1,0.3479280065031847
3,coherent_2301,l2_slot_value_attention,2,0.35941876109101323
3,coherent_2301,l2_slot_value_attention,3,0.35905417720647526
3,value_2301,l1_true_key_attention,0,0.1786558533731295
3,value_2301,l1_true_key_attention,1,0.1850013102957746
3,value_2301,l1_true_key_attention,2,0.18661701867677039
3,value_2301,l1_true_key_attention,3,0.21837265351132373
3,value_2301,l1_slot_key_attention,0,0.40043824413442053
3,value_2301,l1_slot_key_attention,1,0.4019374962663278
3,value_2301,l1_slot_key_attention,2,0.3121395220878185
3,value_2301,l1_slot_key_attention,3,0.48078806068224367
3,value_2301,l2_original_value_attention,0,0.14012947091516514
3,value_2301,l2_original_value_attention,1,0.15224805789089535
3,value_2301,l2_original_value_attention,2,0.14361857233198244
3,value_2301,l2_original_value_attention,3,0.14880205362026802
3,value_2301,l2_slot_value_attention,0,0.3272514406381024
3,value_2301,l2_slot_value_attention,1,0.3251050490628437
3,value_2301,l2_slot_value_attention,2,0.33341095339317495
3,value_2301,l2_slot_value_attention,3,0.33473235625076037
3,coherent_2310,l1_true_key_attention,0,0.4023983469378436
3,coherent_2310,l1_true_key_attention,1,0.4039038779665134
3,coherent_2310,l1_true_key_attention,2,0.31120039186498616
3,coherent_2310,l1_true_key_attention,3,0.48202926710655447
3,coherent_2310,l1_slot_key_attention,0,0.4023983469378436
3,coherent_2310,l1_slot_key_attention,1,0.4039038779665134
3,coherent_2310,l1_slot_key_attention,2,0.31120039186498616
3,coherent_2310,l1_slot_key_attention,3,0.48202926710655447
3,coherent_2310,l2_original_value_attention,0,0.3453300897647556
3,coherent_2310,l2_original_value_attention,1,0.3464707991709706
3,coherent_2310,l2_original_value_attention,2,0.3602258714091593
3,coherent_2310,l2_original_value_attention,3,0.36004135749513005
3,coherent_2310,l2_slot_value_attention,0,0.3453300897647556
3,coherent_2310,l2_slot_value_attention,1,0.3464707991709706
3,coherent_2310,l2_slot_value_attention,2,0.3602258714091593
3,coherent_2310,l2_slot_value_attention,3,0.36004135749513005
3,value_2310,l1_true_key_attention,0,0.20299613435417996
3,value_2310,l1_true_key_attention,1,0.22895047652855283
3,value_2310,l1_true_key_attention,2,0.1387334093633399
3,value_2310,l1_true_key_attention,3,0.20470802159252344
3,value_2310,l1_slot_key_attention,0,0.4001740627572872
3,value_2310,l1_slot_key_attention,1,0.40183334613539046
3,value_2310,l1_slot_key_attention,2,0.3110275836806977
3,value_2310,l1_slot_key_attention,3,0.4808408053650055
3,value_2310,l2_original_value_attention,0,0.1782895839462959
3,value_2310,l2_original_value_attention,1,0.17391549466797449
3,value_2310,l2_original_value_attention,2,0.1773267928497586
3,value_2310,l2_original_value_attention,3,0.17999946296708993
3,value_2310,l2_slot_value_attention,0,0.3242943495482342
3,value_2310,l2_slot_value_attention,1,0.3246961396916864
3,value_2310,l2_slot_value_attention,2,0.3330935841817248
3,value_2310,l2_slot_value_attention,3,0.3316175655790683
3,coherent_3012,l1_true_key_attention,0,0.3998596117598936
3,coherent_3012,l1_true_key_attention,1,0.4052898970548995
3,coherent_3012,l1_true_key_attention,2,0.31771863184985705
3,coherent_3012,l1_true_key_attention,3,0.486342661868548
3,coherent_3012,l1_slot_key_attention,0,0.3998596117598936
3,coherent_3012,l1_slot_key_attention,1,0.4052898970548995
3,coherent_3012,l1_slot_key_attention,2,0.31771863184985705
3,coherent_3012,l1_slot_key_attention,3,0.486342661868548
3,coherent_3012,l2_original_value_attention,0,0.32555254269951206
3,coherent_3012,l2_original_value_attention,1,0.3305239339013363
3,coherent_3012,l2_original_value_attention,2,0.3363290684077777
3,coherent_3012,l2_original_value_attention,3,0.34114593127487963
3,coherent_3012,l2_slot_value_attention,0,0.32555254269951206
3,coherent_3012,l2_slot_value_attention,1,0.3305239339013363
3,coherent_3012,l2_slot_value_attention,2,0.3363290684077777
3,coherent_3012,l2_slot_value_attention,3,0.34114593127487963
3,value_3012,l1_true_key_attention,0,0.41130308750871336
3,value_3012,l1_true_key_attention,1,0.29530120366689516
3,value_3012,l1_true_key_attention,2,0.310505258901685
3,value_3012,l1_true_key_attention,3,0.24635349769960158
3,value_3012,l1_slot_key_attention,0,0.39997856790432706
3,value_3012,l1_slot_key_attention,1,0.4032502280751942
3,value_3012,l1_slot_key_attention,2,0.31815847294637933
3,value_3012,l1_slot_key_attention,3,0.48587818870146293
3,value_3012,l2_original_value_attention,0,0.23237552118743354
3,value_3012,l2_original_value_attention,1,0.2443487138555742
3,value_3012,l2_original_value_attention,2,0.22613371832069146
3,value_3012,l2_original_value_attention,3,0.23207080792301624
3,value_3012,l2_slot_value_attention,0,0.32153730971990685
3,value_3012,l2_slot_value_attention,1,0.32113478134599277
3,value_3012,l2_slot_value_attention,2,0.33482580050256683
3,value_3012,l2_slot_value_attention,3,0.331410223326124
3,coherent_3021,l1_true_key_attention,0,0.4002094826573739
3,coherent_3021,l1_true_key_attention,1,0.405916767733288
3,coherent_3021,l1_true_key_attention,2,0.3164068343103281
3,coherent_3021,l1_true_key_attention,3,0.48697911073395517
3,coherent_3021,l1_slot_key_attention,0,0.4002094826573739
3,coherent_3021,l1_slot_key_attention,1,0.405916767733288
3,coherent_3021,l1_slot_key_attention,2,0.3164068343103281
3,coherent_3021,l1_slot_key_attention,3,0.48697911073395517
3,coherent_3021,l2_original_value_attention,0,0.3432564803395649
3,coherent_3021,l2_original_value_attention,1,0.3417900100882845
3,coherent_3021,l2_original_value_attention,2,0.3590293949190502
3,coherent_3021,l2_original_value_attention,3,0.35624355288509985
3,coherent_3021,l2_slot_value_attention,0,0.3432564803395649
3,coherent_3021,l2_slot_value_attention,1,0.3417900100882845
3,coherent_3021,l2_slot_value_attention,2,0.3590293949190502
3,coherent_3021,l2_slot_value_attention,3,0.35624355288509985
3,value_3021,l1_true_key_attention,0,0.19266305563724018
3,value_3021,l1_true_key_attention,1,0.21765814868558664
3,value_3021,l1_true_key_attention,2,0.23796915563434595
3,value_3021,l1_true_key_attention,3,0.2595521752446075
3,value_3021,l1_slot_key_attention,0,0.39994492958066985
3,value_3021,l1_slot_key_attention,1,0.40365007818036247
3,value_3021,l1_slot_key_attention,2,0.3172213562793331
3,value_3021,l1_slot_key_attention,3,0.486351923798793
3,value_3021,l2_original_value_attention,0,0.13625057343663455
3,value_3021,l2_original_value_attention,1,0.14994891024341533
3,value_3021,l2_original_value_attention,2,0.13342871655544136
3,value_3021,l2_original_value_attention,3,0.13825496992012548
3,value_3021,l2_slot_value_attention,0,0.3257983951725204
3,value_3021,l2_slot_value_attention,1,0.32326081895071074
3,value_3021,l2_slot_value_attention,2,0.33534137681462384
3,value_3021,l2_slot_value_attention,3,0.33624002212259657
3,coherent_3102,l1_true_key_attention,0,0.39995179802645
3,coherent_3102,l1_true_key_attention,1,0.405708658930962
3,coherent_3102,l1_true_key_attention,2,0.3175610679681995
3,coherent_3102,l1_true_key_attention,3,0.4865317545918515
3,coherent_3102,l1_slot_key_attention,0,0.39995179802645
3,coherent_3102,l1_slot_key_attention,1,0.405708658930962
3,coherent_3102,l1_slot_key_attention,2,0.3175610679681995
3,coherent_3102,l1_slot_key_attention,3,0.4865317545918515
3,coherent_3102,l2_original_value_attention,0,0.3268898228513525
3,coherent_3102,l2_original_value_attention,1,0.3305390518657134
3,coherent_3102,l2_original_value_attention,2,0.33895384826072894
3,coherent_3102,l2_original_value_attention,3,0.3405310128728164
3,coherent_3102,l2_slot_value_attention,0,0.3268898228513525
3,coherent_3102,l2_slot_value_attention,1,0.3305390518657134
3,coherent_3102,l2_slot_value_attention,2,0.33895384826072894
3,coherent_3102,l2_slot_value_attention,3,0.3405310128728164
3,value_3102,l1_true_key_attention,0,0.35151772292738315
3,value_3102,l1_true_key_attention,1,0.2968228548124898
3,value_3102,l1_true_key_attention,2,0.2771586140152067
3,value_3102,l1_true_key_attention,3,0.2959671797871124
3,value_3102,l1_slot_key_attention,0,0.4002975919720484
3,value_3102,l1_slot_key_attention,1,0.40376365711563267
3,value_3102,l1_slot_key_attention,2,0.3178617463709088
3,value_3102,l1_slot_key_attention,3,0.48620191698137205
3,value_3102,l2_original_value_attention,0,0.17730475432053286
3,value_3102,l2_original_value_attention,1,0.19449883000525725
3,value_3102,l2_original_value_attention,2,0.17199525766981805
3,value_3102,l2_original_value_attention,3,0.18473750410457607
3,value_3102,l2_slot_value_attention,0,0.32076589734291566
3,value_3102,l2_slot_value_attention,1,0.3234003673291653
3,value_3102,l2_slot_value_attention,2,0.330798440216238
3,value_3102,l2_slot_value_attention,3,0.33077329848843207
3,coherent_3120,l1_true_key_attention,0,0.40036385698476806
3,coherent_3120,l1_true_key_attention,1,0.4056866960017942
3,coherent_3120,l1_true_key_attention,2,0.31619152450730326
3,coherent_3120,l1_true_key_attention,3,0.4869832055119332
3,coherent_3120,l1_slot_key_attention,0,0.40036385698476806
3,coherent_3120,l1_slot_key_attention,1,0.4056866960017942
3,coherent_3120,l1_slot_key_attention,2,0.31619152450730326
3,coherent_3120,l1_slot_key_attention,3,0.4869832055119332
3,coherent_3120,l2_original_value_attention,0,0.34204097800606587
3,coherent_3120,l2_original_value_attention,1,0.3392449677890857
3,coherent_3120,l2_original_value_attention,2,0.35471172423923525
3,coherent_3120,l2_original_value_attention,3,0.3536414052388765
3,coherent_3120,l2_slot_value_attention,0,0.34204097800606587
3,coherent_3120,l2_slot_value_attention,1,0.3392449677890857
3,coherent_3120,l2_slot_value_attention,2,0.35471172423923525
3,coherent_3120,l2_slot_value_attention,3,0.3536414052388765
3,value_3120,l1_true_key_attention,0,0.15726202223959262
3,value_3120,l1_true_key_attention,1,0.26337883213273017
3,value_3120,l1_true_key_attention,2,0.15722499164166948
3,value_3120,l1_true_key_attention,3,0.29572685401217313
3,value_3120,l1_slot_key_attention,0,0.4000057271186961
3,value_3120,l1_slot_key_attention,1,0.40406817305483855
3,value_3120,l1_slot_key_attention,2,0.31654304004769074
3,value_3120,l1_slot_key_attention,3,0.48676205314404797
3,value_3120,l2_original_value_attention,0,0.1220867913550483
3,value_3120,l2_original_value_attention,1,0.12429641238093804
3,value_3120,l2_original_value_attention,2,0.11625414581316476
3,value_3120,l2_original_value_attention,3,0.12481995623252942
3,value_3120,l2_slot_value_attention,0,0.3207582263723819
3,value_3120,l2_slot_value_attention,1,0.3241823011746193
3,value_3120,l2_slot_value_attention,2,0.3294903571207298
3,value_3120,l2_slot_value_attention,3,0.33138472274426095
3,coherent_3201,l1_true_key_attention,0,0.4020617081114324
3,coherent_3201,l1_true_key_attention,1,0.40634254303586204
3,coherent_3201,l1_true_key_attention,2,0.31621253372577485
3,coherent_3201,l1_true_key_attention,3,0.4878261008707341
3,coherent_3201,l1_slot_key_attention,0,0.4020617081114324
3,coherent_3201,l1_slot_key_attention,1,0.40634254303586204
3,coherent_3201,l1_slot_key_attention,2,0.31621253372577485
3,coherent_3201,l1_slot_key_attention,3,0.4878261008707341
3,coherent_3201,l2_original_value_attention,0,0.35032916499316435
3,coherent_3201,l2_original_value_attention,1,0.3472852931990564
3,coherent_3201,l2_original_value_attention,2,0.36231890006169964
3,coherent_3201,l2_original_value_attention,3,0.35954013385784905
3,coherent_3201,l2_slot_value_attention,0,0.35032916499316435
3,coherent_3201,l2_slot_value_attention,1,0.3472852931990564
3,coherent_3201,l2_slot_value_attention,2,0.36231890006169964
3,coherent_3201,l2_slot_value_attention,3,0.35954013385784905
3,value_3201,l1_true_key_attention,0,0.17940218408148212
3,value_3201,l1_true_key_attention,1,0.19148141771438532
3,value_3201,l1_true_key_attention,2,0.18939577836499666
3,value_3201,l1_true_key_attention,3,0.23620890729944222
3,value_3201,l1_slot_key_attention,0,0.4004019716376206
3,value_3201,l1_slot_key_attention,1,0.40360497125948314
3,value_3201,l1_slot_key_attention,2,0.31639261244708905
3,value_3201,l1_slot_key_attention,3,0.48629612669174094
3,value_3201,l2_original_value_attention,0,0.13360812986075973
3,value_3201,l2_original_value_attention,1,0.1471642728986126
3,value_3201,l2_original_value_attention,2,0.13293597221495806
3,value_3201,l2_original_value_attention,3,0.1405579393324321
3,value_3201,l2_slot_value_attention,0,0.32711261610816
3,value_3201,l2_slot_value_attention,1,0.3236859910012875
3,value_3201,l2_slot_value_attention,2,0.33452516522127335
3,value_3201,l2_slot_value_attention,3,0.3339708000192065
3,coherent_3210,l1_true_key_attention,0,0.4021370050468249
3,coherent_3210,l1_true_key_attention,1,0.40565398371836636
3,coherent_3210,l1_true_key_attention,2,0.3154682338790735
3,coherent_3210,l1_true_key_attention,3,0.48744034449919127
3,coherent_3210,l1_slot_key_attention,0,0.4021370050468249
3,coherent_3210,l1_slot_key_attention,1,0.40565398371836636
3,coherent_3210,l1_slot_key_attention,2,0.3154682338790735
3,coherent_3210,l1_slot_key_attention,3,0.48744034449919127
3,coherent_3210,l2_original_value_attention,0,0.35247683405032293
3,coherent_3210,l2_original_value_attention,1,0.34974295294894486
3,coherent_3210,l2_original_value_attention,2,0.36553209005794207
3,coherent_3210,l2_original_value_attention,3,0.36410517446287266
3,coherent_3210,l2_slot_value_attention,0,0.35247683405032293
3,coherent_3210,l2_slot_value_attention,1,0.34974295294894486
3,coherent_3210,l2_slot_value_attention,2,0.36553209005794207
3,coherent_3210,l2_slot_value_attention,3,0.36410517446287266
3,value_3210,l1_true_key_attention,0,0.20374249011001666
3,value_3210,l1_true_key_attention,1,0.2354315996999503
3,value_3210,l1_true_key_attention,2,0.1415143379545043
3,value_3210,l1_true_key_attention,3,0.22254582706955262
3,value_3210,l1_slot_key_attention,0,0.400137268283288
3,value_3210,l1_slot_key_attention,1,0.40350135434709955
3,value_3210,l1_slot_key_attention,2,0.31528103206073865
3,value_3210,l1_slot_key_attention,3,0.48634957094327547
3,value_3210,l2_original_value_attention,0,0.17323316575275077
3,value_3210,l2_original_value_attention,1,0.1702915828484624
3,value_3210,l2_original_value_attention,2,0.16717520004649836
3,value_3210,l2_original_value_attention,3,0.17283735296852293
3,value_3210,l2_slot_value_attention,0,0.3233662681846834
3,value_3210,l2_slot_value_attention,1,0.3224930102660901
3,value_3210,l2_slot_value_attention,2,0.33406151896263103
3,value_3210,l2_slot_value_attention,3,0.3310319813527083
4,original_native,l1_true_key_attention,0,0.43030814691155683
4,original_native,l1_true_key_attention,1,0.5865073015156668
4,original_native,l1_true_key_attention,2,0.9875346172193531
4,original_native,l1_true_key_attention,3,0.45197603951964993
4,original_native,l1_slot_key_attention,0,0.43030814691155683
4,original_native,l1_slot_key_attention,1,0.5865073015156668
4,original_native,l1_slot_key_attention,2,0.9875346172193531
4,original_native,l1_slot_key_attention,3,0.45197603951964993
4,original_native,l2_original_value_attention,0,0.9414199476887006
4,original_native,l2_original_value_attention,1,0.9709914779814426
4,original_native,l2_original_value_attention,2,0.9602748822653666
4,original_native,l2_original_value_attention,3,0.951779030598118
4,original_native,l2_slot_value_attention,0,0.9414199476887006
4,original_native,l2_slot_value_attention,1,0.9709914779814426
4,original_native,l2_slot_value_attention,2,0.9602748822653666
4,original_native,l2_slot_value_attention,3,0.951779030598118
4,original_noop,l1_true_key_attention,0,0.43030814691155683
4,original_noop,l1_true_key_attention,1,0.5865073015156668
4,original_noop,l1_true_key_attention,2,0.9875346172193531
4,original_noop,l1_true_key_attention,3,0.45197603951964993
4,original_noop,l1_slot_key_attention,0,0.43030814691155683
4,original_noop,l1_slot_key_attention,1,0.5865073015156668
4,original_noop,l1_slot_key_attention,2,0.9875346172193531
4,original_noop,l1_slot_key_attention,3,0.45197603951964993
4,original_noop,l2_original_value_attention,0,0.9414199476887006
4,original_noop,l2_original_value_attention,1,0.9709914779814426
4,original_noop,l2_original_value_attention,2,0.9602748822653666
4,original_noop,l2_original_value_attention,3,0.951779030598118
4,original_noop,l2_slot_value_attention,0,0.9414199476887006
4,original_noop,l2_slot_value_attention,1,0.9709914779814426
4,original_noop,l2_slot_value_attention,2,0.9602748822653666
4,original_noop,l2_slot_value_attention,3,0.951779030598118
4,grouped_native,l1_true_key_attention,0,0.12432974543844466
4,grouped_native,l1_true_key_attention,1,0.1358409986460174
4,grouped_native,l1_true_key_attention,2,0.08667588939897541
4,grouped_native,l1_true_key_attention,3,0.14069764200394275
4,grouped_native,l1_slot_key_attention,0,0.12432974543844466
4,grouped_native,l1_slot_key_attention,1,0.1358409986460174
4,grouped_native,l1_slot_key_attention,2,0.08667588939897541
4,grouped_native,l1_slot_key_attention,3,0.14069764200394275
4,grouped_native,l2_original_value_attention,0,0.10606444546462193
4,grouped_native,l2_original_value_attention,1,0.10854629559752546
4,grouped_native,l2_original_value_attention,2,0.10378711813391088
4,grouped_native,l2_original_value_attention,3,0.11081313107917902
4,grouped_native,l2_slot_value_attention,0,0.10606444546462193
4,grouped_native,l2_slot_value_attention,1,0.10854629559752546
4,grouped_native,l2_slot_value_attention,2,0.10378711813391088
4,grouped_native,l2_slot_value_attention,3,0.11081313107917902
4,grouped_canonical,l1_true_key_attention,0,0.22194036314613186
4,grouped_canonical,l1_true_key_attention,1,0.3045374601642834
4,grouped_canonical,l1_true_key_attention,2,0.31869279316742904
4,grouped_canonical,l1_true_key_attention,3,0.21646145409613382
4,grouped_canonical,l1_slot_key_attention,0,0.22194036314613186
4,grouped_canonical,l1_slot_key_attention,1,0.3045374601642834
4,grouped_canonical,l1_slot_key_attention,2,0.31869279316742904
4,grouped_canonical,l1_slot_key_attention,3,0.21646145409613382
4,grouped_canonical,l2_original_value_attention,0,0.24499765937201884
4,grouped_canonical,l2_original_value_attention,1,0.25353473110505553
4,grouped_canonical,l2_original_value_attention,2,0.24693430758771895
4,grouped_canonical,l2_original_value_attention,3,0.24998335079124137
4,grouped_canonical,l2_slot_value_attention,0,0.24499765937201884
4,grouped_canonical,l2_slot_value_attention,1,0.25353473110505553
4,grouped_canonical,l2_slot_value_attention,2,0.24693430758771895
4,grouped_canonical,l2_slot_value_attention,3,0.24998335079124137
4,coherent_0132,l1_true_key_attention,0,0.22306624576594913
4,coherent_0132,l1_true_key_attention,1,0.3032280251427437
4,coherent_0132,l1_true_key_attention,2,0.3159000816522166
4,coherent_0132,l1_true_key_attention,3,0.2165412248505163
4,coherent_0132,l1_slot_key_attention,0,0.22306624576594913
4,coherent_0132,l1_slot_key_attention,1,0.3032280251427437
4,coherent_0132,l1_slot_key_attention,2,0.3159000816522166
4,coherent_0132,l1_slot_key_attention,3,0.2165412248505163
4,coherent_0132,l2_original_value_attention,0,0.23765908989752998
4,coherent_0132,l2_original_value_attention,1,0.24649572513559434
4,coherent_0132,l2_original_value_attention,2,0.2379823855581443
4,coherent_0132,l2_original_value_attention,3,0.23884646241820645
4,coherent_0132,l2_slot_value_attention,0,0.23765908989752998
4,coherent_0132,l2_slot_value_attention,1,0.24649572513559434
4,coherent_0132,l2_slot_value_attention,2,0.2379823855581443
4,coherent_0132,l2_slot_value_attention,3,0.23884646241820645
4,value_0132,l1_true_key_attention,0,0.2034829675903893
4,value_0132,l1_true_key_attention,1,0.2460609336521884
4,value_0132,l1_true_key_attention,2,0.1968918116790519
4,value_0132,l1_true_key_attention,3,0.2053327573739807
4,value_0132,l1_slot_key_attention,0,0.22306288449908607
4,value_0132,l1_slot_key_attention,1,0.30430339629674563
4,value_0132,l1_slot_key_attention,2,0.31737465527112363
4,value_0132,l1_slot_key_attention,3,0.21786599548795493
4,value_0132,l2_original_value_attention,0,0.10702959208099992
4,value_0132,l2_original_value_attention,1,0.10885179360831353
4,value_0132,l2_original_value_attention,2,0.10855112185416624
4,value_0132,l2_original_value_attention,3,0.11502362537967907
4,value_0132,l2_slot_value_attention,0,0.24678525128427867
4,value_0132,l2_slot_value_attention,1,0.25404045063344977
4,value_0132,l2_slot_value_attention,2,0.24415884806511257
4,value_0132,l2_slot_value_attention,3,0.2447418745019438
4,coherent_0213,l1_true_key_attention,0,0.22069858876784565
4,coherent_0213,l1_true_key_attention,1,0.30707996059936704
4,coherent_0213,l1_true_key_attention,2,0.3181991670571733
4,coherent_0213,l1_true_key_attention,3,0.21782696085210773
4,coherent_0213,l1_slot_key_attention,0,0.22069858876784565
4,coherent_0213,l1_slot_key_attention,1,0.30707996059936704
4,coherent_0213,l1_slot_key_attention,2,0.3181991670571733
4,coherent_0213,l1_slot_key_attention,3,0.21782696085210773
4,coherent_0213,l2_original_value_attention,0,0.23127504168037227
4,coherent_0213,l2_original_value_attention,1,0.2420495435247791
4,coherent_0213,l2_original_value_attention,2,0.23569956899305514
4,coherent_0213,l2_original_value_attention,3,0.23549314391064086
4,coherent_0213,l2_slot_value_attention,0,0.23127504168037227
4,coherent_0213,l2_slot_value_attention,1,0.2420495435247791
4,coherent_0213,l2_slot_value_attention,2,0.23569956899305514
4,coherent_0213,l2_slot_value_attention,3,0.23549314391064086
4,value_0213,l1_true_key_attention,0,0.21049085318372818
4,value_0213,l1_true_key_attention,1,0.24763296514720423
4,value_0213,l1_true_key_attention,2,0.2544882274014526
4,value_0213,l1_true_key_attention,3,0.20376103994931327
4,value_0213,l1_slot_key_attention,0,0.2206792572469567
4,value_0213,l1_slot_key_attention,1,0.30689937667921185
4,value_0213,l1_slot_key_attention,2,0.31796862626652
4,value_0213,l1_slot_key_attention,3,0.21735371760223643
4,value_0213,l2_original_value_attention,0,0.17426112993048318
4,value_0213,l2_original_value_attention,1,0.18167823658338503
4,value_0213,l2_original_value_attention,2,0.17651695984196025
4,value_0213,l2_original_value_attention,3,0.17935500644814803
4,value_0213,l2_slot_value_attention,0,0.23802145565485694
4,value_0213,l2_slot_value_attention,1,0.24756810921248476
4,value_0213,l2_slot_value_attention,2,0.2363154490281335
4,value_0213,l2_slot_value_attention,3,0.23815007852621295
4,coherent_0231,l1_true_key_attention,0,0.22092141405300936
4,coherent_0231,l1_true_key_attention,1,0.30664156651619123
4,coherent_0231,l1_true_key_attention,2,0.3171999553524074
4,coherent_0231,l1_true_key_attention,3,0.21650300114924903
4,coherent_0231,l1_slot_key_attention,0,0.22092141405300936
4,coherent_0231,l1_slot_key_attention,1,0.30664156651619123
4,coherent_0231,l1_slot_key_attention,2,0.3171999553524074
4,coherent_0231,l1_slot_key_attention,3,0.21650300114924903
4,coherent_0231,l2_original_value_attention,0,0.23718175274025088
4,coherent_0231,l2_original_value_attention,1,0.24267810778286897
4,coherent_0231,l2_original_value_attention,2,0.23939439850275637
4,coherent_0231,l2_original_value_attention,3,0.23705288471537073
4,coherent_0231,l2_slot_value_attention,0,0.23718175274025088
4,coherent_0231,l2_slot_value_attention,1,0.24267810778286897
4,coherent_0231,l2_slot_value_attention,2,0.23939439850275637
4,coherent_0231,l2_slot_value_attention,3,0.23705288471537073
4,value_0231,l1_true_key_attention,0,0.19673315635009203
4,value_0231,l1_true_key_attention,1,0.23569074446277227
4,value_0231,l1_true_key_attention,2,0.24237883590831188
4,value_0231,l1_true_key_attention,3,0.19473279363228357
4,value_0231,l1_slot_key_attention,0,0.22115481628134148
4,value_0231,l1_slot_key_attention,1,0.3077757341961842
4,value_0231,l1_slot_key_attention,2,0.31800205948820803
4,value_0231,l1_slot_key_attention,3,0.21875434800313087
4,value_0231,l2_original_value_attention,0,0.14194209516520964
4,value_0231,l2_original_value_attention,1,0.1455996712078787
4,value_0231,l2_original_value_attention,2,0.1469492101150386
4,value_0231,l2_original_value_attention,3,0.15153711016508659
4,value_0231,l2_slot_value_attention,0,0.24092547204874867
4,value_0231,l2_slot_value_attention,1,0.24872318541670954
4,value_0231,l2_slot_value_attention,2,0.23604777105568875
4,value_0231,l2_slot_value_attention,3,0.2364295698241529
4,coherent_0312,l1_true_key_attention,0,0.22384091046114918
4,coherent_0312,l1_true_key_attention,1,0.30628359221009305
4,coherent_0312,l1_true_key_attention,2,0.317814977177477
4,coherent_0312,l1_true_key_attention,3,0.22155137039226247
4,coherent_0312,l1_slot_key_attention,0,0.22384091046114918
4,coherent_0312,l1_slot_key_attention,1,0.30628359221009305
4,coherent_0312,l1_slot_key_attention,2,0.317814977177477
4,coherent_0312,l1_slot_key_attention,3,0.22155137039226247
4,coherent_0312,l2_original_value_attention,0,0.24711696892703894
4,coherent_0312,l2_original_value_attention,1,0.2566308468272798
4,coherent_0312,l2_original_value_attention,2,0.24969186749645123
4,coherent_0312,l2_original_value_attention,3,0.24558970950174824
4,coherent_0312,l2_slot_value_attention,0,0.24711696892703894
4,coherent_0312,l2_slot_value_attention,1,0.2566308468272798
4,coherent_0312,l2_slot_value_attention,2,0.24969186749645123
4,coherent_0312,l2_slot_value_attention,3,0.24558970950174824
4,value_0312,l1_true_key_attention,0,0.19237718862859765
4,value_0312,l1_true_key_attention,1,0.21105893362982897
4,value_0312,l1_true_key_attention,2,0.19484458227088908
4,value_0312,l1_true_key_attention,3,0.19832840866365586
4,value_0312,l1_slot_key_attention,0,0.22364223381737247
4,value_0312,l1_slot_key_attention,1,0.3070244903792627
4,value_0312,l1_slot_key_attention,2,0.31770607665384887
4,value_0312,l1_slot_key_attention,3,0.22063633225479862
4,value_0312,l2_original_value_attention,0,0.10173497627002243
4,value_0312,l2_original_value_attention,1,0.10156275187149068
4,value_0312,l2_original_value_attention,2,0.10252881721750544
4,value_0312,l2_original_value_attention,3,0.10884605204608014
4,value_0312,l2_slot_value_attention,0,0.24268351610291522
4,value_0312,l2_slot_value_attention,1,0.25144678346987076
4,value_0312,l2_slot_value_attention,2,0.24120342213407284
4,value_0312,l2_slot_value_attention,3,0.240951910389065
4,coherent_0321,l1_true_key_attention,0,0.22230272617161972
4,coherent_0321,l1_true_key_attention,1,0.30781713409669464
4,coherent_0321,l1_true_key_attention,2,0.31800148946786067
4,coherent_0321,l1_true_key_attention,3,0.21941622838494368
4,coherent_0321,l1_slot_key_attention,0,0.22230272617161972
4,coherent_0321,l1_slot_key_attention,1,0.30781713409669464
4,coherent_0321,l1_slot_key_attention,2,0.31800148946786067
4,coherent_0321,l1_slot_key_attention,3,0.21941622838494368
4,coherent_0321,l2_original_value_attention,0,0.2475178875200172
4,coherent_0321,l2_original_value_attention,1,0.2558119632536916
4,coherent_0321,l2_original_value_attention,2,0.2523382690685551
4,coherent_0321,l2_original_value_attention,3,0.2492311377320387
4,coherent_0321,l2_slot_value_attention,0,0.2475178875200172
4,coherent_0321,l2_slot_value_attention,1,0.2558119632536916
4,coherent_0321,l2_slot_value_attention,2,0.2523382690685551
4,coherent_0321,l2_slot_value_attention,3,0.2492311377320387
4,value_0321,l1_true_key_attention,0,0.1964846125265467
4,value_0321,l1_true_key_attention,1,0.2577445667629945
4,value_0321,l1_true_key_attention,2,0.30453491393564036
4,value_0321,l1_true_key_attention,3,0.19999912334242254
4,value_0321,l1_slot_key_attention,0,0.2223529006296303
4,value_0321,l1_slot_key_attention,1,0.3085021260121721
4,value_0321,l1_slot_key_attention,2,0.3190501854624017
4,value_0321,l1_slot_key_attention,3,0.22003988943470176
4,value_0321,l2_original_value_attention,0,0.20850509752323065
4,value_0321,l2_original_value_attention,1,0.2117306814933313
4,value_0321,l2_original_value_attention,2,0.21199930493691152
4,value_0321,l2_original_value_attention,3,0.21656527818615523
4,value_0321,l2_slot_value_attention,0,0.2439503307661582
4,value_0321,l2_slot_value_attention,1,0.2517608401787045
4,value_0321,l2_slot_value_attention,2,0.2439651986154226
4,value_0321,l2_slot_value_attention,3,0.24459693813306624
4,coherent_1023,l1_true_key_attention,0,0.2230222290090751
4,coherent_1023,l1_true_key_attention,1,0.3044185938560986
4,coherent_1023,l1_true_key_attention,2,0.3189140600661631
4,coherent_1023,l1_true_key_attention,3,0.21818106006685412
4,coherent_1023,l1_slot_key_attention,0,0.2230222290090751
4,coherent_1023,l1_slot_key_attention,1,0.3044185938560986
4,coherent_1023,l1_slot_key_attention,2,0.3189140600661631
4,coherent_1023,l1_slot_key_attention,3,0.21818106006685412
4,coherent_1023,l2_original_value_attention,0,0.25463319205061236
4,coherent_1023,l2_original_value_attention,1,0.26073719921830096
4,coherent_1023,l2_original_value_attention,2,0.25517435599507343
4,coherent_1023,l2_original_value_attention,3,0.25801957612834586
4,coherent_1023,l2_slot_value_attention,0,0.25463319205061236
4,coherent_1023,l2_slot_value_attention,1,0.26073719921830096
4,coherent_1023,l2_slot_value_attention,2,0.25517435599507343
4,coherent_1023,l2_slot_value_attention,3,0.25801957612834586
4,value_1023,l1_true_key_attention,0,0.20615182467736304
4,value_1023,l1_true_key_attention,1,0.26379558156622807
4,value_1023,l1_true_key_attention,2,0.31282591467606835
4,value_1023,l1_true_key_attention,3,0.19537833264985238
4,value_1023,l1_slot_key_attention,0,0.22264229035499739
4,value_1023,l1_slot_key_attention,1,0.30458842473308323
4,value_1023,l1_slot_key_attention,2,0.31901378839393146
4,value_1023,l1_slot_key_attention,3,0.21814931124390569
4,value_1023,l2_original_value_attention,0,0.2462452775086155
4,value_1023,l2_original_value_attention,1,0.25072078167209744
4,value_1023,l2_original_value_attention,2,0.24627460603839688
4,value_1023,l2_original_value_attention,3,0.24971144183214314
4,value_1023,l2_slot_value_attention,0,0.24723222930983543
4,value_1023,l2_slot_value_attention,1,0.2517321851908013
4,value_1023,l2_slot_value_attention,2,0.24129183582604838
4,value_1023,l2_slot_value_attention,3,0.24621317306612778
4,coherent_1032,l1_true_key_attention,0,0.22411080550955376
4,coherent_1032,l1_true_key_attention,1,0.30295315438706893
4,coherent_1032,l1_true_key_attention,2,0.31602399241091916
4,coherent_1032,l1_true_key_attention,3,0.21824314275363577
4,coherent_1032,l1_slot_key_attention,0,0.22411080550955376
4,coherent_1032,l1_slot_key_attention,1,0.30295315438706893
4,coherent_1032,l1_slot_key_attention,2,0.31602399241091916
4,coherent_1032,l1_slot_key_attention,3,0.21824314275363577
4,coherent_1032,l2_original_value_attention,0,0.24183930385717833
4,coherent_1032,l2_original_value_attention,1,0.25024669860994836
4,coherent_1032,l2_original_value_attention,2,0.24064618973568802
4,coherent_1032,l2_original_value_attention,3,0.23898159505927838
4,coherent_1032,l2_slot_value_attention,0,0.24183930385717833
4,coherent_1032,l2_slot_value_attention,1,0.25024669860994836
4,coherent_1032,l2_slot_value_attention,2,0.24064618973568802
4,coherent_1032,l2_slot_value_attention,3,0.23898159505927838
4,value_1032,l1_true_key_attention,0,0.18769613474432845
4,value_1032,l1_true_key_attention,1,0.20532469113823026
4,value_1032,l1_true_key_attention,2,0.1910254627237009
4,value_1032,l1_true_key_attention,3,0.1842498599726241
4,value_1032,l1_slot_key_attention,0,0.22376205464388477
4,value_1032,l1_slot_key_attention,1,0.3043563113824348
4,value_1032,l1_slot_key_attention,2,0.3176946437015431
4,value_1032,l1_slot_key_attention,3,0.21955488435560255
4,value_1032,l2_original_value_attention,0,0.10960701529402023
4,value_1032,l2_original_value_attention,1,0.10755697552035666
4,value_1032,l2_original_value_attention,2,0.11129290605512779
4,value_1032,l2_original_value_attention,3,0.11568343445975807
4,value_1032,l2_slot_value_attention,0,0.24562605708529847
4,value_1032,l2_slot_value_attention,1,0.2498865864785698
4,value_1032,l2_slot_value_attention,2,0.23864593447816407
4,value_1032,l2_slot_value_attention,3,0.24177705343090566
4,coherent_1203,l1_true_key_attention,0,0.2235202945812489
4,coherent_1203,l1_true_key_attention,1,0.3069074232917046
4,coherent_1203,l1_true_key_attention,2,0.31809900663938606
4,coherent_1203,l1_true_key_attention,3,0.2213511109657702
4,coherent_1203,l1_slot_key_attention,0,0.2235202945812489
4,coherent_1203,l1_slot_key_attention,1,0.3069074232917046
4,coherent_1203,l1_slot_key_attention,2,0.31809900663938606
4,coherent_1203,l1_slot_key_attention,3,0.2213511109657702
4,coherent_1203,l2_original_value_attention,0,0.2381755552797099
4,coherent_1203,l2_original_value_attention,1,0.24175764140540718
4,coherent_1203,l2_original_value_attention,2,0.24082431495579457
4,coherent_1203,l2_original_value_attention,3,0.23986435786684074
4,coherent_1203,l2_slot_value_attention,0,0.2381755552797099
4,coherent_1203,l2_slot_value_attention,1,0.24175764140540718
4,coherent_1203,l2_slot_value_attention,2,0.24082431495579457
4,coherent_1203,l2_slot_value_attention,3,0.23986435786684074
4,value_1203,l1_true_key_attention,0,0.20133717919816263
4,value_1203,l1_true_key_attention,1,0.21335095417452976
4,value_1203,l1_true_key_attention,2,0.29469601200253237
4,value_1203,l1_true_key_attention,3,0.19793039190335548
4,value_1203,l1_slot_key_attention,0,0.2233915695323958
4,value_1203,l1_slot_key_attention,1,0.3065493545436766
4,value_1203,l1_slot_key_attention,2,0.31806528679589974
4,value_1203,l1_slot_key_attention,3,0.2206723970521125
4,value_1203,l2_original_value_attention,0,0.21372031850036383
4,value_1203,l2_original_value_attention,1,0.21567327165017666
4,value_1203,l2_original_value_attention,2,0.21321500961769072
4,value_1203,l2_original_value_attention,3,0.21686139287720574
4,value_1203,l2_slot_value_attention,0,0.2395292282119318
4,value_1203,l2_slot_value_attention,1,0.24520296423551374
4,value_1203,l2_slot_value_attention,2,0.23402940421688595
4,value_1203,l2_slot_value_attention,3,0.2368569865376703
4,coherent_1230,l1_true_key_attention,0,0.22522981996735325
4,coherent_1230,l1_true_key_attention,1,0.30650614999467507
4,coherent_1230,l1_true_key_attention,2,0.3170079453775543
4,coherent_1230,l1_true_key_attention,3,0.220747675968596
4,coherent_1230,l1_slot_key_attention,0,0.22522981996735325
4,coherent_1230,l1_slot_key_attention,1,0.30650614999467507
4,coherent_1230,l1_slot_key_attention,2,0.3170079453775543
4,coherent_1230,l1_slot_key_attention,3,0.220747675968596
4,coherent_1230,l2_original_value_attention,0,0.2458953374540575
4,coherent_1230,l2_original_value_attention,1,0.25050508497048757
4,coherent_1230,l2_original_value_attention,2,0.24529746089754745
4,coherent_1230,l2_original_value_attention,3,0.24231731527024306
4,coherent_1230,l2_slot_value_attention,0,0.2458953374540575
4,coherent_1230,l2_slot_value_attention,1,0.25050508497048757
4,coherent_1230,l2_slot_value_attention,2,0.24529746089754745
4,coherent_1230,l2_slot_value_attention,3,0.24231731527024306
4,value_1230,l1_true_key_attention,0,0.19162540424440522
4,value_1230,l1_true_key_attention,1,0.18680989247877733
4,value_1230,l1_true_key_attention,2,0.2016770879890828
4,value_1230,l1_true_key_attention,3,0.1836386488903372
4,value_1230,l1_slot_key_attention,0,0.22521055745892227
4,value_1230,l1_slot_key_attention,1,0.30756886117887916
4,value_1230,l1_slot_key_attention,2,0.31802999546926003
4,value_1230,l1_slot_key_attention,3,0.22267407795152394
4,value_1230,l2_original_value_attention,0,0.1026769694109616
4,value_1230,l2_original_value_attention,1,0.09599292842193803
4,value_1230,l2_original_value_attention,2,0.10377206877026574
4,value_1230,l2_original_value_attention,3,0.10974362531739426
4,value_1230,l2_slot_value_attention,0,0.24405247928603818
4,value_1230,l2_slot_value_attention,1,0.24806942038913404
4,value_1230,l2_slot_value_attention,2,0.2382978210568461
4,value_1230,l2_slot_value_attention,3,0.23879290017842147
4,coherent_1302,l1_true_key_attention,0,0.22658803142985562
4,coherent_1302,l1_true_key_attention,1,0.30627077884128084
4,coherent_1302,l1_true_key_attention,2,0.31749421013955725
4,coherent_1302,l1_true_key_attention,3,0.22399609954300104
4,coherent_1302,l1_slot_key_attention,0,0.22658803142985562
4,coherent_1302,l1_slot_key_attention,1,0.30627077884128084
4,coherent_1302,l1_slot_key_attention,2,0.31749421013955725
4,coherent_1302,l1_slot_key_attention,3,0.22399609954300104
4,coherent_1302,l2_original_value_attention,0,0.2540761451578275
4,coherent_1302,l2_original_value_attention,1,0.2581730723702931
4,coherent_1302,l2_original_value_attention,2,0.25574842977984685
4,coherent_1302,l2_original_value_attention,3,0.2520227379867348
4,coherent_1302,l2_slot_value_attention,0,0.2540761451578275
4,coherent_1302,l2_slot_value_attention,1,0.2581730723702931
4,coherent_1302,l2_slot_value_attention,2,0.25574842977984685
4,coherent_1302,l2_slot_value_attention,3,0.2520227379867348
4,value_1302,l1_true_key_attention,0,0.1831043024576502
4,value_1302,l1_true_key_attention,1,0.17685168396201334
4,value_1302,l1_true_key_attention,2,0.23503994660495664
4,value_1302,l1_true_key_attention,3,0.19193156127585098
4,value_1302,l1_slot_key_attention,0,0.2262621745103388
4,value_1302,l1_slot_key_attention,1,0.30681559064396424
4,value_1302,l1_slot_key_attention,2,0.31778704188764095
4,value_1302,l1_slot_key_attention,3,0.2230038146226434
4,value_1302,l2_original_value_attention,0,0.13833232524402644
4,value_1302,l2_original_value_attention,1,0.13335553549250873
4,value_1302,l2_original_value_attention,2,0.13800185760668776
4,value_1302,l2_original_value_attention,3,0.14395974472544545
4,value_1302,l2_slot_value_attention,0,0.2430222438315198
4,value_1302,l2_slot_value_attention,1,0.24906246836913873
4,value_1302,l2_slot_value_attention,2,0.23991047430478776
4,value_1302,l2_slot_value_attention,3,0.24087827391289576
4,coherent_1320,l1_true_key_attention,0,0.22669892828707816
4,coherent_1320,l1_true_key_attention,1,0.30756553972605616
4,coherent_1320,l1_true_key_attention,2,0.3180446064143325
4,coherent_1320,l1_true_key_attention,3,0.22358865921705728
4,coherent_1320,l1_slot_key_attention,0,0.22669892828707816
4,coherent_1320,l1_slot_key_attention,1,0.30756553972605616
4,coherent_1320,l1_slot_key_attention,2,0.3180446064143325
4,coherent_1320,l1_slot_key_attention,3,0.22358865921705728
4,coherent_1320,l2_original_value_attention,0,0.248587920515634
4,coherent_1320,l2_original_value_attention,1,0.25725070275021306
4,coherent_1320,l2_original_value_attention,2,0.2515021069341862
4,coherent_1320,l2_original_value_attention,3,0.25017091859802826
4,coherent_1320,l2_slot_value_attention,0,0.248587920515634
4,coherent_1320,l2_slot_value_attention,1,0.25725070275021306
4,coherent_1320,l2_slot_value_attention,2,0.2515021069341862
4,coherent_1320,l2_slot_value_attention,3,0.25017091859802826
4,value_1320,l1_true_key_attention,0,0.19140689016785473
4,value_1320,l1_true_key_attention,1,0.2088572844659211
4,value_1320,l1_true_key_attention,2,0.2638284865570313
4,value_1320,l1_true_key_attention,3,0.18880455880935187
4,value_1320,l1_slot_key_attention,0,0.22644810717611108
4,value_1320,l1_slot_key_attention,1,0.30829099201218924
4,value_1320,l1_slot_key_attention,2,0.31907804960064823
4,value_1320,l1_slot_key_attention,3,0.2238792582138558
4,value_1320,l2_original_value_attention,0,0.1655486874907487
4,value_1320,l2_original_value_attention,1,0.15911879092103776
4,value_1320,l2_original_value_attention,2,0.16574519611367958
4,value_1320,l2_original_value_attention,3,0.1719974416802086
4,value_1320,l2_slot_value_attention,0,0.2481707254389244
4,value_1320,l2_slot_value_attention,1,0.2514508108830396
4,value_1320,l2_slot_value_attention,2,0.24512648604050186
4,value_1320,l2_slot_value_attention,3,0.246220749380179
4,coherent_2013,l1_true_key_attention,0,0.22139681410044432
4,coherent_2013,l1_true_key_attention,1,0.30985004488320556
4,coherent_2013,l1_true_key_attention,2,0.31812412183353445
4,coherent_2013,l1_true_key_attention,3,0.2200071919396578
4,coherent_2013,l1_slot_key_attention,0,0.22139681410044432
4,coherent_2013,l1_slot_key_attention,1,0.30985004488320556
4,coherent_2013,l1_slot_key_attention,2,0.31812412183353445
4,coherent_2013,l1_slot_key_attention,3,0.2200071919396578
4,coherent_2013,l2_original_value_attention,0,0.21006460942608873
4,coherent_2013,l2_original_value_attention,1,0.21571887840610615
4,coherent_2013,l2_original_value_attention,2,0.21195578346865138
4,coherent_2013,l2_original_value_attention,3,0.21601446244846906
4,coherent_2013,l2_slot_value_attention,0,0.21006460942608873
4,coherent_2013,l2_slot_value_attention,1,0.21571887840610615
4,coherent_2013,l2_slot_value_attention,2,0.21195578346865138
4,coherent_2013,l2_slot_value_attention,3,0.21601446244846906
4,value_2013,l1_true_key_attention,0,0.20872227838117396
4,value_2013,l1_true_key_attention,1,0.24945393326197518
4,value_2013,l1_true_key_attention,2,0.25471986801858293
4,value_2013,l1_true_key_attention,3,0.20462064416642534
4,value_2013,l1_slot_key_attention,0,0.22116938776161987
4,value_2013,l1_slot_key_attention,1,0.3098735918320017
4,value_2013,l1_slot_key_attention,2,0.3192180670957896
4,value_2013,l1_slot_key_attention,3,0.2190636942650599
4,value_2013,l2_original_value_attention,0,0.17993591665155764
4,value_2013,l2_original_value_attention,1,0.18531612882265278
4,value_2013,l2_original_value_attention,2,0.18322541716663984
4,value_2013,l2_original_value_attention,3,0.18469473302897202
4,value_2013,l2_slot_value_attention,0,0.24028239434359058
4,value_2013,l2_slot_value_attention,1,0.24487537171390858
4,value_2013,l2_slot_value_attention,2,0.23518408318362355
4,value_2013,l2_slot_value_attention,3,0.23711472880724085
4,coherent_2031,l1_true_key_attention,0,0.2216304487810703
4,coherent_2031,l1_true_key_attention,1,0.3093419557044399
4,coherent_2031,l1_true_key_attention,2,0.31579194223013474
4,coherent_2031,l1_true_key_attention,3,0.2186106715525966
4,coherent_2031,l1_slot_key_attention,0,0.2216304487810703
4,coherent_2031,l1_slot_key_attention,1,0.3093419557044399
4,coherent_2031,l1_slot_key_attention,2,0.31579194223013474
4,coherent_2031,l1_slot_key_attention,3,0.2186106715525966
4,coherent_2031,l2_original_value_attention,0,0.2123395632033577
4,coherent_2031,l2_original_value_attention,1,0.21267629519802345
4,coherent_2031,l2_original_value_attention,2,0.21023330886031716
4,coherent_2031,l2_original_value_attention,3,0.21318341867570453
4,coherent_2031,l2_slot_value_attention,0,0.2123395632033577
4,coherent_2031,l2_slot_value_attention,1,0.21267629519802345
4,coherent_2031,l2_slot_value_attention,2,0.21023330886031716
4,coherent_2031,l2_slot_value_attention,3,0.21318341867570453
4,value_2031,l1_true_key_attention,0,0.19497351788595552
4,value_2031,l1_true_key_attention,1,0.23751424180954928
4,value_2031,l1_true_key_attention,2,0.24261050496716052
4,value_2031,l1_true_key_attention,3,0.19559890429809457
4,value_2031,l1_slot_key_attention,0,0.2216536498235655
4,value_2031,l1_slot_key_attention,1,0.310750418677344
4,value_2031,l1_slot_key_attention,2,0.31925049456913257
4,value_2031,l1_slot_key_attention,3,0.22047258295788197
4,value_2031,l2_original_value_attention,0,0.14659344887582346
4,value_2031,l2_original_value_attention,1,0.1494870911060883
4,value_2031,l2_original_value_attention,2,0.1538807227018334
4,value_2031,l2_original_value_attention,3,0.15700259210686035
4,value_2031,l2_slot_value_attention,0,0.24355741814271548
4,value_2031,l2_slot_value_attention,1,0.24653710066554102
4,value_2031,l2_slot_value_attention,2,0.23554372628236186
4,value_2031,l2_slot_value_attention,3,0.23675035357096605
4,coherent_2103,l1_true_key_attention,0,0.22204041547956876
4,coherent_2103,l1_true_key_attention,1,0.3099323363494477
4,coherent_2103,l1_true_key_attention,2,0.3178532611054834
4,coherent_2103,l1_true_key_attention,3,0.2209572476494941
4,coherent_2103,l1_slot_key_attention,0,0.22204041547956876
4,coherent_2103,l1_slot_key_attention,1,0.3099323363494477
4,coherent_2103,l1_slot_key_attention,2,0.3178532611054834
4,coherent_2103,l1_slot_key_attention,3,0.2209572476494941
4,coherent_2103,l2_original_value_attention,0,0.21531324185359332
4,coherent_2103,l2_original_value_attention,1,0.21693734962433192
4,coherent_2103,l2_original_value_attention,2,0.2153247863325836
4,coherent_2103,l2_original_value_attention,3,0.21606226770620054
4,coherent_2103,l2_slot_value_attention,0,0.21531324185359332
4,coherent_2103,l2_slot_value_attention,1,0.21693734962433192
4,coherent_2103,l2_slot_value_attention,2,0.2153247863325836
4,coherent_2103,l2_slot_value_attention,3,0.21606226770620054
4,value_2103,l1_true_key_attention,0,0.21434876758576138
4,value_2103,l1_true_key_attention,1,0.2559762803284684
4,value_2103,l1_true_key_attention,2,0.3007937905131257
4,value_2103,l1_true_key_attention,3,0.21926185369011364
4,value_2103,l1_slot_key_attention,0,0.22208987641351996
4,value_2103,l1_slot_key_attention,1,0.3095238200694439
4,value_2103,l1_slot_key_attention,2,0.31899589419481345
4,value_2103,l1_slot_key_attention,3,0.2199570155753463
4,value_2103,l2_original_value_attention,0,0.21673664357282657
4,value_2103,l2_original_value_attention,1,0.22139838767548728
4,value_2103,l2_original_value_attention,2,0.21709381799008837
4,value_2103,l2_original_value_attention,3,0.22027083807480963
4,value_2103,l2_slot_value_attention,0,0.23833582607008802
4,value_2103,l2_slot_value_attention,1,0.24456406711013337
4,value_2103,l2_slot_value_attention,2,0.23836548857478418
4,value_2103,l2_slot_value_attention,3,0.23889231847786946
4,coherent_2130,l1_true_key_attention,0,0.22376872297900263
4,coherent_2130,l1_true_key_attention,1,0.30956558938487433
4,coherent_2130,l1_true_key_attention,2,0.3154691417439608
4,coherent_2130,l1_true_key_attention,3,0.22043115021006088
4,coherent_2130,l1_slot_key_attention,0,0.22376872297900263
4,coherent_2130,l1_slot_key_attention,1,0.30956558938487433
4,coherent_2130,l1_slot_key_attention,2,0.3154691417439608
4,coherent_2130,l1_slot_key_attention,3,0.22043115021006088
4,coherent_2130,l2_original_value_attention,0,0.20826660141481398
4,coherent_2130,l2_original_value_attention,1,0.21063267507237532
4,coherent_2130,l2_original_value_attention,2,0.20789271885143518
4,coherent_2130,l2_original_value_attention,3,0.2117144462471408
4,coherent_2130,l2_slot_value_attention,0,0.20826660141481398
4,coherent_2130,l2_slot_value_attention,1,0.21063267507237532
4,coherent_2130,l2_slot_value_attention,2,0.20789271885143518
4,coherent_2130,l2_slot_value_attention,3,0.2117144462471408
4,value_2130,l1_true_key_attention,0,0.20463684083370026
4,value_2130,l1_true_key_attention,1,0.2294336776176351
4,value_2130,l1_true_key_attention,2,0.20777482497032906
4,value_2130,l1_true_key_attention,3,0.2049741666560294
4,value_2130,l1_slot_key_attention,0,0.22391245876497123
4,value_2130,l1_slot_key_attention,1,0.3105446439512889
4,value_2130,l1_slot_key_attention,2,0.31896054158278275
4,value_2130,l1_slot_key_attention,3,0.22196746038389392
4,value_2130,l2_original_value_attention,0,0.10585418066058035
4,value_2130,l2_original_value_attention,1,0.10178283328897203
4,value_2130,l2_original_value_attention,2,0.10746236311489257
4,value_2130,l2_original_value_attention,3,0.11251489627302942
4,value_2130,l2_slot_value_attention,0,0.24571089732803258
4,value_2130,l2_slot_value_attention,1,0.2491385514738329
4,value_2130,l2_slot_value_attention,2,0.24268475957835797
4,value_2130,l2_slot_value_attention,3,0.23981946197697923
4,coherent_2301,l1_true_key_attention,0,0.22410311885323608
4,coherent_2301,l1_true_key_attention,1,0.31288856527680764
4,coherent_2301,l1_true_key_attention,2,0.3164846125873737
4,coherent_2301,l1_true_key_attention,3,0.22387878890003776
4,coherent_2301,l1_slot_key_attention,0,0.22410311885323608
4,coherent_2301,l1_slot_key_attention,1,0.31288856527680764
4,coherent_2301,l1_slot_key_attention,2,0.3164846125873737
4,coherent_2301,l1_slot_key_attention,3,0.22387878890003776
4,coherent_2301,l2_original_value_attention,0,0.22126160077713192
4,coherent_2301,l2_original_value_attention,1,0.22442754355452238
4,coherent_2301,l2_original_value_attention,2,0.21994747205319065
4,coherent_2301,l2_original_value_attention,3,0.21972322646201622
4,coherent_2301,l2_slot_value_attention,0,0.22126160077713192
4,coherent_2301,l2_slot_value_attention,1,0.22442754355452238
4,coherent_2301,l2_slot_value_attention,2,0.21994747205319065
4,coherent_2301,l2_slot_value_attention,3,0.21972322646201622
4,value_2301,l1_true_key_attention,0,0.1904574951986433
4,value_2301,l1_true_key_attention,1,0.20902293857943732
4,value_2301,l1_true_key_attention,2,0.2866311299803783
4,value_2301,l1_true_key_attention,3,0.203272784321598
4,value_2301,l1_slot_key_attention,0,0.2241933600816992
4,value_2301,l1_slot_key_attention,1,0.31321315910463454
4,value_2301,l1_slot_key_attention,2,0.3193433316409937
4,value_2301,l1_slot_key_attention,3,0.22392655428120634
4,value_2301,l2_original_value_attention,0,0.1806354221387306
4,value_2301,l2_original_value_attention,1,0.18100674781696272
4,value_2301,l2_original_value_attention,2,0.18218875172972526
4,value_2301,l2_original_value_attention,3,0.18807605459851434
4,value_2301,l2_slot_value_attention,0,0.23863306448436503
4,value_2301,l2_slot_value_attention,1,0.24314699896552558
4,value_2301,l2_slot_value_attention,2,0.2364250481023383
4,value_2301,l2_slot_value_attention,3,0.23564467509332138
4,coherent_2310,l1_true_key_attention,0,0.22479404564364813
4,coherent_2310,l1_true_key_attention,1,0.3126166690562968
4,coherent_2310,l1_true_key_attention,2,0.3168574309529504
4,coherent_2310,l1_true_key_attention,3,0.22504197698435746
4,coherent_2310,l1_slot_key_attention,0,0.22479404564364813
4,coherent_2310,l1_slot_key_attention,1,0.3126166690562968
4,coherent_2310,l1_slot_key_attention,2,0.3168574309529504
4,coherent_2310,l1_slot_key_attention,3,0.22504197698435746
4,coherent_2310,l2_original_value_attention,0,0.2200743958463755
4,coherent_2310,l2_original_value_attention,1,0.22482139804781082
4,coherent_2310,l2_original_value_attention,2,0.21759777107382064
4,coherent_2310,l2_original_value_attention,3,0.22019323927955123
4,coherent_2310,l2_slot_value_attention,0,0.2200743958463755
4,coherent_2310,l2_slot_value_attention,1,0.22482139804781082
4,coherent_2310,l2_slot_value_attention,2,0.21759777107382064
4,coherent_2310,l2_slot_value_attention,3,0.22019323927955123
4,value_2310,l1_true_key_attention,0,0.19399667093966855
4,value_2310,l1_true_key_attention,1,0.1943913021023036
4,value_2310,l1_true_key_attention,2,0.2057262065827672
4,value_2310,l1_true_key_attention,3,0.19821691088509397
4,value_2310,l1_slot_key_attention,0,0.2247336109430762
4,value_2310,l1_slot_key_attention,1,0.3132602341356687
4,value_2310,l1_slot_key_attention,2,0.3192920587171102
4,value_2310,l1_slot_key_attention,3,0.22471495922945905
4,value_2310,l2_original_value_attention,0,0.1010226578125122
4,value_2310,l2_original_value_attention,1,0.09501962408542489
4,value_2310,l2_original_value_attention,2,0.10096731765465268
4,value_2310,l2_original_value_attention,3,0.10693724659266358
4,value_2310,l2_slot_value_attention,0,0.24266114169722258
4,value_2310,l2_slot_value_attention,1,0.24647480545316308
4,value_2310,l2_slot_value_attention,2,0.23927461794879545
4,value_2310,l2_slot_value_attention,3,0.23777708345028487
4,coherent_3012,l1_true_key_attention,0,0.2264217391857528
4,coherent_3012,l1_true_key_attention,1,0.30871964363905136
4,coherent_3012,l1_true_key_attention,2,0.31744093759334646
4,coherent_3012,l1_true_key_attention,3,0.22584814358560834
4,coherent_3012,l1_slot_key_attention,0,0.2264217391857528
4,coherent_3012,l1_slot_key_attention,1,0.30871964363905136
4,coherent_3012,l1_slot_key_attention,2,0.31744093759334646
4,coherent_3012,l1_slot_key_attention,3,0.22584814358560834
4,coherent_3012,l2_original_value_attention,0,0.24841498686504704
4,coherent_3012,l2_original_value_attention,1,0.25641864728590535
4,coherent_3012,l2_original_value_attention,2,0.24698030928665712
4,coherent_3012,l2_original_value_attention,3,0.2511995371160567
4,coherent_3012,l2_slot_value_attention,0,0.24841498686504704
4,coherent_3012,l2_slot_value_attention,1,0.25641864728590535
4,coherent_3012,l2_slot_value_attention,2,0.24698030928665712
4,coherent_3012,l2_slot_value_attention,3,0.2511995371160567
4,value_3012,l1_true_key_attention,0,0.2019455551126157
4,value_3012,l1_true_key_attention,1,0.2159608474939887
4,value_3012,l1_true_key_attention,2,0.19439945046178764
4,value_3012,l1_true_key_attention,3,0.21343649605842074
4,value_3012,l1_slot_key_attention,0,0.2260103630615049
4,value_3012,l1_slot_key_attention,1,0.30893105440190993
4,value_3012,l1_slot_key_attention,2,0.317740159931418
4,value_3012,l1_slot_key_attention,3,0.2243894766215817
4,value_3012,l2_original_value_attention,0,0.11252387093317243
4,value_3012,l2_original_value_attention,1,0.11011292626156524
4,value_3012,l2_original_value_attention,2,0.11314145092358074
4,value_3012,l2_original_value_attention,3,0.11778266746597651
4,value_3012,l2_slot_value_attention,0,0.24112366826512063
4,value_3012,l2_slot_value_attention,1,0.24733167194495032
4,value_3012,l2_slot_value_attention,2,0.23757362839768983
4,value_3012,l2_slot_value_attention,3,0.2386878073398423
4,coherent_3021,l1_true_key_attention,0,0.2249200363876298
4,coherent_3021,l1_true_key_attention,1,0.3102426820260007
4,coherent_3021,l1_true_key_attention,2,0.31864945183042437
4,coherent_3021,l1_true_key_attention,3,0.22366290596255567
4,coherent_3021,l1_slot_key_attention,0,0.2249200363876298
4,coherent_3021,l1_slot_key_attention,1,0.3102426820260007
4,coherent_3021,l1_slot_key_attention,2,0.31864945183042437
4,coherent_3021,l1_slot_key_attention,3,0.22366290596255567
4,coherent_3021,l2_original_value_attention,0,0.2567603040144775
4,coherent_3021,l2_original_value_attention,1,0.26681333522898626
4,coherent_3021,l2_original_value_attention,2,0.25511141021826667
4,coherent_3021,l2_original_value_attention,3,0.25957608937519555
4,coherent_3021,l2_slot_value_attention,0,0.2567603040144775
4,coherent_3021,l2_slot_value_attention,1,0.26681333522898626
4,coherent_3021,l2_slot_value_attention,2,0.25511141021826667
4,coherent_3021,l2_slot_value_attention,3,0.25957608937519555
4,value_3021,l1_true_key_attention,0,0.20605615178646985
4,value_3021,l1_true_key_attention,1,0.2626479418540839
4,value_3021,l1_true_key_attention,2,0.30408941215864616
4,value_3021,l1_true_key_attention,3,0.2151087827514857
4,value_3021,l1_slot_key_attention,0,0.22473305764287943
4,value_3021,l1_slot_key_attention,1,0.31041061370342504
4,value_3021,l1_slot_key_attention,2,0.3190843216434587
4,value_3021,l1_slot_key_attention,3,0.2237955352757126
4,value_3021,l2_original_value_attention,0,0.21572195819872259
4,value_3021,l2_original_value_attention,1,0.21690628415135926
4,value_3021,l2_original_value_attention,2,0.21765987653281152
4,value_3021,l2_original_value_attention,3,0.22315572461651728
4,value_3021,l2_slot_value_attention,0,0.24487609091282822
4,value_3021,l2_slot_value_attention,1,0.2505734468575637
4,value_3021,l2_slot_value_attention,2,0.24077838090917664
4,value_3021,l2_slot_value_attention,3,0.24168354852064136
4,coherent_3102,l1_true_key_attention,0,0.22713667764037382
4,coherent_3102,l1_true_key_attention,1,0.3087133400331368
4,coherent_3102,l1_true_key_attention,2,0.31732620477851015
4,coherent_3102,l1_true_key_attention,3,0.22680105944164097
4,coherent_3102,l1_slot_key_attention,0,0.22713667764037382
4,coherent_3102,l1_slot_key_attention,1,0.3087133400331368
4,coherent_3102,l1_slot_key_attention,2,0.31732620477851015
4,coherent_3102,l1_slot_key_attention,3,0.22680105944164097
4,coherent_3102,l2_original_value_attention,0,0.2555060921623096
4,coherent_3102,l2_original_value_attention,1,0.26468692791866133
4,coherent_3102,l2_original_value_attention,2,0.2582392688486676
4,coherent_3102,l2_original_value_attention,3,0.25777561073837707
4,coherent_3102,l2_slot_value_attention,0,0.2555060921623096
4,coherent_3102,l2_slot_value_attention,1,0.26468692791866133
4,coherent_3102,l2_slot_value_attention,2,0.2582392688486676
4,coherent_3102,l2_slot_value_attention,3,0.25777561073837707
4,value_3102,l1_true_key_attention,0,0.207697612910124
4,value_3102,l1_true_key_attention,1,0.22240153435996035
4,value_3102,l1_true_key_attention,2,0.24046117534635414
4,value_3102,l1_true_key_attention,3,0.22833064042788465
4,value_3102,l1_slot_key_attention,0,0.22698060056427494
4,value_3102,l1_slot_key_attention,1,0.3085746452852618
4,value_3102,l1_slot_key_attention,2,0.31751801621430786
4,value_3102,l1_slot_key_attention,3,0.225358453579247
4,value_3102,l2_original_value_attention,0,0.14613281276403145
4,value_3102,l2_original_value_attention,1,0.1432528428865167
4,value_3102,l2_original_value_attention,2,0.14546363368549392
4,value_3102,l2_original_value_attention,3,0.15138723865916967
4,value_3102,l2_slot_value_attention,0,0.24066747698584884
4,value_3102,l2_slot_value_attention,1,0.24772220555859856
4,value_3102,l2_slot_value_attention,2,0.24025617215598902
4,value_3102,l2_slot_value_attention,3,0.23960923323518937
4,coherent_3120,l1_true_key_attention,0,0.22725533162883949
4,coherent_3120,l1_true_key_attention,1,0.31002389478089754
4,coherent_3120,l1_true_key_attention,2,0.31877576895203674
4,coherent_3120,l1_true_key_attention,3,0.22642520096633234
4,coherent_3120,l1_slot_key_attention,0,0.22725533162883949
4,coherent_3120,l1_slot_key_attention,1,0.31002389478089754
4,coherent_3120,l1_slot_key_attention,2,0.31877576895203674
4,coherent_3120,l1_slot_key_attention,3,0.22642520096633234
4,coherent_3120,l2_original_value_attention,0,0.24901065610196912
4,coherent_3120,l2_original_value_attention,1,0.2598785205409092
4,coherent_3120,l2_original_value_attention,2,0.2509518931386817
4,coherent_3120,l2_original_value_attention,3,0.253462671018365
4,coherent_3120,l2_slot_value_attention,0,0.24901065610196912
4,coherent_3120,l2_slot_value_attention,1,0.2598785205409092
4,coherent_3120,l2_slot_value_attention,2,0.2509518931386817
4,coherent_3120,l2_slot_value_attention,3,0.253462671018365
4,value_3120,l1_true_key_attention,0,0.21599747666914482
4,value_3120,l1_true_key_attention,1,0.25440911118494114
4,value_3120,l1_true_key_attention,2,0.2692514130649215
4,value_3120,l1_true_key_attention,3,0.22520499374513747
4,value_3120,l1_slot_key_attention,0,0.2271671589842299
4,value_3120,l1_slot_key_attention,1,0.310052133485442
4,value_3120,l1_slot_key_attention,2,0.31880902926059207
4,value_3120,l1_slot_key_attention,3,0.22623687666782644
4,value_3120,l2_original_value_attention,0,0.17310008555346768
4,value_3120,l2_original_value_attention,1,0.16928346310846631
4,value_3120,l2_original_value_attention,2,0.17292791505687127
4,value_3120,l2_original_value_attention,3,0.17899538354392783
4,value_3120,l2_slot_value_attention,0,0.2454509224156817
4,value_3120,l2_slot_value_attention,1,0.25004810712542647
4,value_3120,l2_slot_value_attention,2,0.2460248664944698
4,value_3120,l2_slot_value_attention,3,0.24434503342898414
4,coherent_3201,l1_true_key_attention,0,0.22540084359206958
4,coherent_3201,l1_true_key_attention,1,0.31275875425490085
4,coherent_3201,l1_true_key_attention,2,0.3174138992835651
4,coherent_3201,l1_true_key_attention,3,0.22643349258214585
4,coherent_3201,l1_slot_key_attention,0,0.22540084359206958
4,coherent_3201,l1_slot_key_attention,1,0.31275875425490085
4,coherent_3201,l1_slot_key_attention,2,0.3174138992835651
4,coherent_3201,l1_slot_key_attention,3,0.22643349258214585
4,coherent_3201,l2_original_value_attention,0,0.25084407196470265
4,coherent_3201,l2_original_value_attention,1,0.2599412835505893
4,coherent_3201,l2_original_value_attention,2,0.253507884779336
4,coherent_3201,l2_original_value_attention,3,0.25233845686665507
4,coherent_3201,l2_slot_value_attention,0,0.25084407196470265
4,coherent_3201,l2_slot_value_attention,1,0.2599412835505893
4,coherent_3201,l2_slot_value_attention,2,0.253507884779336
4,coherent_3201,l2_slot_value_attention,3,0.25233845686665507
4,value_3201,l1_true_key_attention,0,0.20127654547104612
4,value_3201,l1_true_key_attention,1,0.21228339245863026
4,value_3201,l1_true_key_attention,2,0.2859547510233824
4,value_3201,l1_true_key_attention,3,0.2176727373880567
4,value_3201,l1_slot_key_attention,0,0.22547977852082113
4,value_3201,l1_slot_key_attention,1,0.3123773434199393
4,value_3201,l1_slot_key_attention,2,0.3181361083552474
4,value_3201,l1_slot_key_attention,3,0.22637144037435064
4,value_3201,l2_original_value_attention,0,0.1843121055836334
4,value_3201,l2_original_value_attention,1,0.1838273437391346
4,value_3201,l2_original_value_attention,2,0.18479261043788453
4,value_3201,l2_original_value_attention,3,0.19118595423634682
4,value_3201,l2_slot_value_attention,0,0.23706676512330896
4,value_3201,l2_slot_value_attention,1,0.24363605090438284
4,value_3201,l2_slot_value_attention,2,0.23295874945986725
4,value_3201,l2_slot_value_attention,3,0.2317868710886683
4,coherent_3210,l1_true_key_attention,0,0.2260889136014157
4,coherent_3210,l1_true_key_attention,1,0.3126024581215461
4,coherent_3210,l1_true_key_attention,2,0.3176911874616053
4,coherent_3210,l1_true_key_attention,3,0.22757439802444424
4,coherent_3210,l1_slot_key_attention,0,0.2260889136014157
4,coherent_3210,l1_slot_key_attention,1,0.3126024581215461
4,coherent_3210,l1_slot_key_attention,2,0.3176911874616053
4,coherent_3210,l1_slot_key_attention,3,0.22757439802444424
4,coherent_3210,l2_original_value_attention,0,0.2372373351426713
4,coherent_3210,l2_original_value_attention,1,0.24277700545093256
4,coherent_3210,l2_original_value_attention,2,0.23625840294469075
4,coherent_3210,l2_original_value_attention,3,0.2375280837664218
4,coherent_3210,l2_slot_value_attention,0,0.2372373351426713
4,coherent_3210,l2_slot_value_attention,1,0.24277700545093256
4,coherent_3210,l2_slot_value_attention,2,0.23625840294469075
4,coherent_3210,l2_slot_value_attention,3,0.2375280837664218
4,value_3210,l1_true_key_attention,0,0.20481733564520255
4,value_3210,l1_true_key_attention,1,0.19765065725368913
4,value_3210,l1_true_key_attention,2,0.20505143251648406
4,value_3210,l1_true_key_attention,3,0.2126187702306197
4,value_3210,l1_slot_key_attention,0,0.22601669006689917
4,value_3210,l1_slot_key_attention,1,0.3124217305521597
4,value_3210,l1_slot_key_attention,2,0.3180848492702353
4,value_3210,l1_slot_key_attention,3,0.22715886154401232
4,value_3210,l2_original_value_attention,0,0.10562126904758237
4,value_3210,l2_original_value_attention,1,0.1004710812667592
4,value_3210,l2_original_value_attention,2,0.1058913884616617
4,value_3210,l2_original_value_attention,3,0.11186104407552834
4,value_3210,l2_slot_value_attention,0,0.23892283252426946
4,value_3210,l2_slot_value_attention,1,0.24489070586701178
4,value_3210,l2_slot_value_attention,2,0.23575121888444844
4,value_3210,l2_slot_value_attention,3,0.2350514827672508
5,original_native,l1_true_key_attention,0,0.524622293523862
5,original_native,l1_true_key_attention,1,0.9916448773001321
5,original_native,l1_true_key_attention,2,0.9404206174658611
5,original_native,l1_true_key_attention,3,0.9159722324402537
5,original_native,l1_slot_key_attention,0,0.524622293523862
5,original_native,l1_slot_key_attention,1,0.9916448773001321
5,original_native,l1_slot_key_attention,2,0.9404206174658611
5,original_native,l1_slot_key_attention,3,0.9159722324402537
5,original_native,l2_original_value_attention,0,0.9302504054503515
5,original_native,l2_original_value_attention,1,0.9712834335805383
5,original_native,l2_original_value_attention,2,0.9110093773633707
5,original_native,l2_original_value_attention,3,0.9049998096379568
5,original_native,l2_slot_value_attention,0,0.9302504054503515
5,original_native,l2_slot_value_attention,1,0.9712834335805383
5,original_native,l2_slot_value_attention,2,0.9110093773633707
5,original_native,l2_slot_value_attention,3,0.9049998096379568
5,original_noop,l1_true_key_attention,0,0.524622293523862
5,original_noop,l1_true_key_attention,1,0.9916448773001321
5,original_noop,l1_true_key_attention,2,0.9404206174658611
5,original_noop,l1_true_key_attention,3,0.9159722324402537
5,original_noop,l1_slot_key_attention,0,0.524622293523862
5,original_noop,l1_slot_key_attention,1,0.9916448773001321
5,original_noop,l1_slot_key_attention,2,0.9404206174658611
5,original_noop,l1_slot_key_attention,3,0.9159722324402537
5,original_noop,l2_original_value_attention,0,0.9302504054503515
5,original_noop,l2_original_value_attention,1,0.9712834335805383
5,original_noop,l2_original_value_attention,2,0.9110093773633707
5,original_noop,l2_original_value_attention,3,0.9049998096379568
5,original_noop,l2_slot_value_attention,0,0.9302504054503515
5,original_noop,l2_slot_value_attention,1,0.9712834335805383
5,original_noop,l2_slot_value_attention,2,0.9110093773633707
5,original_noop,l2_slot_value_attention,3,0.9049998096379568
5,grouped_native,l1_true_key_attention,0,0.12105822323792381
5,grouped_native,l1_true_key_attention,1,0.06187032893558353
5,grouped_native,l1_true_key_attention,2,0.07821514546230901
5,grouped_native,l1_true_key_attention,3,0.09401627146326064
5,grouped_native,l1_slot_key_attention,0,0.12105822323792381
5,grouped_native,l1_slot_key_attention,1,0.06187032893558353
5,grouped_native,l1_slot_key_attention,2,0.07821514546230901
5,grouped_native,l1_slot_key_attention,3,0.09401627146326064
5,grouped_native,l2_original_value_attention,0,0.09550408825132906
5,grouped_native,l2_original_value_attention,1,0.0950246203933942
5,grouped_native,l2_original_value_attention,2,0.10047535887148448
5,grouped_native,l2_original_value_attention,3,0.09452164910748967
5,grouped_native,l2_slot_value_attention,0,0.09550408825132906
5,grouped_native,l2_slot_value_attention,1,0.0950246203933942
5,grouped_native,l2_slot_value_attention,2,0.10047535887148448
5,grouped_native,l2_slot_value_attention,3,0.09452164910748967
5,grouped_canonical,l1_true_key_attention,0,0.29732192122901324
5,grouped_canonical,l1_true_key_attention,1,0.49276318587362766
5,grouped_canonical,l1_true_key_attention,2,0.4081116229936015
5,grouped_canonical,l1_true_key_attention,3,0.5287116662511835
5,grouped_canonical,l1_slot_key_attention,0,0.29732192122901324
5,grouped_canonical,l1_slot_key_attention,1,0.49276318587362766
5,grouped_canonical,l1_slot_key_attention,2,0.4081116229936015
5,grouped_canonical,l1_slot_key_attention,3,0.5287116662511835
5,grouped_canonical,l2_original_value_attention,0,0.421846184860875
5,grouped_canonical,l2_original_value_attention,1,0.44919505387487085
5,grouped_canonical,l2_original_value_attention,2,0.4137897853570131
5,grouped_canonical,l2_original_value_attention,3,0.40220083588380784
5,grouped_canonical,l2_slot_value_attention,0,0.421846184860875
5,grouped_canonical,l2_slot_value_attention,1,0.44919505387487085
5,grouped_canonical,l2_slot_value_attention,2,0.4137897853570131
5,grouped_canonical,l2_slot_value_attention,3,0.40220083588380784
5,coherent_0132,l1_true_key_attention,0,0.29961725850444054
5,coherent_0132,l1_true_key_attention,1,0.49081995541928336
5,coherent_0132,l1_true_key_attention,2,0.40839513852552045
5,coherent_0132,l1_true_key_attention,3,0.5299534757941728
5,coherent_0132,l1_slot_key_attention,0,0.29961725850444054
5,coherent_0132,l1_slot_key_attention,1,0.49081995541928336
5,coherent_0132,l1_slot_key_attention,2,0.40839513852552045
5,coherent_0132,l1_slot_key_attention,3,0.5299534757941728
5,coherent_0132,l2_original_value_attention,0,0.4374018645839002
5,coherent_0132,l2_original_value_attention,1,0.46495031815539084
5,coherent_0132,l2_original_value_attention,2,0.4274792533471896
5,coherent_0132,l2_original_value_attention,3,0.4172579590618213
5,coherent_0132,l2_slot_value_attention,0,0.4374018645839002
5,coherent_0132,l2_slot_value_attention,1,0.46495031815539084
5,coherent_0132,l2_slot_value_attention,2,0.4274792533471896
5,coherent_0132,l2_slot_value_attention,3,0.4172579590618213
5,value_0132,l1_true_key_attention,0,0.19249040866998257
5,value_0132,l1_true_key_attention,1,0.12782783736383863
5,value_0132,l1_true_key_attention,2,0.1758773941637628
5,value_0132,l1_true_key_attention,3,0.272137663065223
5,value_0132,l1_slot_key_attention,0,0.2985053914235323
5,value_0132,l1_slot_key_attention,1,0.493221220021951
5,value_0132,l1_slot_key_attention,2,0.4088860878109699
5,value_0132,l1_slot_key_attention,3,0.5282333512877813
5,value_0132,l2_original_value_attention,0,0.1147751118626463
5,value_0132,l2_original_value_attention,1,0.11313807773663317
5,value_0132,l2_original_value_attention,2,0.12069425217702794
5,value_0132,l2_original_value_attention,3,0.11718242612261931
5,value_0132,l2_slot_value_attention,0,0.42352627897586137
5,value_0132,l2_slot_value_attention,1,0.45868336527383363
5,value_0132,l2_slot_value_attention,2,0.41655762496018917
5,value_0132,l2_slot_value_attention,3,0.4040901495668084
5,coherent_0213,l1_true_key_attention,0,0.29884894214046653
5,coherent_0213,l1_true_key_attention,1,0.4918367729114834
5,coherent_0213,l1_true_key_attention,2,0.4095019313681405
5,coherent_0213,l1_true_key_attention,3,0.5293002625840018
5,coherent_0213,l1_slot_key_attention,0,0.29884894214046653
5,coherent_0213,l1_slot_key_attention,1,0.4918367729114834
5,coherent_0213,l1_slot_key_attention,2,0.4095019313681405
5,coherent_0213,l1_slot_key_attention,3,0.5293002625840018
5,coherent_0213,l2_original_value_attention,0,0.44339614301947744
5,coherent_0213,l2_original_value_attention,1,0.4684333202863912
5,coherent_0213,l2_original_value_attention,2,0.4331454993090931
5,coherent_0213,l2_original_value_attention,3,0.4229356548176995
5,coherent_0213,l2_slot_value_attention,0,0.44339614301947744
5,coherent_0213,l2_slot_value_attention,1,0.4684333202863912
5,coherent_0213,l2_slot_value_attention,2,0.4331454993090931
5,coherent_0213,l2_slot_value_attention,3,0.4229356548176995
5,value_0213,l1_true_key_attention,0,0.17865362214797642
5,value_0213,l1_true_key_attention,1,0.2580639767766115
5,value_0213,l1_true_key_attention,2,0.28767179890564876
5,value_0213,l1_true_key_attention,3,0.2538791170081822
5,value_0213,l1_slot_key_attention,0,0.2971470757984207
5,value_0213,l1_slot_key_attention,1,0.49209642651840113
5,value_0213,l1_slot_key_attention,2,0.4087972633278696
5,value_0213,l1_slot_key_attention,3,0.5271499081427464
5,value_0213,l2_original_value_attention,0,0.22034699342474948
5,value_0213,l2_original_value_attention,1,0.23025829165028777
5,value_0213,l2_original_value_attention,2,0.2180822594878674
5,value_0213,l2_original_value_attention,3,0.21269273219819962
5,value_0213,l2_slot_value_attention,0,0.4297204292176482
5,value_0213,l2_slot_value_attention,1,0.4605662269991325
5,value_0213,l2_slot_value_attention,2,0.4218801741743687
5,value_0213,l2_slot_value_attention,3,0.40999551237052556
5,coherent_0231,l1_true_key_attention,0,0.29872141688974807
5,coherent_0231,l1_true_key_attention,1,0.48871265556954313
5,coherent_0231,l1_true_key_attention,2,0.4083143697498599
5,coherent_0231,l1_true_key_attention,3,0.526531348383287
5,coherent_0231,l1_slot_key_attention,0,0.29872141688974807
5,coherent_0231,l1_slot_key_attention,1,0.48871265556954313
5,coherent_0231,l1_slot_key_attention,2,0.4083143697498599
5,coherent_0231,l1_slot_key_attention,3,0.526531348383287
5,coherent_0231,l2_original_value_attention,0,0.4436017939568157
5,coherent_0231,l2_original_value_attention,1,0.46759681188734203
5,coherent_0231,l2_original_value_attention,2,0.4311531341098418
5,coherent_0231,l2_original_value_attention,3,0.42093528778047123
5,coherent_0231,l2_slot_value_attention,0,0.4436017939568157
5,coherent_0231,l2_slot_value_attention,1,0.46759681188734203
5,coherent_0231,l2_slot_value_attention,2,0.4311531341098418
5,coherent_0231,l2_slot_value_attention,3,0.42093528778047123
5,value_0231,l1_true_key_attention,0,0.17341155730900937
5,value_0231,l1_true_key_attention,1,0.1947287783777938
5,value_0231,l1_true_key_attention,2,0.18169614728321903
5,value_0231,l1_true_key_attention,3,0.11973671818759613
5,value_0231,l1_slot_key_attention,0,0.29661841473716777
5,value_0231,l1_slot_key_attention,1,0.4904818169743521
5,value_0231,l1_slot_key_attention,2,0.4078317612002138
5,value_0231,l1_slot_key_attention,3,0.5230904528143583
5,value_0231,l2_original_value_attention,0,0.09935893012450348
5,value_0231,l2_original_value_attention,1,0.08979048581003604
5,value_0231,l2_original_value_attention,2,0.11055030704348341
5,value_0231,l2_original_value_attention,3,0.10662600826926222
5,value_0231,l2_slot_value_attention,0,0.43189012381629577
5,value_0231,l2_slot_value_attention,1,0.46473852560652784
5,value_0231,l2_slot_value_attention,2,0.41862844394566745
5,value_0231,l2_slot_value_attention,3,0.4132186033848906
5,coherent_0312,l1_true_key_attention,0,0.29855761608632747
5,coherent_0312,l1_true_key_attention,1,0.49456357629969716
5,coherent_0312,l1_true_key_attention,2,0.40671723581908736
5,coherent_0312,l1_true_key_attention,3,0.5259195599646773
5,coherent_0312,l1_slot_key_attention,0,0.29855761608632747
5,coherent_0312,l1_slot_key_attention,1,0.49456357629969716
5,coherent_0312,l1_slot_key_attention,2,0.40671723581908736
5,coherent_0312,l1_slot_key_attention,3,0.5259195599646773
5,coherent_0312,l2_original_value_attention,0,0.44367951678158174
5,coherent_0312,l2_original_value_attention,1,0.4769851796517187
5,coherent_0312,l2_original_value_attention,2,0.43161894734980083
5,coherent_0312,l2_original_value_attention,3,0.42171265193493646
5,coherent_0312,l2_slot_value_attention,0,0.44367951678158174
5,coherent_0312,l2_slot_value_attention,1,0.4769851796517187
5,coherent_0312,l2_slot_value_attention,2,0.43161894734980083
5,coherent_0312,l2_slot_value_attention,3,0.42171265193493646
5,value_0312,l1_true_key_attention,0,0.17653536727448227
5,value_0312,l1_true_key_attention,1,0.07572164535702086
5,value_0312,l1_true_key_attention,2,0.16832730160058418
5,value_0312,l1_true_key_attention,3,0.13031153694555542
5,value_0312,l1_slot_key_attention,0,0.29766035908687627
5,value_0312,l1_slot_key_attention,1,0.49262639455264434
5,value_0312,l1_slot_key_attention,2,0.4084050692326855
5,value_0312,l1_slot_key_attention,3,0.5253179527790053
5,value_0312,l2_original_value_attention,0,0.05968058468875625
5,value_0312,l2_original_value_attention,1,0.04751886144946441
5,value_0312,l2_original_value_attention,2,0.06553074390976792
5,value_0312,l2_original_value_attention,3,0.06631514563385237
5,value_0312,l2_slot_value_attention,0,0.42749636096981136
5,value_0312,l2_slot_value_attention,1,0.46121710633835833
5,value_0312,l2_slot_value_attention,2,0.4224388137648303
5,value_0312,l2_slot_value_attention,3,0.40986237527530794
5,coherent_0321,l1_true_key_attention,0,0.29806546673353296
5,coherent_0321,l1_true_key_attention,1,0.4918297062977217
5,coherent_0321,l1_true_key_attention,2,0.4056523264880525
5,coherent_0321,l1_true_key_attention,3,0.5232523393642623
5,coherent_0321,l1_slot_key_attention,0,0.29806546673353296
5,coherent_0321,l1_slot_key_attention,1,0.4918297062977217
5,coherent_0321,l1_slot_key_attention,2,0.4056523264880525
5,coherent_0321,l1_slot_key_attention,3,0.5232523393642623
5,coherent_0321,l2_original_value_attention,0,0.45269485139806526
5,coherent_0321,l2_original_value_attention,1,0.48522609136826655
5,coherent_0321,l2_original_value_attention,2,0.4446207245472966
5,coherent_0321,l2_original_value_attention,3,0.43361591134544475
5,coherent_0321,l2_slot_value_attention,0,0.45269485139806526
5,coherent_0321,l2_slot_value_attention,1,0.48522609136826655
5,coherent_0321,l2_slot_value_attention,2,0.4446207245472966
5,coherent_0321,l2_slot_value_attention,3,0.43361591134544475
5,value_0321,l1_true_key_attention,0,0.27769694493326824
5,value_0321,l1_true_key_attention,1,0.3773214415596158
5,value_0321,l1_true_key_attention,2,0.294791904023441
5,value_0321,l1_true_key_attention,3,0.25283242013756535
5,value_0321,l1_slot_key_attention,0,0.29780542476510163
5,value_0321,l1_slot_key_attention,1,0.49041527084773406
5,value_0321,l1_slot_key_attention,2,0.406828917315579
5,value_0321,l1_slot_key_attention,3,0.5223467361502117
5,value_0321,l2_original_value_attention,0,0.24660767674356152
5,value_0321,l2_original_value_attention,1,0.24719974614758333
5,value_0321,l2_original_value_attention,2,0.25069847290694464
5,value_0321,l2_original_value_attention,3,0.24609589501216889
5,value_0321,l2_slot_value_attention,0,0.42879624328173715
5,value_0321,l2_slot_value_attention,1,0.4550043508728896
5,value_0321,l2_slot_value_attention,2,0.4149223626673381
5,value_0321,l2_slot_value_attention,3,0.41001269489033093
5,coherent_1023,l1_true_key_attention,0,0.3007255748161697
5,coherent_1023,l1_true_key_attention,1,0.49131528894940857
5,coherent_1023,l1_true_key_attention,2,0.40715056625776924
5,coherent_1023,l1_true_key_attention,3,0.5279613713355502
5,coherent_1023,l1_slot_key_attention,0,0.3007255748161697
5,coherent_1023,l1_slot_key_attention,1,0.49131528894940857
5,coherent_1023,l1_slot_key_attention,2,0.40715056625776924
5,coherent_1023,l1_slot_key_attention,3,0.5279613713355502
5,coherent_1023,l2_original_value_attention,0,0.40080585867797136
5,coherent_1023,l2_original_value_attention,1,0.4228921815308
5,coherent_1023,l2_original_value_attention,2,0.3940512973226037
5,coherent_1023,l2_original_value_attention,3,0.3835469866226347
5,coherent_1023,l2_slot_value_attention,0,0.40080585867797136
5,coherent_1023,l2_slot_value_attention,1,0.4228921815308
5,coherent_1023,l2_slot_value_attention,2,0.3940512973226037
5,coherent_1023,l2_slot_value_attention,3,0.3835469866226347
5,value_1023,l1_true_key_attention,0,0.27546719043311896
5,value_1023,l1_true_key_attention,1,0.43328702155849896
5,value_1023,l1_true_key_attention,2,0.37499171620584093
5,value_1023,l1_true_key_attention,3,0.3834028504352318
5,value_1023,l1_slot_key_attention,0,0.3001942652845173
5,value_1023,l1_slot_key_attention,1,0.4907728357356973
5,value_1023,l1_slot_key_attention,2,0.407351064379327
5,value_1023,l1_slot_key_attention,3,0.5276438381406479
5,value_1023,l2_original_value_attention,0,0.3604809461448313
5,value_1023,l2_original_value_attention,1,0.38021000194687593
5,value_1023,l2_original_value_attention,2,0.3539541190488353
5,value_1023,l2_original_value_attention,3,0.34512611041225544
5,value_1023,l2_slot_value_attention,0,0.4258029334115697
5,value_1023,l2_slot_value_attention,1,0.4510202308535809
5,value_1023,l2_slot_value_attention,2,0.4143685453375089
5,value_1023,l2_slot_value_attention,3,0.401898894297546
5,coherent_1032,l1_true_key_attention,0,0.3030195654355339
5,coherent_1032,l1_true_key_attention,1,0.4895577902207151
5,coherent_1032,l1_true_key_attention,2,0.4074116203992162
5,coherent_1032,l1_true_key_attention,3,0.529023848081124
5,coherent_1032,l1_slot_key_attention,0,0.3030195654355339
5,coherent_1032,l1_slot_key_attention,1,0.4895577902207151
5,coherent_1032,l1_slot_key_attention,2,0.4074116203992162
5,coherent_1032,l1_slot_key_attention,3,0.529023848081124
5,coherent_1032,l2_original_value_attention,0,0.4126834391087621
5,coherent_1032,l2_original_value_attention,1,0.4320609311389556
5,coherent_1032,l2_original_value_attention,2,0.4049679690337041
5,coherent_1032,l2_original_value_attention,3,0.39294550582084964
5,coherent_1032,l2_slot_value_attention,0,0.4126834391087621
5,coherent_1032,l2_slot_value_attention,1,0.4320609311389556
5,coherent_1032,l2_slot_value_attention,2,0.4049679690337041
5,coherent_1032,l2_slot_value_attention,3,0.39294550582084964
5,value_1032,l1_true_key_attention,0,0.1706412761559477
5,value_1032,l1_true_key_attention,1,0.06835169781606965
5,value_1032,l1_true_key_attention,2,0.14276298199547455
5,value_1032,l1_true_key_attention,3,0.12678478385169
5,value_1032,l1_slot_key_attention,0,0.3013747330114711
5,value_1032,l1_slot_key_attention,1,0.49123116458940785
5,value_1032,l1_slot_key_attention,2,0.40813045063987374
5,value_1032,l1_slot_key_attention,3,0.527167671432835
5,value_1032,l2_original_value_attention,0,0.05371822079345527
5,value_1032,l2_original_value_attention,1,0.04498289552422865
5,value_1032,l2_original_value_attention,2,0.061626849381360434
5,value_1032,l2_original_value_attention,3,0.061831502087072054
5,value_1032,l2_slot_value_attention,0,0.4259167028227448
5,value_1032,l2_slot_value_attention,1,0.45911206702301965
5,value_1032,l2_slot_value_attention,2,0.4140973535005268
5,value_1032,l2_slot_value_attention,3,0.40252980025132207
5,coherent_1203,l1_true_key_attention,0,0.3053896632336546
5,coherent_1203,l1_true_key_attention,1,0.4898405079729855
5,coherent_1203,l1_true_key_attention,2,0.408821750243078
5,coherent_1203,l1_true_key_attention,3,0.5296687772352016
5,coherent_1203,l1_slot_key_attention,0,0.3053896632336546
5,coherent_1203,l1_slot_key_attention,1,0.4898405079729855
5,coherent_1203,l1_slot_key_attention,2,0.408821750243078
5,coherent_1203,l1_slot_key_attention,3,0.5296687772352016
5,coherent_1203,l2_original_value_attention,0,0.4110057552887265
5,coherent_1203,l2_original_value_attention,1,0.43562809254211704
5,coherent_1203,l2_original_value_attention,2,0.4023813597898795
5,coherent_1203,l2_original_value_attention,3,0.39300048901204687
5,coherent_1203,l2_slot_value_attention,0,0.4110057552887265
5,coherent_1203,l2_slot_value_attention,1,0.43562809254211704
5,coherent_1203,l2_slot_value_attention,2,0.4023813597898795
5,coherent_1203,l2_slot_value_attention,3,0.39300048901204687
5,value_1203,l1_true_key_attention,0,0.22792303287860705
5,value_1203,l1_true_key_attention,1,0.37145313572546
5,value_1203,l1_true_key_attention,2,0.36064443466602825
5,value_1203,l1_true_key_attention,3,0.30215562222292647
5,value_1203,l1_slot_key_attention,0,0.3038943369538174
5,value_1203,l1_slot_key_attention,1,0.49081007951463107
5,value_1203,l1_slot_key_attention,2,0.40828036895254627
5,value_1203,l1_slot_key_attention,3,0.5280343469348736
5,value_1203,l2_original_value_attention,0,0.25389346501323384
5,value_1203,l2_original_value_attention,1,0.26288617644600465
5,value_1203,l2_original_value_attention,2,0.253453411130409
5,value_1203,l2_original_value_attention,3,0.25021410347614836
5,value_1203,l2_slot_value_attention,0,0.43290403390685656
5,value_1203,l2_slot_value_attention,1,0.4601214522870919
5,value_1203,l2_slot_value_attention,2,0.42205924941182693
5,value_1203,l2_slot_value_attention,3,0.4104787271545669
5,coherent_1230,l1_true_key_attention,0,0.3080489936110098
5,coherent_1230,l1_true_key_attention,1,0.4886354482296156
5,coherent_1230,l1_true_key_attention,2,0.40845389690366574
5,coherent_1230,l1_true_key_attention,3,0.5294960073661059
5,coherent_1230,l1_slot_key_attention,0,0.3080489936110098
5,coherent_1230,l1_slot_key_attention,1,0.4886354482296156
5,coherent_1230,l1_slot_key_attention,2,0.40845389690366574
5,coherent_1230,l1_slot_key_attention,3,0.5294960073661059
5,coherent_1230,l2_original_value_attention,0,0.4090705102756585
5,coherent_1230,l2_original_value_attention,1,0.43285983335231587
5,coherent_1230,l2_original_value_attention,2,0.404413023262841
5,coherent_1230,l2_original_value_attention,3,0.3906337598989787
5,coherent_1230,l2_slot_value_attention,0,0.4090705102756585
5,coherent_1230,l2_slot_value_attention,1,0.43285983335231587
5,coherent_1230,l2_slot_value_attention,2,0.404413023262841
5,coherent_1230,l2_slot_value_attention,3,0.3906337598989787
5,value_1230,l1_true_key_attention,0,0.16960659748656326
5,value_1230,l1_true_key_attention,1,0.12137100494783226
5,value_1230,l1_true_key_attention,2,0.12375232549493376
5,value_1230,l1_true_key_attention,3,0.15216608330047166
5,value_1230,l1_slot_key_attention,0,0.30584928693133406
5,value_1230,l1_slot_key_attention,1,0.49059276303160004
5,value_1230,l1_slot_key_attention,2,0.40806462518230546
5,value_1230,l1_slot_key_attention,3,0.5277307858632412
5,value_1230,l2_original_value_attention,0,0.06791399952465882
5,value_1230,l2_original_value_attention,1,0.0614135371217013
5,value_1230,l2_original_value_attention,2,0.07599230808656282
5,value_1230,l2_original_value_attention,3,0.07591446195355647
5,value_1230,l2_slot_value_attention,0,0.4321840713666524
5,value_1230,l2_slot_value_attention,1,0.4594393074859101
5,value_1230,l2_slot_value_attention,2,0.4160985688072709
5,value_1230,l2_slot_value_attention,3,0.40604566085809857
5,coherent_1302,l1_true_key_attention,0,0.3050569248953252
5,coherent_1302,l1_true_key_attention,1,0.4918060276831966
5,coherent_1302,l1_true_key_attention,2,0.4061318338208366
5,coherent_1302,l1_true_key_attention,3,0.5269385238643736
5,coherent_1302,l1_slot_key_attention,0,0.3050569248953252
5,coherent_1302,l1_slot_key_attention,1,0.4918060276831966
5,coherent_1302,l1_slot_key_attention,2,0.4061318338208366
5,coherent_1302,l1_slot_key_attention,3,0.5269385238643736
5,coherent_1302,l2_original_value_attention,0,0.42088923064349215
5,coherent_1302,l2_original_value_attention,1,0.44606466981102577
5,coherent_1302,l2_original_value_attention,2,0.41249434792499223
5,coherent_1302,l2_original_value_attention,3,0.40300553347261725
5,coherent_1302,l2_slot_value_attention,0,0.42088923064349215
5,coherent_1302,l2_slot_value_attention,1,0.44606466981102577
5,coherent_1302,l2_slot_value_attention,2,0.41249434792499223
5,coherent_1302,l2_slot_value_attention,3,0.40300553347261725
5,value_1302,l1_true_key_attention,0,0.22733045703353127
5,value_1302,l1_true_key_attention,1,0.18913408923253883
5,value_1302,l1_true_key_attention,2,0.24121445127821062
5,value_1302,l1_true_key_attention,3,0.17808543386490783
5,value_1302,l1_slot_key_attention,0,0.30423158586927457
5,value_1302,l1_slot_key_attention,1,0.491170784982387
5,value_1302,l1_slot_key_attention,2,0.40810753984260373
5,value_1302,l1_slot_key_attention,3,0.5269178155431291
5,value_1302,l2_original_value_attention,0,0.09878479451446968
5,value_1302,l2_original_value_attention,1,0.08330960542690086
5,value_1302,l2_original_value_attention,2,0.10450071890542056
5,value_1302,l2_original_value_attention,3,0.10779437477029348
5,value_1302,l2_slot_value_attention,0,0.4296644888130086
5,value_1302,l2_slot_value_attention,1,0.4619392344696199
5,value_1302,l2_slot_value_attention,2,0.4188469670000876
5,value_1302,l2_slot_value_attention,3,0.4090691164345511
5,coherent_1320,l1_true_key_attention,0,0.30755719268199755
5,coherent_1320,l1_true_key_attention,1,0.49159567344759125
5,coherent_1320,l1_true_key_attention,2,0.4057743684097659
5,coherent_1320,l1_true_key_attention,3,0.5260326638672268
5,coherent_1320,l1_slot_key_attention,0,0.30755719268199755
5,coherent_1320,l1_slot_key_attention,1,0.49159567344759125
5,coherent_1320,l1_slot_key_attention,2,0.4057743684097659
5,coherent_1320,l1_slot_key_attention,3,0.5260326638672268
5,coherent_1320,l2_original_value_attention,0,0.42351270097646976
5,coherent_1320,l2_original_value_attention,1,0.4466714266731804
5,coherent_1320,l2_original_value_attention,2,0.4151479365240921
5,coherent_1320,l2_original_value_attention,3,0.4071591738617468
5,coherent_1320,l2_slot_value_attention,0,0.42351270097646976
5,coherent_1320,l2_slot_value_attention,1,0.4466714266731804
5,coherent_1320,l2_slot_value_attention,2,0.4151479365240921
5,coherent_1320,l2_slot_value_attention,3,0.4071591738617468
5,value_1320,l1_true_key_attention,0,0.2745980444960878
5,value_1320,l1_true_key_attention,1,0.3039441557957616
5,value_1320,l1_true_key_attention,2,0.23663751633284846
5,value_1320,l1_true_key_attention,3,0.2847627635928802
5,value_1320,l1_slot_key_attention,0,0.3070160509523703
5,value_1320,l1_slot_key_attention,1,0.4905126548546832
5,value_1320,l1_slot_key_attention,2,0.4070646149193635
5,value_1320,l1_slot_key_attention,3,0.5270057308516698
5,value_1320,l2_original_value_attention,0,0.21982720315551413
5,value_1320,l2_original_value_attention,1,0.2196197182749287
5,value_1320,l2_original_value_attention,2,0.21976190302720486
5,value_1320,l2_original_value_attention,3,0.21740959442025728
5,value_1320,l2_slot_value_attention,0,0.43001550019994866
5,value_1320,l2_slot_value_attention,1,0.4537072207686182
5,value_1320,l2_slot_value_attention,2,0.41462982839886475
5,value_1320,l2_slot_value_attention,3,0.40532504129822555
5,coherent_2013,l1_true_key_attention,0,0.30364488556369906
5,coherent_2013,l1_true_key_attention,1,0.492326173800393
5,coherent_2013,l1_true_key_attention,2,0.40922193866572343
5,coherent_2013,l1_true_key_attention,3,0.5299076256051194
5,coherent_2013,l1_slot_key_attention,0,0.30364488556369906
5,coherent_2013,l1_slot_key_attention,1,0.492326173800393
5,coherent_2013,l1_slot_key_attention,2,0.40922193866572343
5,coherent_2013,l1_slot_key_attention,3,0.5299076256051194
5,coherent_2013,l2_original_value_attention,0,0.42951549887843266
5,coherent_2013,l2_original_value_attention,1,0.4554187135712954
5,coherent_2013,l2_original_value_attention,2,0.41701576263072826
5,coherent_2013,l2_original_value_attention,3,0.4073654720481182
5,coherent_2013,l2_slot_value_attention,0,0.42951549887843266
5,coherent_2013,l2_slot_value_attention,1,0.4554187135712954
5,coherent_2013,l2_slot_value_attention,2,0.41701576263072826
5,coherent_2013,l2_slot_value_attention,3,0.4073654720481182
5,value_2013,l1_true_key_attention,0,0.18363960851638694
5,value_2013,l1_true_key_attention,1,0.2550650669509196
5,value_2013,l1_true_key_attention,2,0.2928629186208127
5,value_2013,l1_true_key_attention,3,0.2540403371749562
5,value_2013,l1_slot_key_attention,0,0.30150791766209295
5,value_2013,l1_slot_key_attention,1,0.4926948931970401
5,value_2013,l1_slot_key_attention,2,0.40890883081010543
5,value_2013,l1_slot_key_attention,3,0.5277620086417301
5,value_2013,l2_original_value_attention,0,0.21618024349797124
5,value_2013,l2_original_value_attention,1,0.22662223713472487
5,value_2013,l2_original_value_attention,2,0.21534348485924418
5,value_2013,l2_original_value_attention,3,0.20825697134195437
5,value_2013,l2_slot_value_attention,0,0.4245261947862111
5,value_2013,l2_slot_value_attention,1,0.4543568750676138
5,value_2013,l2_slot_value_attention,2,0.4133664195828557
5,value_2013,l2_slot_value_attention,3,0.4017090474756812
5,coherent_2031,l1_true_key_attention,0,0.3034061975995428
5,coherent_2031,l1_true_key_attention,1,0.4882277934375452
5,coherent_2031,l1_true_key_attention,2,0.40787023364100605
5,coherent_2031,l1_true_key_attention,3,0.5274098885565763
5,coherent_2031,l1_slot_key_attention,0,0.3034061975995428
5,coherent_2031,l1_slot_key_attention,1,0.4882277934375452
5,coherent_2031,l1_slot_key_attention,2,0.40787023364100605
5,coherent_2031,l1_slot_key_attention,3,0.5274098885565763
5,coherent_2031,l2_original_value_attention,0,0.4333638069831848
5,coherent_2031,l2_original_value_attention,1,0.4567492720823397
5,coherent_2031,l2_original_value_attention,2,0.42073913412492314
5,coherent_2031,l2_original_value_attention,3,0.40991987246992106
5,coherent_2031,l2_slot_value_attention,0,0.4333638069831848
5,coherent_2031,l2_slot_value_attention,1,0.4567492720823397
5,coherent_2031,l2_slot_value_attention,2,0.42073913412492314
5,coherent_2031,l2_slot_value_attention,3,0.40991987246992106
5,value_2031,l1_true_key_attention,0,0.17839667368752998
5,value_2031,l1_true_key_attention,1,0.1917248836161889
5,value_2031,l1_true_key_attention,2,0.18688364029367222
5,value_2031,l1_true_key_attention,3,0.11989225578508922
5,value_2031,l1_slot_key_attention,0,0.3009790347641683
5,value_2031,l1_slot_key_attention,1,0.4910807055130135
5,value_2031,l1_slot_key_attention,2,0.4079428372060647
5,value_2031,l1_slot_key_attention,3,0.5236959407193353
5,value_2031,l2_original_value_attention,0,0.09419982132982226
5,value_2031,l2_original_value_attention,1,0.08478079953221634
5,value_2031,l2_original_value_attention,2,0.10664480737352215
5,value_2031,l2_original_value_attention,3,0.10124984575983666
5,value_2031,l2_slot_value_attention,0,0.4261268955366948
5,value_2031,l2_slot_value_attention,1,0.45693351786208714
5,value_2031,l2_slot_value_attention,2,0.4094759411791049
5,value_2031,l2_slot_value_attention,3,0.40416216949429595
5,coherent_2103,l1_true_key_attention,0,0.30579847585613606
5,coherent_2103,l1_true_key_attention,1,0.49145125491486397
5,coherent_2103,l1_true_key_attention,2,0.4097353882243624
5,coherent_2103,l1_true_key_attention,3,0.530089207837591
5,coherent_2103,l1_slot_key_attention,0,0.30579847585613606
5,coherent_2103,l1_slot_key_attention,1,0.49145125491486397
5,coherent_2103,l1_slot_key_attention,2,0.4097353882243624
5,coherent_2103,l1_slot_key_attention,3,0.530089207837591
5,coherent_2103,l2_original_value_attention,0,0.4215615421729996
5,coherent_2103,l2_original_value_attention,1,0.44526096310539226
5,coherent_2103,l2_original_value_attention,2,0.41153614271773103
5,coherent_2103,l2_original_value_attention,3,0.40107604032234334
5,coherent_2103,l2_slot_value_attention,0,0.4215615421729996
5,coherent_2103,l2_slot_value_attention,1,0.44526096310539226
5,coherent_2103,l2_slot_value_attention,2,0.41153614271773103
5,coherent_2103,l2_slot_value_attention,3,0.40107604032234334
5,value_2103,l1_true_key_attention,0,0.25454940669442294
5,value_2103,l1_true_key_attention,1,0.42767447444202844
5,value_2103,l1_true_key_attention,2,0.3989107938396046
5,value_2103,l1_true_key_attention,3,0.44628986180759966
5,value_2103,l1_slot_key_attention,0,0.30438813938962994
5,value_2103,l1_slot_key_attention,1,0.49314975342713296
5,value_2103,l1_slot_key_attention,2,0.40934260390349664
5,value_2103,l1_slot_key_attention,3,0.52890323207248
5,value_2103,l2_original_value_attention,0,0.31469350285320824
5,value_2103,l2_original_value_attention,1,0.3291801788408695
5,value_2103,l2_original_value_attention,2,0.3134456763632959
5,value_2103,l2_original_value_attention,3,0.30397161284830365
5,value_2103,l2_slot_value_attention,0,0.42472994187770163
5,value_2103,l2_slot_value_attention,1,0.4528183831388469
5,value_2103,l2_slot_value_attention,2,0.4136658109063949
5,value_2103,l2_slot_value_attention,3,0.40278733867691985
5,coherent_2130,l1_true_key_attention,0,0.30846108400146477
5,coherent_2130,l1_true_key_attention,1,0.48925563525699545
5,coherent_2130,l1_true_key_attention,2,0.40923324394680094
5,coherent_2130,l1_true_key_attention,3,0.5304057431785623
5,coherent_2130,l1_slot_key_attention,0,0.30846108400146477
5,coherent_2130,l1_slot_key_attention,1,0.48925563525699545
5,coherent_2130,l1_slot_key_attention,2,0.40923324394680094
5,coherent_2130,l1_slot_key_attention,3,0.5304057431785623
5,coherent_2130,l2_original_value_attention,0,0.4301226348532161
5,coherent_2130,l2_original_value_attention,1,0.4558248564747753
5,coherent_2130,l2_original_value_attention,2,0.4171723014646933
5,coherent_2130,l2_original_value_attention,3,0.40672003974464493
5,coherent_2130,l2_slot_value_attention,0,0.4301226348532161
5,coherent_2130,l2_slot_value_attention,1,0.4558248564747753
5,coherent_2130,l2_slot_value_attention,2,0.4171723014646933
5,coherent_2130,l2_slot_value_attention,3,0.40672003974464493
5,value_2130,l1_true_key_attention,0,0.19623098542069783
5,value_2130,l1_true_key_attention,1,0.17759020555331517
5,value_2130,l1_true_key_attention,2,0.16201191846994334
5,value_2130,l1_true_key_attention,3,0.2963195083284518
5,value_2130,l1_slot_key_attention,0,0.3063565974589437
5,value_2130,l1_slot_key_attention,1,0.49293324640893843
5,value_2130,l1_slot_key_attention,2,0.40912800254591275
5,value_2130,l1_slot_key_attention,3,0.5285993364814203
5,value_2130,l2_original_value_attention,0,0.12441592238951664
5,value_2130,l2_original_value_attention,1,0.12481076083457167
5,value_2130,l2_original_value_attention,2,0.13175667732835117
5,value_2130,l2_original_value_attention,3,0.12672699705835205
5,value_2130,l2_slot_value_attention,0,0.4226063464384581
5,value_2130,l2_slot_value_attention,1,0.45261552204737426
5,value_2130,l2_slot_value_attention,2,0.4104015847473743
5,value_2130,l2_slot_value_attention,3,0.4004110612377674
5,coherent_2301,l1_true_key_attention,0,0.3053799832923687
5,coherent_2301,l1_true_key_attention,1,0.49082200913107954
5,coherent_2301,l1_true_key_attention,2,0.40657515193743166
5,coherent_2301,l1_true_key_attention,3,0.5255144735710928
5,coherent_2301,l1_slot_key_attention,0,0.3053799832923687
5,coherent_2301,l1_slot_key_attention,1,0.49082200913107954
5,coherent_2301,l1_slot_key_attention,2,0.40657515193743166
5,coherent_2301,l1_slot_key_attention,3,0.5255144735710928
5,coherent_2301,l2_original_value_attention,0,0.4421930277516229
5,coherent_2301,l2_original_value_attention,1,0.4730845685426668
5,coherent_2301,l2_original_value_attention,2,0.4324193166761263
5,coherent_2301,l2_original_value_attention,3,0.42267541904295947
5,coherent_2301,l2_slot_value_attention,0,0.4421930277516229
5,coherent_2301,l2_slot_value_attention,1,0.4730845685426668
5,coherent_2301,l2_slot_value_attention,2,0.4324193166761263
5,coherent_2301,l2_slot_value_attention,3,0.42267541904295947
5,value_2301,l1_true_key_attention,0,0.23469681879942073
5,value_2301,l1_true_key_attention,1,0.3124930825724732
5,value_2301,l1_true_key_attention,2,0.28557816425018245
5,value_2301,l1_true_key_attention,3,0.17148327207360126
5,value_2301,l1_slot_key_attention,0,0.3037476385143236
5,value_2301,l1_slot_key_attention,1,0.4910189132060623
5,value_2301,l1_slot_key_attention,2,0.4079165306466166
5,value_2301,l1_slot_key_attention,3,0.5234090875892434
5,value_2301,l2_original_value_attention,0,0.13920456129188008
5,value_2301,l2_original_value_attention,1,0.1269719639249926
5,value_2301,l2_original_value_attention,2,0.1504387434606719
5,value_2301,l2_original_value_attention,3,0.147654822695973
5,value_2301,l2_slot_value_attention,0,0.43169889424343455
5,value_2301,l2_slot_value_attention,1,0.4581908065209457
5,value_2301,l2_slot_value_attention,2,0.41473634770119383
5,value_2301,l2_slot_value_attention,3,0.41149683138590043
5,coherent_2310,l1_true_key_attention,0,0.30750136599090183
5,coherent_2310,l1_true_key_attention,1,0.49325076868990436
5,coherent_2310,l1_true_key_attention,2,0.40747628765529953
5,coherent_2310,l1_true_key_attention,3,0.5265798143664142
5,coherent_2310,l1_slot_key_attention,0,0.30750136599090183
5,coherent_2310,l1_slot_key_attention,1,0.49325076868990436
5,coherent_2310,l1_slot_key_attention,2,0.40747628765529953
5,coherent_2310,l1_slot_key_attention,3,0.5265798143664142
5,coherent_2310,l2_original_value_attention,0,0.4366744451127538
5,coherent_2310,l2_original_value_attention,1,0.463804929150759
5,coherent_2310,l2_original_value_attention,2,0.4230326143349371
5,coherent_2310,l2_original_value_attention,3,0.4165612588245431
5,coherent_2310,l2_slot_value_attention,0,0.4366744451127538
5,coherent_2310,l2_slot_value_attention,1,0.463804929150759
5,coherent_2310,l2_slot_value_attention,2,0.4230326143349371
5,coherent_2310,l2_slot_value_attention,3,0.4165612588245431
5,value_2310,l1_true_key_attention,0,0.18035169250288163
5,value_2310,l1_true_key_attention,1,0.12572677943308008
5,value_2310,l1_true_key_attention,2,0.15446355381209287
5,value_2310,l1_true_key_attention,3,0.15568299357619253
5,value_2310,l1_slot_key_attention,0,0.3054855214941199
5,value_2310,l1_slot_key_attention,1,0.4923519793228479
5,value_2310,l1_slot_key_attention,2,0.4086418085207697
5,value_2310,l1_slot_key_attention,3,0.5257642163196579
5,value_2310,l2_original_value_attention,0,0.06959227256710748
5,value_2310,l2_original_value_attention,1,0.05984791988264494
5,value_2310,l2_original_value_attention,2,0.07708853785696383
5,value_2310,l2_original_value_attention,3,0.07647978441034538
5,value_2310,l2_slot_value_attention,0,0.4274768391090792
5,value_2310,l2_slot_value_attention,1,0.4567484026874143
5,value_2310,l2_slot_value_attention,2,0.4165630387598164
5,value_2310,l2_slot_value_attention,3,0.40693139711500903
5,coherent_3012,l1_true_key_attention,0,0.3013966889848234
5,coherent_3012,l1_true_key_attention,1,0.49314617209893186
5,coherent_3012,l1_true_key_attention,2,0.40746056158968713
5,coherent_3012,l1_true_key_attention,3,0.5270146965049207
5,coherent_3012,l1_slot_key_attention,0,0.3013966889848234
5,coherent_3012,l1_slot_key_attention,1,0.49314617209893186
5,coherent_3012,l1_slot_key_attention,2,0.40746056158968713
5,coherent_3012,l1_slot_key_attention,3,0.5270146965049207
5,coherent_3012,l2_original_value_attention,0,0.4407322393227361
5,coherent_3012,l2_original_value_attention,1,0.47346043325533455
5,coherent_3012,l2_original_value_attention,2,0.42760214962297793
5,coherent_3012,l2_original_value_attention,3,0.41983461129074257
5,coherent_3012,l2_slot_value_attention,0,0.4407322393227361
5,coherent_3012,l2_slot_value_attention,1,0.47346043325533455
5,coherent_3012,l2_slot_value_attention,2,0.42760214962297793
5,coherent_3012,l2_slot_value_attention,3,0.41983461129074257
5,value_3012,l1_true_key_attention,0,0.15579535131473676
5,value_3012,l1_true_key_attention,1,0.07191083270697618
5,value_3012,l1_true_key_attention,2,0.17302845895937935
5,value_3012,l1_true_key_attention,3,0.12244766835829068
5,value_3012,l1_slot_key_attention,0,0.30019402529433137
5,value_3012,l1_slot_key_attention,1,0.4928961354162311
5,value_3012,l1_slot_key_attention,2,0.4089529363409383
5,value_3012,l1_slot_key_attention,3,0.5261145336407935
5,value_3012,l2_original_value_attention,0,0.06141555965402466
5,value_3012,l2_original_value_attention,1,0.05052711925470995
5,value_3012,l2_original_value_attention,2,0.06660563945910043
5,value_3012,l2_original_value_attention,3,0.06653173756007763
5,value_3012,l2_slot_value_attention,0,0.4246590916632759
5,value_3012,l2_slot_value_attention,1,0.45438566185686263
5,value_3012,l2_slot_value_attention,2,0.420189575763397
5,value_3012,l2_slot_value_attention,3,0.4043623538326984
5,coherent_3021,l1_true_key_attention,0,0.30091419727978064
5,coherent_3021,l1_true_key_attention,1,0.4926218707842054
5,coherent_3021,l1_true_key_attention,2,0.4067359786713496
5,coherent_3021,l1_true_key_attention,3,0.5242676132038468
5,coherent_3021,l1_slot_key_attention,0,0.30091419727978064
5,coherent_3021,l1_slot_key_attention,1,0.4926218707842054
5,coherent_3021,l1_slot_key_attention,2,0.4067359786713496
5,coherent_3021,l1_slot_key_attention,3,0.5242676132038468
5,coherent_3021,l2_original_value_attention,0,0.4405776915226035
5,coherent_3021,l2_original_value_attention,1,0.4734786370534919
5,coherent_3021,l2_original_value_attention,2,0.42880429082354765
5,coherent_3021,l2_original_value_attention,3,0.4183829844673914
5,coherent_3021,l2_slot_value_attention,0,0.4405776915226035
5,coherent_3021,l2_slot_value_attention,1,0.4734786370534919
5,coherent_3021,l2_slot_value_attention,2,0.42880429082354765
5,coherent_3021,l2_slot_value_attention,3,0.4183829844673914
5,value_3021,l1_true_key_attention,0,0.2569383800437208
5,value_3021,l1_true_key_attention,1,0.37350832609445206
5,value_3021,l1_true_key_attention,2,0.29949471090367297
5,value_3021,l1_true_key_attention,3,0.24499847829065402
5,value_3021,l1_slot_key_attention,0,0.30034587880800245
5,value_3021,l1_slot_key_attention,1,0.49068339364021085
5,value_3021,l1_slot_key_attention,2,0.4073806297237752
5,value_3021,l1_slot_key_attention,3,0.5231350920366822
5,value_3021,l2_original_value_attention,0,0.24701118946969491
5,value_3021,l2_original_value_attention,1,0.2486542222930644
5,value_3021,l2_original_value_attention,2,0.24891888604926418
5,value_3021,l2_original_value_attention,3,0.2425261799749686
5,value_3021,l2_slot_value_attention,0,0.42822298032914785
5,value_3021,l2_slot_value_attention,1,0.45147645342022946
5,value_3021,l2_slot_value_attention,2,0.41652925067009217
5,value_3021,l2_slot_value_attention,3,0.40644865307908373
5,coherent_3102,l1_true_key_attention,0,0.30359322477306705
5,coherent_3102,l1_true_key_attention,1,0.49223373329732567
5,coherent_3102,l1_true_key_attention,2,0.4078966162051074
5,coherent_3102,l1_true_key_attention,3,0.5275196760194376
5,coherent_3102,l1_slot_key_attention,0,0.30359322477306705
5,coherent_3102,l1_slot_key_attention,1,0.49223373329732567
5,coherent_3102,l1_slot_key_attention,2,0.4078966162051074
5,coherent_3102,l1_slot_key_attention,3,0.5275196760194376
5,coherent_3102,l2_original_value_attention,0,0.43262698609151023
5,coherent_3102,l2_original_value_attention,1,0.4551080235664955
5,coherent_3102,l2_original_value_attention,2,0.4219577653473372
5,coherent_3102,l2_original_value_attention,3,0.407586666252879
5,coherent_3102,l2_slot_value_attention,0,0.43262698609151023
5,coherent_3102,l2_slot_value_attention,1,0.4551080235664955
5,coherent_3102,l2_slot_value_attention,2,0.4219577653473372
5,coherent_3102,l2_slot_value_attention,3,0.407586666252879
5,value_3102,l1_true_key_attention,0,0.22768922639806988
5,value_3102,l1_true_key_attention,1,0.24473148943252454
5,value_3102,l1_true_key_attention,2,0.2789213573123561
5,value_3102,l1_true_key_attention,3,0.3135843279378605
5,value_3102,l1_slot_key_attention,0,0.30302107184252236
5,value_3102,l1_slot_key_attention,1,0.49336263004806824
5,value_3102,l1_slot_key_attention,2,0.40937917221162934
5,value_3102,l1_slot_key_attention,3,0.5272516730037751
5,value_3102,l2_original_value_attention,0,0.16043420335593006
5,value_3102,l2_original_value_attention,1,0.1525723062948496
5,value_3102,l2_original_value_attention,2,0.16417879422806872
5,value_3102,l2_original_value_attention,3,0.16265846918330093
5,value_3102,l2_slot_value_attention,0,0.4257693973395761
5,value_3102,l2_slot_value_attention,1,0.4558441923619595
5,value_3102,l2_slot_value_attention,2,0.4192731348093813
5,value_3102,l2_slot_value_attention,3,0.4056051536781612
5,coherent_3120,l1_true_key_attention,0,0.30613059575262014
5,coherent_3120,l1_true_key_attention,1,0.49387774044589605
5,coherent_3120,l1_true_key_attention,2,0.4078918457526015
5,coherent_3120,l1_true_key_attention,3,0.5265030904556625
5,coherent_3120,l1_slot_key_attention,0,0.30613059575262014
5,coherent_3120,l1_slot_key_attention,1,0.49387774044589605
5,coherent_3120,l1_slot_key_attention,2,0.4078918457526015
5,coherent_3120,l1_slot_key_attention,3,0.5265030904556625
5,coherent_3120,l2_original_value_attention,0,0.43072700746392434
5,coherent_3120,l2_original_value_attention,1,0.45485667015508646
5,coherent_3120,l2_original_value_attention,2,0.41732394025179387
5,coherent_3120,l2_original_value_attention,3,0.4062469601382399
5,coherent_3120,l2_slot_value_attention,0,0.43072700746392434
5,coherent_3120,l2_slot_value_attention,1,0.45485667015508646
5,coherent_3120,l2_slot_value_attention,2,0.41732394025179387
5,coherent_3120,l2_slot_value_attention,3,0.4062469601382399
5,value_3120,l1_true_key_attention,0,0.27494846696208697
5,value_3120,l1_true_key_attention,1,0.359541386969795
5,value_3120,l1_true_key_attention,2,0.27434593182988465
5,value_3120,l1_true_key_attention,3,0.42025138121971395
5,value_3120,l1_slot_key_attention,0,0.3057971179296146
5,value_3120,l1_slot_key_attention,1,0.4927044968208065
5,value_3120,l1_slot_key_attention,2,0.4083417619258398
5,value_3120,l1_slot_key_attention,3,0.5273394059186103
5,value_3120,l2_original_value_attention,0,0.28231141496639217
5,value_3120,l2_original_value_attention,1,0.2895077829689044
5,value_3120,l2_original_value_attention,2,0.2797329414582578
5,value_3120,l2_original_value_attention,3,0.27213446270104485
5,value_3120,l2_slot_value_attention,0,0.4262543197005755
5,value_3120,l2_slot_value_attention,1,0.4479687619522735
5,value_3120,l2_slot_value_attention,2,0.4154679846889747
5,value_3120,l2_slot_value_attention,3,0.40212094293049
5,coherent_3201,l1_true_key_attention,0,0.3055955820818781
5,coherent_3201,l1_true_key_attention,1,0.4910700833424926
5,coherent_3201,l1_true_key_attention,2,0.4082135068165371
5,coherent_3201,l1_true_key_attention,3,0.5260130399401532
5,coherent_3201,l1_slot_key_attention,0,0.3055955820818781
5,coherent_3201,l1_slot_key_attention,1,0.4910700833424926
5,coherent_3201,l1_slot_key_attention,2,0.4082135068165371
5,coherent_3201,l1_slot_key_attention,3,0.5260130399401532
5,coherent_3201,l2_original_value_attention,0,0.449748598299073
5,coherent_3201,l2_original_value_attention,1,0.4773332541452373
5,coherent_3201,l2_original_value_attention,2,0.4366139568577245
5,coherent_3201,l2_original_value_attention,3,0.4287531488628108
5,coherent_3201,l2_slot_value_attention,0,0.449748598299073
5,coherent_3201,l2_slot_value_attention,1,0.4773332541452373
5,coherent_3201,l2_slot_value_attention,2,0.4366139568577245
5,coherent_3201,l2_slot_value_attention,3,0.4287531488628108
5,value_3201,l1_true_key_attention,0,0.20902537991059944
5,value_3201,l1_true_key_attention,1,0.31168333342066035
5,value_3201,l1_true_key_attention,2,0.2851169069981552
5,value_3201,l1_true_key_attention,3,0.16364694091680576
5,value_3201,l1_slot_key_attention,0,0.30410647212556796
5,value_3201,l1_slot_key_attention,1,0.4907097062387038
5,value_3201,l1_slot_key_attention,2,0.40830830042250454
5,value_3201,l1_slot_key_attention,3,0.5235133918176871
5,value_3201,l2_original_value_attention,0,0.14036012611190038
5,value_3201,l2_original_value_attention,1,0.13014948007853533
5,value_3201,l2_original_value_attention,2,0.14902420819380674
5,value_3201,l2_original_value_attention,3,0.14789192264761958
5,value_3201,l2_slot_value_attention,0,0.4353898283619903
5,value_3201,l2_slot_value_attention,1,0.46113656222890986
5,value_3201,l2_slot_value_attention,2,0.42427021965929207
5,value_3201,l2_slot_value_attention,3,0.41582754860279364
5,coherent_3210,l1_true_key_attention,0,0.3076209899081732
5,coherent_3210,l1_true_key_attention,1,0.4929808169690659
5,coherent_3210,l1_true_key_attention,2,0.4091128576401388
5,coherent_3210,l1_true_key_attention,3,0.5270184807595797
5,coherent_3210,l1_slot_key_attention,0,0.3076209899081732
5,coherent_3210,l1_slot_key_attention,1,0.4929808169690659
5,coherent_3210,l1_slot_key_attention,2,0.4091128576401388
5,coherent_3210,l1_slot_key_attention,3,0.5270184807595797
5,coherent_3210,l2_original_value_attention,0,0.4578132908723182
5,coherent_3210,l2_original_value_attention,1,0.48589140817513815
5,coherent_3210,l2_original_value_attention,2,0.4483283771986187
5,coherent_3210,l2_original_value_attention,3,0.4375293186387212
5,coherent_3210,l2_slot_value_attention,0,0.4578132908723182
5,coherent_3210,l2_slot_value_attention,1,0.48589140817513815
5,coherent_3210,l2_slot_value_attention,2,0.4483283771986187
5,coherent_3210,l2_slot_value_attention,3,0.4375293186387212
5,value_3210,l1_true_key_attention,0,0.15468611324831727
5,value_3210,l1_true_key_attention,1,0.12491628035695612
5,value_3210,l1_true_key_attention,2,0.15399979564608657
5,value_3210,l1_true_key_attention,3,0.14782567154543358
5,value_3210,l1_slot_key_attention,0,0.3058185993504594
5,value_3210,l1_slot_key_attention,1,0.4920437172986567
5,value_3210,l1_slot_key_attention,2,0.4090287148428615
5,value_3210,l1_slot_key_attention,3,0.5258680791448569
5,value_3210,l2_original_value_attention,0,0.07558534046570542
5,value_3210,l2_original_value_attention,1,0.0661147519378441
5,value_3210,l2_original_value_attention,2,0.08109140702894378
5,value_3210,l2_original_value_attention,3,0.0805054450964844
5,value_3210,l2_slot_value_attention,0,0.431343850348917
5,value_3210,l2_slot_value_attention,1,0.45612108187661293
5,value_3210,l2_slot_value_attention,2,0.4222960236710541
5,value_3210,l2_slot_value_attention,3,0.40854557611598574
