seed,condition,baseline,answer_fidelity,ci95_low,ci95_high,assigned_original_probability,assigned_slot_probability,original_probability_error,slot_probability_error
0,original_native,semantic_original,1.0,1.0,1.0,1.0,1.0,-0.0007142913818825036,-0.0007142913818825036
0,original_native,uniform_displayed_four,0.25,0.25,0.25,0.25,0.25,0.7492857086181175,0.7492857086181175
0,original_native,uniform_sixteen,0.0625,0.0625,0.0625,0.0625,0.0625,0.9367857086181175,0.9367857086181175
0,original_native,slot_rule,1.0,1.0,1.0,1.0,1.0,-0.0007142913818825036,-0.0007142913818825036
0,original_noop,semantic_original,1.0,1.0,1.0,1.0,1.0,-0.0007142913818825036,-0.0007142913818825036
0,original_noop,uniform_displayed_four,0.25,0.25,0.25,0.25,0.25,0.7492857086181175,0.7492857086181175
0,original_noop,uniform_sixteen,0.0625,0.0625,0.0625,0.0625,0.0625,0.9367857086181175,0.9367857086181175
0,original_noop,slot_rule,1.0,1.0,1.0,1.0,1.0,-0.0007142913818825036,-0.0007142913818825036
0,grouped_native,semantic_original,0.20166015625,0.18553466796875,0.2197265625,1.0,1.0,-0.8058672749933619,-0.8058672749933619
0,grouped_native,uniform_displayed_four,0.1434326171875,0.1385467529296875,0.1488037109375,0.25,0.25,-0.05586727499336186,-0.05586727499336186
0,grouped_native,uniform_sixteen,0.0625,0.0625,0.0625,0.0625,0.0625,0.13163272500663814,0.13163272500663814
0,grouped_native,slot_rule,0.20166015625,0.18553466796875,0.2197265625,1.0,1.0,-0.8058672749933619,-0.8058672749933619
0,grouped_canonical,semantic_original,0.5390625,0.51951904296875,0.55810546875,1.0,1.0,-0.47765877530985423,-0.47765877530985423
0,grouped_canonical,uniform_displayed_four,0.2103271484375,0.2064208984375,0.214111328125,0.25,0.25,0.27234122469014577,0.27234122469014577
0,grouped_canonical,uniform_sixteen,0.0625,0.0625,0.0625,0.0625,0.0625,0.45984122469014577,0.45984122469014577
0,grouped_canonical,slot_rule,0.5390625,0.51951904296875,0.55810546875,1.0,1.0,-0.47765877530985423,-0.47765877530985423
0,coherent_0132,semantic_original,0.53369140625,0.5166015625,0.5517578125,1.0,1.0,-0.4756668490106476,-0.4756668490106476
0,coherent_0132,uniform_displayed_four,0.207275390625,0.2034912109375,0.2109375,0.25,0.25,0.2743331509893524,0.2743331509893524
0,coherent_0132,uniform_sixteen,0.0625,0.0625,0.0625,0.0625,0.0625,0.4618331509893524,0.4618331509893524
0,coherent_0132,slot_rule,0.53369140625,0.5166015625,0.5517578125,1.0,1.0,-0.4756668490106476,-0.4756668490106476
0,value_0132,semantic_original,0.1728515625,0.158203125,0.18798828125,1.0,0.5,-0.8373364677886439,0.025747705819078148
0,value_0132,uniform_displayed_four,0.208251953125,0.2042205810546875,0.2120361328125,0.25,0.25,-0.08733646778864393,0.27574770581907815
0,value_0132,uniform_sixteen,0.0625,0.0625,0.0625,0.0625,0.0625,0.10016353221135607,0.46324770581907815
0,value_0132,slot_rule,0.5439453125,0.52392578125,0.5625122070312499,0.5,1.0,-0.3373364677886439,-0.47425229418092185
0,coherent_0213,semantic_original,0.5322265625,0.51317138671875,0.55126953125,1.0,1.0,-0.4808629176634711,-0.4808629176634711
0,coherent_0213,uniform_displayed_four,0.2093505859375,0.20556640625,0.2130126953125,0.25,0.25,0.2691370823365289,0.2691370823365289
0,coherent_0213,uniform_sixteen,0.0625,0.0625,0.0625,0.0625,0.0625,0.4566370823365289,0.4566370823365289
0,coherent_0213,slot_rule,0.5322265625,0.51317138671875,0.55126953125,1.0,1.0,-0.4808629176634711,-0.4808629176634711
0,value_0213,semantic_original,0.27197265625,0.25439453125,0.28955078125,1.0,0.5,-0.7380874625650422,0.025176842934368282
0,value_0213,uniform_displayed_four,0.208740234375,0.20458984375,0.2125244140625,0.25,0.25,0.011912537434957848,0.2751768429343683
0,value_0213,uniform_sixteen,0.0625,0.0625,0.0625,0.0625,0.0625,0.19941253743495785,0.4626768429343683
0,value_0213,slot_rule,0.53515625,0.51513671875,0.5546875,0.5,1.0,-0.23808746256504215,-0.4748231570656317
0,coherent_0231,semantic_original,0.517578125,0.4990234375,0.5361328125,1.0,1.0,-0.49215171731563456,-0.49215171731563456
0,coherent_0231,uniform_displayed_four,0.2103271484375,0.20654296875,0.214111328125,0.25,0.25,0.25784828268436544,0.25784828268436544
0,coherent_0231,uniform_sixteen,0.0625,0.0625,0.0625,0.0625,0.0625,0.44534828268436544,0.44534828268436544
0,coherent_0231,slot_rule,0.517578125,0.4990234375,0.5361328125,1.0,1.0,-0.49215171731563456,-0.49215171731563456
0,value_0231,semantic_original,0.1318359375,0.1181640625,0.14600830078124993,1.0,0.25,-0.8764844301796775,0.28176403719890586
0,value_0231,uniform_displayed_four,0.209228515625,0.2052001953125,0.2130126953125,0.25,0.25,-0.12648443017967748,0.28176403719890586
0,value_0231,uniform_sixteen,0.0625,0.0625,0.0625,0.0625,0.0625,0.061015569820322524,0.46926403719890586
0,value_0231,slot_rule,0.54736328125,0.5283203125,0.5654296875,0.25,1.0,-0.12648443017967748,-0.46823596280109414
0,coherent_0312,semantic_original,0.541015625,0.52197265625,0.5590942382812499,1.0,1.0,-0.47151519032738354,-0.47151519032738354
0,coherent_0312,uniform_displayed_four,0.2147216796875,0.2113037109375,0.21826171875,0.25,0.25,0.27848480967261646,0.27848480967261646
0,coherent_0312,uniform_sixteen,0.0625,0.0625,0.0625,0.0625,0.0625,0.46598480967261646,0.46598480967261646
0,coherent_0312,slot_rule,0.541015625,0.52197265625,0.5590942382812499,1.0,1.0,-0.47151519032738354,-0.47151519032738354
0,value_0312,semantic_original,0.09619140625,0.0849609375,0.1083984375,1.0,0.25,-0.9086294455559629,0.2780810147331927
0,value_0312,uniform_displayed_four,0.2081298828125,0.2039794921875,0.2117919921875,0.25,0.25,-0.15862944555596298,0.2780810147331927
0,value_0312,uniform_sixteen,0.0625,0.0625,0.0625,0.0625,0.0625,0.028870554444037022,0.4655810147331927
0,value_0312,slot_rule,0.54443359375,0.52537841796875,0.5634887695312499,0.25,1.0,-0.15862944555596298,-0.4719189852668073
0,coherent_0321,semantic_original,0.53369140625,0.51414794921875,0.55224609375,1.0,1.0,-0.48069152846128815,-0.48069152846128815
0,coherent_0321,uniform_displayed_four,0.2119140625,0.208251953125,0.2154541015625,0.25,0.25,0.26930847153871185,0.26930847153871185
0,coherent_0321,uniform_sixteen,0.0625,0.0625,0.0625,0.0625,0.0625,0.45680847153871185,0.45680847153871185
0,coherent_0321,slot_rule,0.53369140625,0.51414794921875,0.55224609375,1.0,1.0,-0.48069152846128815,-0.48069152846128815
0,value_0321,semantic_original,0.32568359375,0.3115234375,0.3408203125,1.0,0.5,-0.6825594973337865,0.030572066975413037
0,value_0321,uniform_displayed_four,0.2093505859375,0.205322265625,0.2130126953125,0.25,0.25,0.06744050266621349,0.28057206697541304
0,value_0321,uniform_sixteen,0.0625,0.0625,0.0625,0.0625,0.0625,0.2549405026662135,0.46807206697541304
0,value_0321,slot_rule,0.5498046875,0.53026123046875,0.5693359375,0.5,1.0,-0.1825594973337865,-0.46942793302458696
0,coherent_1023,semantic_original,0.5009765625,0.4814453125,0.51904296875,1.0,1.0,-0.5089494445761122,-0.5089494445761122
0,coherent_1023,uniform_displayed_four,0.204833984375,0.2008056640625,0.2086181640625,0.25,0.25,0.24105055542388776,0.24105055542388776
0,coherent_1023,uniform_sixteen,0.0625,0.0625,0.0625,0.0625,0.0625,0.42855055542388776,0.42855055542388776
0,coherent_1023,slot_rule,0.5009765625,0.4814453125,0.51904296875,1.0,1.0,-0.5089494445761122,-0.5089494445761122
0,value_1023,semantic_original,0.4560546875,0.439453125,0.47265625,1.0,0.5,-0.5568724403833474,0.029956146693208785
0,value_1023,uniform_displayed_four,0.2093505859375,0.2054443359375,0.212890625,0.25,0.25,0.19312755961665262,0.2799561466932088
0,value_1023,uniform_sixteen,0.0625,0.0625,0.0625,0.0625,0.0625,0.3806275596166526,0.4674561466932088
0,value_1023,slot_rule,0.54150390625,0.52244873046875,0.560546875,0.5,1.0,-0.05687244038334738,-0.4700438533067912
0,coherent_1032,semantic_original,0.51416015625,0.4970703125,0.53271484375,1.0,1.0,-0.5015615327712943,-0.5015615327712943
0,coherent_1032,uniform_displayed_four,0.2056884765625,0.2020233154296875,0.2093505859375,0.25,0.25,0.24843846722870566,0.24843846722870566
0,coherent_1032,uniform_sixteen,0.0625,0.0625,0.0625,0.0625,0.0625,0.43593846722870566,0.43593846722870566
0,coherent_1032,slot_rule,0.51416015625,0.4970703125,0.53271484375,1.0,1.0,-0.5015615327712943,-0.5015615327712943
0,value_1032,semantic_original,0.0771484375,0.06591796875,0.08839111328124993,1.0,0.0,-0.9241618731331159,0.5284461985885982
0,value_1032,uniform_displayed_four,0.207763671875,0.2037353515625,0.2115478515625,0.25,0.25,-0.17416187313311596,0.2784461985885982
0,value_1032,uniform_sixteen,0.0625,0.0625,0.0625,0.0625,0.0625,0.013338126866884042,0.4659461985885982
0,value_1032,slot_rule,0.5439453125,0.52392578125,0.5625,0.0,1.0,0.07583812686688404,-0.4715538014114018
0,coherent_1203,semantic_original,0.505859375,0.4873046875,0.52294921875,1.0,1.0,-0.5072327013893125,-0.5072327013893125
0,coherent_1203,uniform_displayed_four,0.2081298828125,0.2041015625,0.2117919921875,0.25,0.25,0.24276729861068747,0.24276729861068747
0,coherent_1203,uniform_sixteen,0.0625,0.0625,0.0625,0.0625,0.0625,0.43026729861068747,0.43026729861068747
0,coherent_1203,slot_rule,0.505859375,0.4873046875,0.52294921875,1.0,1.0,-0.5072327013893125,-0.5072327013893125
0,value_1203,semantic_original,0.25048828125,0.2353515625,0.26513671875,1.0,0.25,-0.7611491691226675,0.28690964910698025
0,value_1203,uniform_displayed_four,0.2091064453125,0.2050750732421875,0.2127685546875,0.25,0.25,-0.011149169122667502,0.28690964910698025
0,value_1203,uniform_sixteen,0.0625,0.0625,0.0625,0.0625,0.0625,0.1763508308773325,0.47440964910698025
0,value_1203,slot_rule,0.54345703125,0.5244140625,0.56298828125,0.25,1.0,-0.011149169122667502,-0.46309035089301975
0,coherent_1230,semantic_original,0.517578125,0.49951171875,0.537109375,1.0,1.0,-0.49781325696063505,-0.49781325696063505
0,coherent_1230,uniform_displayed_four,0.205322265625,0.201416015625,0.209228515625,0.25,0.25,0.25218674303936495,0.25218674303936495
0,coherent_1230,uniform_sixteen,0.0625,0.0625,0.0625,0.0625,0.0625,0.43968674303936495,0.43968674303936495
0,coherent_1230,slot_rule,0.517578125,0.49951171875,0.537109375,1.0,1.0,-0.49781325696063505,-0.49781325696063505
0,value_1230,semantic_original,0.13330078125,0.119140625,0.14794921875,1.0,0.0,-0.8719970191155668,0.5326423757817442
0,value_1230,uniform_displayed_four,0.2093505859375,0.2054443359375,0.2130126953125,0.25,0.25,-0.12199701911556676,0.2826423757817442
0,value_1230,uniform_sixteen,0.0625,0.0625,0.0625,0.0625,0.0625,0.06550298088443324,0.4701423757817442
0,value_1230,slot_rule,0.54296875,0.52294921875,0.56103515625,0.0,1.0,0.12800298088443324,-0.4673576242182558
0,coherent_1302,semantic_original,0.537109375,0.517578125,0.5546875,1.0,1.0,-0.47804800521670343,-0.47804800521670343
0,coherent_1302,uniform_displayed_four,0.2091064453125,0.205322265625,0.2125244140625,0.25,0.25,0.27195199478329657,0.27195199478329657
0,coherent_1302,uniform_sixteen,0.0625,0.0625,0.0625,0.0625,0.0625,0.45945199478329657,0.45945199478329657
0,coherent_1302,slot_rule,0.537109375,0.517578125,0.5546875,1.0,1.0,-0.47804800521670343,-0.47804800521670343
0,value_1302,semantic_original,0.06201171875,0.0517578125,0.072265625,1.0,0.0,-0.9398984151143684,0.5322692308412604
0,value_1302,uniform_displayed_four,0.2081298828125,0.2041015625,0.2117919921875,0.25,0.25,-0.18989841511436845,0.28226923084126043
0,value_1302,uniform_sixteen,0.0625,0.0625,0.0625,0.0625,0.0625,-0.0023984151143684462,0.46976923084126043
0,value_1302,slot_rule,0.54150390625,0.52244873046875,0.5595825195312499,0.0,1.0,0.060101584885631554,-0.46773076915873957
0,coherent_1320,semantic_original,0.51025390625,0.49169921875,0.52880859375,1.0,1.0,-0.4994011671057078,-0.4994011671057078
0,coherent_1320,uniform_displayed_four,0.2093505859375,0.2055633544921875,0.21264953613281248,0.25,0.25,0.2505988328942922,0.2505988328942922
0,coherent_1320,uniform_sixteen,0.0625,0.0625,0.0625,0.0625,0.0625,0.4380988328942922,0.4380988328942922
0,coherent_1320,slot_rule,0.51025390625,0.49169921875,0.52880859375,1.0,1.0,-0.4994011671057078,-0.4994011671057078
0,value_1320,semantic_original,0.32373046875,0.30906982421875,0.33837890625,1.0,0.25,-0.683151505912934,0.28632171798658734
0,value_1320,uniform_displayed_four,0.210205078125,0.2064208984375,0.2138671875,0.25,0.25,0.06684849408706589,0.28632171798658734
0,value_1320,uniform_sixteen,0.0625,0.0625,0.0625,0.0625,0.0625,0.2543484940870659,0.47382171798658734
0,value_1320,slot_rule,0.55419921875,0.53515625,0.57275390625,0.25,1.0,0.06684849408706589,-0.46367828201341266
0,coherent_2013,semantic_original,0.4873046875,0.4677734375,0.5068359375,1.0,1.0,-0.5223477937671074,-0.5223477937671074
0,coherent_2013,uniform_displayed_four,0.2091064453125,0.2052001953125,0.21277160644531248,0.25,0.25,0.22765220623289262,0.22765220623289262
0,coherent_2013,uniform_sixteen,0.0625,0.0625,0.0625,0.0625,0.0625,0.4151522062328926,0.4151522062328926
0,coherent_2013,slot_rule,0.4873046875,0.4677734375,0.5068359375,1.0,1.0,-0.5223477937671074,-0.5223477937671074
0,value_2013,semantic_original,0.26220703125,0.24609375,0.2783203125,1.0,0.25,-0.7476405724140816,0.27445678987584343
0,value_2013,uniform_displayed_four,0.209716796875,0.2056884765625,0.2135009765625,0.25,0.25,0.00235942758591845,0.27445678987584343
0,value_2013,uniform_sixteen,0.0625,0.0625,0.0625,0.0625,0.0625,0.18985942758591845,0.46195678987584343
0,value_2013,slot_rule,0.53515625,0.51611328125,0.55419921875,0.25,1.0,0.00235942758591845,-0.47554321012415657
0,coherent_2031,semantic_original,0.5009765625,0.48095703125,0.52001953125,1.0,1.0,-0.5181957608973402,-0.5181957608973402
0,coherent_2031,uniform_displayed_four,0.2076416015625,0.2037353515625,0.211669921875,0.25,0.25,0.2318042391026598,0.2318042391026598
0,coherent_2031,uniform_sixteen,0.0625,0.0625,0.0625,0.0625,0.0625,0.4193042391026598,0.4193042391026598
0,coherent_2031,slot_rule,0.5009765625,0.48095703125,0.52001953125,1.0,1.0,-0.5181957608973402,-0.5181957608973402
0,value_2031,semantic_original,0.11328125,0.10009765625,0.12598876953124993,1.0,0.0,-0.8884448489621349,0.5339087284782664
0,value_2031,uniform_displayed_four,0.209716796875,0.205810546875,0.2135009765625,0.25,0.25,-0.13844484896213494,0.2839087284782664
0,value_2031,uniform_sixteen,0.0625,0.0625,0.0625,0.0625,0.0625,0.049055151037865063,0.4714087284782664
0,value_2031,slot_rule,0.55078125,0.53221435546875,0.56884765625,0.0,1.0,0.11155515103786506,-0.4660912715217336
0,coherent_2103,semantic_original,0.505859375,0.4853515625,0.52490234375,1.0,1.0,-0.5084290778759122,-0.5084290778759122
0,coherent_2103,uniform_displayed_four,0.2088623046875,0.2048309326171875,0.2125244140625,0.25,0.25,0.24157092212408782,0.24157092212408782
0,coherent_2103,uniform_sixteen,0.0625,0.0625,0.0625,0.0625,0.0625,0.4290709221240878,0.4290709221240878
0,coherent_2103,slot_rule,0.505859375,0.4853515625,0.52490234375,1.0,1.0,-0.5084290778759122,-0.5084290778759122
0,value_2103,semantic_original,0.32568359375,0.30810546875,0.34229736328124993,1.0,0.5,-0.6899715912452634,0.03445414709409189
0,value_2103,uniform_displayed_four,0.2105712890625,0.2065399169921875,0.214111328125,0.25,0.25,0.060028408754736584,0.2844541470940919
0,value_2103,uniform_sixteen,0.0625,0.0625,0.0625,0.0625,0.0625,0.24752840875473658,0.4719541470940919
0,value_2103,slot_rule,0.552734375,0.5341796875,0.5713012695312499,0.5,1.0,-0.18997159124526342,-0.4655458529059081
0,coherent_2130,semantic_original,0.51220703125,0.49267578125,0.53125,1.0,1.0,-0.5022858767617843,-0.5022858767617843
0,coherent_2130,uniform_displayed_four,0.207275390625,0.203369140625,0.21118469238281248,0.25,0.25,0.24771412323821573,0.24771412323821573
0,coherent_2130,uniform_sixteen,0.0625,0.0625,0.0625,0.0625,0.0625,0.43521412323821573,0.43521412323821573
0,coherent_2130,slot_rule,0.51220703125,0.49267578125,0.53125,1.0,1.0,-0.5022858767617843,-0.5022858767617843
0,value_2130,semantic_original,0.21533203125,0.19775390625,0.23193359375,1.0,0.25,-0.7970890065445174,0.2847309347782354
0,value_2130,uniform_displayed_four,0.2108154296875,0.2069091796875,0.21435852050781248,0.25,0.25,-0.04708900654451742,0.2847309347782354
0,value_2130,uniform_sixteen,0.0625,0.0625,0.0625,0.0625,0.0625,0.14041099345548258,0.4722309347782354
0,value_2130,slot_rule,0.55419921875,0.5341796875,0.57275390625,0.25,1.0,-0.04708900654451742,-0.4652690652217646
0,coherent_2301,semantic_original,0.49951171875,0.47947998046875,0.51904296875,1.0,1.0,-0.5144241873313793,-0.5144241873313793
0,coherent_2301,uniform_displayed_four,0.20849609375,0.2044677734375,0.2122802734375,0.25,0.25,0.2355758126686207,0.2355758126686207
0,coherent_2301,uniform_sixteen,0.0625,0.0625,0.0625,0.0625,0.0625,0.4230758126686207,0.4230758126686207
0,coherent_2301,slot_rule,0.49951171875,0.47947998046875,0.51904296875,1.0,1.0,-0.5144241873313793,-0.5144241873313793
0,value_2301,semantic_original,0.09912109375,0.0859375,0.11181640625,1.0,0.0,-0.9047095627052463,0.5397284456880171
0,value_2301,uniform_displayed_four,0.2098388671875,0.205810546875,0.2135009765625,0.25,0.25,-0.15470956270524627,0.28972844568801714
0,value_2301,uniform_sixteen,0.0625,0.0625,0.0625,0.0625,0.0625,0.03279043729475373,0.47722844568801714
0,value_2301,slot_rule,0.55322265625,0.53466796875,0.5722778320312499,0.0,1.0,0.09529043729475373,-0.46027155431198286
0,coherent_2310,semantic_original,0.4951171875,0.47607421875,0.5146484375,1.0,1.0,-0.5193899614933616,-0.5193899614933616
0,coherent_2310,uniform_displayed_four,0.208740234375,0.204833984375,0.2122802734375,0.25,0.25,0.23061003850663842,0.23061003850663842
0,coherent_2310,uniform_sixteen,0.0625,0.0625,0.0625,0.0625,0.0625,0.4181100385066384,0.4181100385066384
0,coherent_2310,slot_rule,0.4951171875,0.47607421875,0.5146484375,1.0,1.0,-0.5193899614933616,-0.5193899614933616
0,value_2310,semantic_original,0.13427734375,0.1201171875,0.14892578125,1.0,0.0,-0.8716646568864295,0.5395608625762949
0,value_2310,uniform_displayed_four,0.2103271484375,0.2064178466796875,0.2139892578125,0.25,0.25,-0.1216646568864295,0.2895608625762949
0,value_2310,uniform_sixteen,0.0625,0.0625,0.0625,0.0625,0.0625,0.0658353431135705,0.4770608625762949
0,value_2310,slot_rule,0.54931640625,0.53123779296875,0.568359375,0.0,1.0,0.1283353431135705,-0.4604391374237051
0,coherent_3012,semantic_original,0.52783203125,0.51025390625,0.546875,1.0,1.0,-0.48273846286101674,-0.48273846286101674
0,coherent_3012,uniform_displayed_four,0.2166748046875,0.2130126953125,0.22021484375,0.25,0.25,0.26726153713898326,0.26726153713898326
0,coherent_3012,uniform_sixteen,0.0625,0.0625,0.0625,0.0625,0.0625,0.45476153713898326,0.45476153713898326
0,coherent_3012,slot_rule,0.52783203125,0.51025390625,0.546875,1.0,1.0,-0.48273846286101674,-0.48273846286101674
0,value_3012,semantic_original,0.08056640625,0.06932373046875,0.09228515625,1.0,0.0,-0.9241824317958482,0.5256324911393063
0,value_3012,uniform_displayed_four,0.2078857421875,0.2039794921875,0.211669921875,0.25,0.25,-0.17418243179584827,0.2756324911393063
0,value_3012,uniform_sixteen,0.0625,0.0625,0.0625,0.0625,0.0625,0.013317568204151725,0.4631324911393063
0,value_3012,slot_rule,0.53466796875,0.5146484375,0.55322265625,0.0,1.0,0.07581756820415173,-0.4743675088606937
0,coherent_3021,semantic_original,0.54248046875,0.5244140625,0.56103515625,1.0,1.0,-0.468058553027098,-0.468058553027098
0,coherent_3021,uniform_displayed_four,0.215576171875,0.2121551513671875,0.21875305175781248,0.25,0.25,0.281941446972902,0.281941446972902
0,coherent_3021,uniform_sixteen,0.0625,0.0625,0.0625,0.0625,0.0625,0.469441446972902,0.469441446972902
0,coherent_3021,slot_rule,0.54248046875,0.5244140625,0.56103515625,1.0,1.0,-0.468058553027098,-0.468058553027098
0,value_3021,semantic_original,0.30419921875,0.2900390625,0.318359375,1.0,0.25,-0.7014493810519753,0.28381643802181067
0,value_3021,uniform_displayed_four,0.2088623046875,0.2049560546875,0.2125244140625,0.25,0.25,0.048550618948024704,0.28381643802181067
0,value_3021,uniform_sixteen,0.0625,0.0625,0.0625,0.0625,0.0625,0.2360506189480247,0.47131643802181067
0,value_3021,slot_rule,0.5498046875,0.53172607421875,0.568359375,0.25,1.0,0.048550618948024704,-0.46618356197818933
0,coherent_3102,semantic_original,0.52880859375,0.5107421875,0.5478515625,1.0,1.0,-0.48334233103838353,-0.48334233103838353
0,coherent_3102,uniform_displayed_four,0.2125244140625,0.208740234375,0.216064453125,0.25,0.25,0.26665766896161647,0.26665766896161647
0,coherent_3102,uniform_sixteen,0.0625,0.0625,0.0625,0.0625,0.0625,0.45415766896161647,0.45415766896161647
0,coherent_3102,slot_rule,0.52880859375,0.5107421875,0.5478515625,1.0,1.0,-0.48334233103838353,-0.48334233103838353
0,value_3102,semantic_original,0.13525390625,0.1220703125,0.1484375,1.0,0.25,-0.8715223847728626,0.27952901453978385
0,value_3102,uniform_displayed_four,0.208251953125,0.2042236328125,0.2119140625,0.25,0.25,-0.12152238477286254,0.27952901453978385
0,value_3102,uniform_sixteen,0.0625,0.0625,0.0625,0.0625,0.0625,0.06597761522713746,0.46702901453978385
0,value_3102,slot_rule,0.54150390625,0.52197265625,0.5605590820312499,0.25,1.0,-0.12152238477286254,-0.47047098546021615
0,coherent_3120,semantic_original,0.53955078125,0.5205078125,0.55908203125,1.0,1.0,-0.4767418096098286,-0.4767418096098286
0,coherent_3120,uniform_displayed_four,0.212158203125,0.20849609375,0.215576171875,0.25,0.25,0.2732581903901714,0.2732581903901714
0,coherent_3120,uniform_sixteen,0.0625,0.0625,0.0625,0.0625,0.0625,0.4607581903901714,0.4607581903901714
0,coherent_3120,slot_rule,0.53955078125,0.5205078125,0.55908203125,1.0,1.0,-0.4767418096098286,-0.4767418096098286
0,value_3120,semantic_original,0.392578125,0.37547607421875,0.4091796875,1.0,0.5,-0.6186573325777102,0.0350486782600844
0,value_3120,uniform_displayed_four,0.2099609375,0.2061767578125,0.2137451171875,0.25,0.25,0.13134266742228984,0.2850486782600844
0,value_3120,uniform_sixteen,0.0625,0.0625,0.0625,0.0625,0.0625,0.31884266742228984,0.4725486782600844
0,value_3120,slot_rule,0.5537109375,0.53416748046875,0.572265625,0.5,1.0,-0.11865733257771016,-0.4649513217399156
0,coherent_3201,semantic_original,0.53369140625,0.51416015625,0.552734375,1.0,1.0,-0.4823318207286946,-0.4823318207286946
0,coherent_3201,uniform_displayed_four,0.2188720703125,0.21533203125,0.22216796875,0.25,0.25,0.2676681792713054,0.2676681792713054
0,coherent_3201,uniform_sixteen,0.0625,0.0625,0.0625,0.0625,0.0625,0.4551681792713054,0.4551681792713054
0,coherent_3201,slot_rule,0.53369140625,0.51416015625,0.552734375,1.0,1.0,-0.4823318207286946,-0.4823318207286946
0,value_3201,semantic_original,0.09423828125,0.0810546875,0.10693359375,1.0,0.0,-0.9095088338026445,0.5356357000492085
0,value_3201,uniform_displayed_four,0.208984375,0.205078125,0.212646484375,0.25,0.25,-0.15950883380264447,0.28563570004920846
0,value_3201,uniform_sixteen,0.0625,0.0625,0.0625,0.0625,0.0625,0.027991166197355533,0.47313570004920846
0,value_3201,slot_rule,0.54833984375,0.52978515625,0.5673828125,0.0,1.0,0.09049116619735553,-0.46436429995079154
0,coherent_3210,semantic_original,0.53173828125,0.5126953125,0.55078125,1.0,1.0,-0.4846382045829144,-0.4846382045829144
0,coherent_3210,uniform_displayed_four,0.217529296875,0.2139892578125,0.220947265625,0.25,0.25,0.2653617954170856,0.2653617954170856
0,coherent_3210,uniform_sixteen,0.0625,0.0625,0.0625,0.0625,0.0625,0.4528617954170856,0.4528617954170856
0,coherent_3210,slot_rule,0.53173828125,0.5126953125,0.55078125,1.0,1.0,-0.4846382045829144,-0.4846382045829144
0,value_3210,semantic_original,0.13037109375,0.1162109375,0.14501953125,1.0,0.0,-0.8780904056657228,0.5344481736881737
0,value_3210,uniform_displayed_four,0.2093505859375,0.20556640625,0.212890625,0.25,0.25,-0.1280904056657228,0.28444817368817366
0,value_3210,uniform_sixteen,0.0625,0.0625,0.0625,0.0625,0.0625,0.0594095943342772,0.47194817368817366
0,value_3210,slot_rule,0.5419921875,0.5224609375,0.560546875,0.0,1.0,0.1219095943342772,-0.46555182631182634
1,original_native,semantic_original,1.0,1.0,1.0,1.0,1.0,-0.0006783058342989534,-0.0006783058342989534
1,original_native,uniform_displayed_four,0.25,0.25,0.25,0.25,0.25,0.749321694165701,0.749321694165701
1,original_native,uniform_sixteen,0.0625,0.0625,0.0625,0.0625,0.0625,0.936821694165701,0.936821694165701
1,original_native,slot_rule,1.0,1.0,1.0,1.0,1.0,-0.0006783058342989534,-0.0006783058342989534
1,original_noop,semantic_original,1.0,1.0,1.0,1.0,1.0,-0.0006783058342989534,-0.0006783058342989534
1,original_noop,uniform_displayed_four,0.25,0.25,0.25,0.25,0.25,0.749321694165701,0.749321694165701
1,original_noop,uniform_sixteen,0.0625,0.0625,0.0625,0.0625,0.0625,0.936821694165701,0.936821694165701
1,original_noop,slot_rule,1.0,1.0,1.0,1.0,1.0,-0.0006783058342989534,-0.0006783058342989534
1,grouped_native,semantic_original,0.19287109375,0.1767578125,0.20947265625,1.0,1.0,-0.8152794900674891,-0.8152794900674891
1,grouped_native,uniform_displayed_four,0.146484375,0.1414794921875,0.1514892578125,0.25,0.25,-0.06527949006748912,-0.06527949006748912
1,grouped_native,uniform_sixteen,0.0625,0.0625,0.0625,0.0625,0.0625,0.12222050993251088,0.12222050993251088
1,grouped_native,slot_rule,0.19287109375,0.1767578125,0.20947265625,1.0,1.0,-0.8152794900674891,-0.8152794900674891
1,grouped_canonical,semantic_original,0.58837890625,0.57177734375,0.6044921875,1.0,1.0,-0.42482037703809394,-0.42482037703809394
1,grouped_canonical,uniform_displayed_four,0.2266845703125,0.2236328125,0.2296142578125,0.25,0.25,0.32517962296190606,0.32517962296190606
1,grouped_canonical,uniform_sixteen,0.0625,0.0625,0.0625,0.0625,0.0625,0.5126796229619061,0.5126796229619061
1,grouped_canonical,slot_rule,0.58837890625,0.57177734375,0.6044921875,1.0,1.0,-0.42482037703809394,-0.42482037703809394
1,coherent_0132,semantic_original,0.5888671875,0.57177734375,0.6045043945312499,1.0,1.0,-0.42021405738250217,-0.42021405738250217
1,coherent_0132,uniform_displayed_four,0.22607421875,0.222900390625,0.2288818359375,0.25,0.25,0.32978594261749783,0.32978594261749783
1,coherent_0132,uniform_sixteen,0.0625,0.0625,0.0625,0.0625,0.0625,0.5172859426174978,0.5172859426174978
1,coherent_0132,slot_rule,0.5888671875,0.57177734375,0.6045043945312499,1.0,1.0,-0.42021405738250217,-0.42021405738250217
1,value_0132,semantic_original,0.13818359375,0.12451171875,0.15185546875,1.0,0.5,-0.8669090185225533,0.07681531489600846
1,value_0132,uniform_displayed_four,0.22607421875,0.222900390625,0.2288818359375,0.25,0.25,-0.11690901852255331,0.32681531489600846
1,value_0132,uniform_sixteen,0.0625,0.0625,0.0625,0.0625,0.0625,0.07059098147744669,0.5143153148960085
1,value_0132,slot_rule,0.58544921875,0.56884765625,0.6015625,0.5,1.0,-0.3669090185225533,-0.42318468510399154
1,coherent_0213,semantic_original,0.58447265625,0.5693359375,0.6005859375,1.0,1.0,-0.42484265952255074,-0.42484265952255074
1,coherent_0213,uniform_displayed_four,0.226806640625,0.2237548828125,0.2296142578125,0.25,0.25,0.32515734047744926,0.32515734047744926
1,coherent_0213,uniform_sixteen,0.0625,0.0625,0.0625,0.0625,0.0625,0.5126573404774493,0.5126573404774493
1,coherent_0213,slot_rule,0.58447265625,0.5693359375,0.6005859375,1.0,1.0,-0.42484265952255074,-0.42484265952255074
1,value_0213,semantic_original,0.34814453125,0.33203125,0.3642578125,1.0,0.5,-0.6585630709424211,0.0798860983978249
1,value_0213,uniform_displayed_four,0.2264404296875,0.2232666015625,0.2293701171875,0.25,0.25,0.09143692905757894,0.3298860983978249
1,value_0213,uniform_sixteen,0.0625,0.0625,0.0625,0.0625,0.0625,0.27893692905757894,0.5173860983978249
1,value_0213,slot_rule,0.59130859375,0.5751953125,0.607421875,0.5,1.0,-0.15856307094242106,-0.4201139016021751
1,coherent_0231,semantic_original,0.5732421875,0.55712890625,0.58935546875,1.0,1.0,-0.43239262985947313,-0.43239262985947313
1,coherent_0231,uniform_displayed_four,0.2252197265625,0.22216796875,0.2281494140625,0.25,0.25,0.31760737014052687,0.31760737014052687
1,coherent_0231,uniform_sixteen,0.0625,0.0625,0.0625,0.0625,0.0625,0.5051073701405269,0.5051073701405269
1,coherent_0231,slot_rule,0.5732421875,0.55712890625,0.58935546875,1.0,1.0,-0.43239262985947313,-0.43239262985947313
1,value_0231,semantic_original,0.14404296875,0.13037109375,0.158203125,1.0,0.25,-0.8606590963500216,0.32755972091786045
1,value_0231,uniform_displayed_four,0.226806640625,0.2235107421875,0.22961730957031248,0.25,0.25,-0.11065909635002158,0.32755972091786045
1,value_0231,uniform_sixteen,0.0625,0.0625,0.0625,0.0625,0.0625,0.07684090364997842,0.5150597209178605
1,value_0231,slot_rule,0.5849609375,0.56884765625,0.6005981445312499,0.25,1.0,-0.11065909635002158,-0.42244027908213955
1,coherent_0312,semantic_original,0.56982421875,0.55322265625,0.5864379882812499,1.0,1.0,-0.4351329252941034,-0.4351329252941034
1,coherent_0312,uniform_displayed_four,0.2264404296875,0.2232666015625,0.2293701171875,0.25,0.25,0.3148670747058966,0.3148670747058966
1,coherent_0312,uniform_sixteen,0.0625,0.0625,0.0625,0.0625,0.0625,0.5023670747058966,0.5023670747058966
1,coherent_0312,slot_rule,0.56982421875,0.55322265625,0.5864379882812499,1.0,1.0,-0.4351329252941034,-0.4351329252941034
1,value_0312,semantic_original,0.1083984375,0.09619140625,0.12060546875,1.0,0.25,-0.8922117542894425,0.32349199836235387
1,value_0312,uniform_displayed_four,0.226806640625,0.2237548828125,0.2296142578125,0.25,0.25,-0.14221175428944258,0.32349199836235387
1,value_0312,uniform_sixteen,0.0625,0.0625,0.0625,0.0625,0.0625,0.04528824571055742,0.5109919983623539
1,value_0312,slot_rule,0.57763671875,0.560546875,0.59326171875,0.25,1.0,-0.14221175428944258,-0.42650800163764613
1,coherent_0321,semantic_original,0.57568359375,0.5595703125,0.59228515625,1.0,1.0,-0.43249598035556225,-0.43249598035556225
1,coherent_0321,uniform_displayed_four,0.225830078125,0.22265625,0.22876281738281248,0.25,0.25,0.31750401964443775,0.31750401964443775
1,coherent_0321,uniform_sixteen,0.0625,0.0625,0.0625,0.0625,0.0625,0.5050040196444378,0.5050040196444378
1,coherent_0321,slot_rule,0.57568359375,0.5595703125,0.59228515625,1.0,1.0,-0.43249598035556225,-0.43249598035556225
1,value_0321,semantic_original,0.3505859375,0.33837890625,0.36279296875,1.0,0.5,-0.6549141456505172,0.07455349428855318
1,value_0321,uniform_displayed_four,0.2274169921875,0.224365234375,0.2303466796875,0.25,0.25,0.09508585434948286,0.3245534942885532
1,value_0321,uniform_sixteen,0.0625,0.0625,0.0625,0.0625,0.0625,0.28258585434948286,0.5120534942885532
1,value_0321,slot_rule,0.58203125,0.56591796875,0.59814453125,0.5,1.0,-0.15491414565051714,-0.4254465057114468
1,coherent_1023,semantic_original,0.56640625,0.5498046875,0.58154296875,1.0,1.0,-0.43835838492226353,-0.43835838492226353
1,coherent_1023,uniform_displayed_four,0.2176513671875,0.214111328125,0.220947265625,0.25,0.25,0.31164161507773647,0.31164161507773647
1,coherent_1023,uniform_sixteen,0.0625,0.0625,0.0625,0.0625,0.0625,0.49914161507773647,0.49914161507773647
1,coherent_1023,slot_rule,0.56640625,0.5498046875,0.58154296875,1.0,1.0,-0.43835838492226353,-0.43835838492226353
1,value_1023,semantic_original,0.55029296875,0.53564453125,0.5654418945312499,1.0,0.5,-0.46095243934162156,0.07230313572479974
1,value_1023,uniform_displayed_four,0.226806640625,0.2237548828125,0.229736328125,0.25,0.25,0.28904756065837844,0.32230313572479974
1,value_1023,uniform_sixteen,0.0625,0.0625,0.0625,0.0625,0.0625,0.47654756065837844,0.5098031357247997
1,value_1023,slot_rule,0.58203125,0.56639404296875,0.59814453125,0.5,1.0,0.039047560658378444,-0.42769686427520026
1,coherent_1032,semantic_original,0.57421875,0.55810546875,0.58984375,1.0,1.0,-0.43352479790501475,-0.43352479790501475
1,coherent_1032,uniform_displayed_four,0.2183837890625,0.215087890625,0.2216796875,0.25,0.25,0.31647520209498525,0.31647520209498525
1,coherent_1032,uniform_sixteen,0.0625,0.0625,0.0625,0.0625,0.0625,0.5039752020949853,0.5039752020949853
1,coherent_1032,slot_rule,0.57421875,0.55810546875,0.58984375,1.0,1.0,-0.43352479790501475,-0.43352479790501475
1,value_1032,semantic_original,0.10400390625,0.09228515625,0.1162109375,1.0,0.0,-0.8997316797975181,0.5697493979362449
1,value_1032,uniform_displayed_four,0.2265625,0.2235107421875,0.2294921875,0.25,0.25,-0.1497316797975181,0.3197493979362449
1,value_1032,uniform_sixteen,0.0625,0.0625,0.0625,0.0625,0.0625,0.037768320202481886,0.5072493979362449
1,value_1032,slot_rule,0.57470703125,0.55810546875,0.59033203125,0.0,1.0,0.10026832020248189,-0.4302506020637551
1,coherent_1203,semantic_original,0.57470703125,0.55906982421875,0.5908203125,1.0,1.0,-0.43084281412156367,-0.43084281412156367
1,coherent_1203,uniform_displayed_four,0.219970703125,0.2164306640625,0.2232666015625,0.25,0.25,0.31915718587843633,0.31915718587843633
1,coherent_1203,uniform_sixteen,0.0625,0.0625,0.0625,0.0625,0.0625,0.5066571858784363,0.5066571858784363
1,coherent_1203,slot_rule,0.57470703125,0.55906982421875,0.5908203125,1.0,1.0,-0.43084281412156367,-0.43084281412156367
1,value_1203,semantic_original,0.29052734375,0.27734375,0.30419921875,1.0,0.25,-0.7161011204684062,0.32775613775760093
1,value_1203,uniform_displayed_four,0.2269287109375,0.2238739013671875,0.22961730957031248,0.25,0.25,0.03389887953159376,0.32775613775760093
1,value_1203,uniform_sixteen,0.0625,0.0625,0.0625,0.0625,0.0625,0.22139887953159376,0.5152561377576009
1,value_1203,slot_rule,0.58447265625,0.568359375,0.6001098632812499,0.25,1.0,0.03389887953159376,-0.42224386224239907
1,coherent_1230,semantic_original,0.57861328125,0.5625,0.59423828125,1.0,1.0,-0.43088071576783227,-0.43088071576783227
1,coherent_1230,uniform_displayed_four,0.223388671875,0.2200897216796875,0.2265625,0.25,0.25,0.31911928423216773,0.31911928423216773
1,coherent_1230,uniform_sixteen,0.0625,0.0625,0.0625,0.0625,0.0625,0.5066192842321677,0.5066192842321677
1,coherent_1230,slot_rule,0.57861328125,0.5625,0.59423828125,1.0,1.0,-0.43088071576783227,-0.43088071576783227
1,value_1230,semantic_original,0.12646484375,0.11279296875,0.1396484375,1.0,0.0,-0.8737604881419203,0.5738655304949313
1,value_1230,uniform_displayed_four,0.226806640625,0.2236328125,0.229736328125,0.25,0.25,-0.12376048814192028,0.3238655304949313
1,value_1230,uniform_sixteen,0.0625,0.0625,0.0625,0.0625,0.0625,0.06373951185807972,0.5113655304949313
1,value_1230,slot_rule,0.5830078125,0.56787109375,0.59814453125,0.0,1.0,0.12623951185807972,-0.4261344695050687
1,coherent_1302,semantic_original,0.56396484375,0.54833984375,0.5796020507812499,1.0,1.0,-0.4426278931918224,-0.4426278931918224
1,coherent_1302,uniform_displayed_four,0.2220458984375,0.2186279296875,0.2252197265625,0.25,0.25,0.3073721068081776,0.3073721068081776
1,coherent_1302,uniform_sixteen,0.0625,0.0625,0.0625,0.0625,0.0625,0.4948721068081776,0.4948721068081776
1,coherent_1302,slot_rule,0.56396484375,0.54833984375,0.5796020507812499,1.0,1.0,-0.4426278931918224,-0.4426278931918224
1,value_1302,semantic_original,0.04443359375,0.0361328125,0.0537109375,1.0,0.0,-0.9547834684500284,0.5767952121280527
1,value_1302,uniform_displayed_four,0.2269287109375,0.223876953125,0.2298583984375,0.25,0.25,-0.20478346845002834,0.32679521212805274
1,value_1302,uniform_sixteen,0.0625,0.0625,0.0625,0.0625,0.0625,-0.017283468450028344,0.5142952121280527
1,value_1302,slot_rule,0.58447265625,0.568359375,0.6005859375,0.0,1.0,0.045216531549971656,-0.42320478787194726
1,coherent_1320,semantic_original,0.55908203125,0.54248046875,0.5756958007812499,1.0,1.0,-0.4468854551550099,-0.4468854551550099
1,coherent_1320,uniform_displayed_four,0.22314453125,0.2198486328125,0.22619934082031248,0.25,0.25,0.3031145448449901,0.3031145448449901
1,coherent_1320,uniform_sixteen,0.0625,0.0625,0.0625,0.0625,0.0625,0.4906145448449901,0.4906145448449901
1,coherent_1320,slot_rule,0.55908203125,0.54248046875,0.5756958007812499,1.0,1.0,-0.4468854551550099,-0.4468854551550099
1,value_1320,semantic_original,0.33251953125,0.3203125,0.345703125,1.0,0.25,-0.6693614920136861,0.32324658553197005
1,value_1320,uniform_displayed_four,0.22705078125,0.223876953125,0.22998046875,0.25,0.25,0.08063850798631389,0.32324658553197005
1,value_1320,uniform_sixteen,0.0625,0.0625,0.0625,0.0625,0.0625,0.2681385079863139,0.51074658553197
1,value_1320,slot_rule,0.58056640625,0.56494140625,0.59619140625,0.25,1.0,0.08063850798631389,-0.42675341446802995
1,coherent_2013,semantic_original,0.57568359375,0.56004638671875,0.59228515625,1.0,1.0,-0.42993955546579454,-0.42993955546579454
1,coherent_2013,uniform_displayed_four,0.222900390625,0.2198486328125,0.22607421875,0.25,0.25,0.32006044453420546,0.32006044453420546
1,coherent_2013,uniform_sixteen,0.0625,0.0625,0.0625,0.0625,0.0625,0.5075604445342055,0.5075604445342055
1,coherent_2013,slot_rule,0.57568359375,0.56004638671875,0.59228515625,1.0,1.0,-0.42993955546579454,-0.42993955546579454
1,value_2013,semantic_original,0.34912109375,0.3330078125,0.36572265625,1.0,0.25,-0.6596376404141785,0.3210940748547013
1,value_2013,uniform_displayed_four,0.2269287109375,0.2237548828125,0.2298583984375,0.25,0.25,0.0903623595858215,0.3210940748547013
1,value_2013,uniform_sixteen,0.0625,0.0625,0.0625,0.0625,0.0625,0.2778623595858215,0.5085940748547013
1,value_2013,slot_rule,0.57861328125,0.5625,0.5937622070312499,0.25,1.0,0.0903623595858215,-0.4289059251452987
1,coherent_2031,semantic_original,0.58935546875,0.5732421875,0.60546875,1.0,1.0,-0.42175236055010845,-0.42175236055010845
1,coherent_2031,uniform_displayed_four,0.2266845703125,0.2237548828125,0.2294921875,0.25,0.25,0.32824763944989155,0.32824763944989155
1,coherent_2031,uniform_sixteen,0.0625,0.0625,0.0625,0.0625,0.0625,0.5157476394498915,0.5157476394498915
1,coherent_2031,slot_rule,0.58935546875,0.5732421875,0.60546875,1.0,1.0,-0.42175236055010845,-0.42175236055010845
1,value_2031,semantic_original,0.1435546875,0.12939453125,0.15771484375,1.0,0.0,-0.8616311691508988,0.5735374795619863
1,value_2031,uniform_displayed_four,0.2274169921875,0.224365234375,0.2303466796875,0.25,0.25,-0.1116311691508988,0.3235374795619863
1,value_2031,uniform_sixteen,0.0625,0.0625,0.0625,0.0625,0.0625,0.0758688308491012,0.5110374795619863
1,value_2031,slot_rule,0.578125,0.5615234375,0.59375,0.0,1.0,0.1383688308491012,-0.4264625204380137
1,coherent_2103,semantic_original,0.580078125,0.564453125,0.595703125,1.0,1.0,-0.4271292037765211,-0.4271292037765211
1,coherent_2103,uniform_displayed_four,0.2197265625,0.2165496826171875,0.2230224609375,0.25,0.25,0.3228707962234789,0.3228707962234789
1,coherent_2103,uniform_sixteen,0.0625,0.0625,0.0625,0.0625,0.0625,0.5103707962234789,0.5103707962234789
1,coherent_2103,slot_rule,0.580078125,0.564453125,0.595703125,1.0,1.0,-0.4271292037765211,-0.4271292037765211
1,value_2103,semantic_original,0.31982421875,0.3046875,0.33544921875,1.0,0.5,-0.68672101358864,0.07397920586030271
1,value_2103,uniform_displayed_four,0.22705078125,0.2239990234375,0.2298583984375,0.25,0.25,0.06327898641135998,0.3239792058603027
1,value_2103,uniform_sixteen,0.0625,0.0625,0.0625,0.0625,0.0625,0.25077898641136,0.5114792058603027
1,value_2103,slot_rule,0.58154296875,0.5654296875,0.59765625,0.5,1.0,-0.18672101358864002,-0.4260207941396973
1,coherent_2130,semantic_original,0.5810546875,0.5654296875,0.5966918945312499,1.0,1.0,-0.42686701891823053,-0.42686701891823053
1,coherent_2130,uniform_displayed_four,0.2242431640625,0.2210693359375,0.22705078125,0.25,0.25,0.32313298108176947,0.32313298108176947
1,coherent_2130,uniform_sixteen,0.0625,0.0625,0.0625,0.0625,0.0625,0.5106329810817695,0.5106329810817695
1,coherent_2130,slot_rule,0.5810546875,0.5654296875,0.5966918945312499,1.0,1.0,-0.42686701891823053,-0.42686701891823053
1,value_2130,semantic_original,0.1572265625,0.14208984375,0.1728515625,1.0,0.25,-0.8451711437688247,0.3226411163215306
1,value_2130,uniform_displayed_four,0.22705078125,0.2237548828125,0.2298583984375,0.25,0.25,-0.0951711437688248,0.3226411163215306
1,value_2130,uniform_sixteen,0.0625,0.0625,0.0625,0.0625,0.0625,0.0923288562311752,0.5101411163215306
1,value_2130,slot_rule,0.58203125,0.56591796875,0.5971801757812499,0.25,1.0,-0.0951711437688248,-0.4273588836784694
1,coherent_2301,semantic_original,0.58251953125,0.56640625,0.5986328125,1.0,1.0,-0.4222356740463449,-0.4222356740463449
1,coherent_2301,uniform_displayed_four,0.2296142578125,0.2268035888671875,0.2322998046875,0.25,0.25,0.3277643259536551,0.3277643259536551
1,coherent_2301,uniform_sixteen,0.0625,0.0625,0.0625,0.0625,0.0625,0.5152643259536551,0.5152643259536551
1,coherent_2301,slot_rule,0.58251953125,0.56640625,0.5986328125,1.0,1.0,-0.4222356740463449,-0.4222356740463449
1,value_2301,semantic_original,0.08642578125,0.07567138671875,0.09765625,1.0,0.0,-0.9168195959195363,0.5780328790402073
1,value_2301,uniform_displayed_four,0.2276611328125,0.2244873046875,0.2305908203125,0.25,0.25,-0.16681959591953635,0.3280328790402073
1,value_2301,uniform_sixteen,0.0625,0.0625,0.0625,0.0625,0.0625,0.02068040408046365,0.5155328790402073
1,value_2301,slot_rule,0.583984375,0.568359375,0.6001098632812499,0.0,1.0,0.08318040408046365,-0.4219671209597927
1,coherent_2310,semantic_original,0.5693359375,0.552734375,0.5849731445312499,1.0,1.0,-0.43439161900145384,-0.43439161900145384
1,coherent_2310,uniform_displayed_four,0.229736328125,0.226806640625,0.2325439453125,0.25,0.25,0.31560838099854616,0.31560838099854616
1,coherent_2310,uniform_sixteen,0.0625,0.0625,0.0625,0.0625,0.0625,0.5031083809985462,0.5031083809985462
1,coherent_2310,slot_rule,0.5693359375,0.552734375,0.5849731445312499,1.0,1.0,-0.43439161900145384,-0.43439161900145384
1,value_2310,semantic_original,0.13330078125,0.11865234375,0.14794921875,1.0,0.0,-0.8691007250561267,0.5722248774185057
1,value_2310,uniform_displayed_four,0.2275390625,0.2244873046875,0.2303466796875,0.25,0.25,-0.11910072505612662,0.3222248774185057
1,value_2310,uniform_sixteen,0.0625,0.0625,0.0625,0.0625,0.0625,0.06839927494387338,0.5097248774185057
1,value_2310,slot_rule,0.57763671875,0.56103515625,0.59326171875,0.0,1.0,0.13089927494387338,-0.4277751225814943
1,coherent_3012,semantic_original,0.576171875,0.56005859375,0.5927734375,1.0,1.0,-0.4340991181635655,-0.4340991181635655
1,coherent_3012,uniform_displayed_four,0.228271484375,0.225341796875,0.2310791015625,0.25,0.25,0.3159008818364345,0.3159008818364345
1,coherent_3012,uniform_sixteen,0.0625,0.0625,0.0625,0.0625,0.0625,0.5034008818364345,0.5034008818364345
1,coherent_3012,slot_rule,0.576171875,0.56005859375,0.5927734375,1.0,1.0,-0.4340991181635655,-0.4340991181635655
1,value_3012,semantic_original,0.11328125,0.10009765625,0.12646484375,1.0,0.0,-0.8868623124180887,0.5731083273782628
1,value_3012,uniform_displayed_four,0.2265625,0.223388671875,0.22937316894531248,0.25,0.25,-0.13686231241808863,0.3231083273782628
1,value_3012,uniform_sixteen,0.0625,0.0625,0.0625,0.0625,0.0625,0.05063768758191137,0.5106083273782628
1,value_3012,slot_rule,0.57666015625,0.56005859375,0.59228515625,0.0,1.0,0.11313768758191137,-0.4268916726217372
1,coherent_3021,semantic_original,0.57177734375,0.5556640625,0.587890625,1.0,1.0,-0.43550157611648666,-0.43550157611648666
1,coherent_3021,uniform_displayed_four,0.228759765625,0.22607421875,0.23157043457031248,0.25,0.25,0.31449842388351334,0.31449842388351334
1,coherent_3021,uniform_sixteen,0.0625,0.0625,0.0625,0.0625,0.0625,0.5019984238835133,0.5019984238835133
1,coherent_3021,slot_rule,0.57177734375,0.5556640625,0.587890625,1.0,1.0,-0.43550157611648666,-0.43550157611648666
1,value_3021,semantic_original,0.35693359375,0.34375,0.3701171875,1.0,0.25,-0.6493109428945483,0.3258752388819116
1,value_3021,uniform_displayed_four,0.2271728515625,0.2241180419921875,0.22998352050781248,0.25,0.25,0.10068905710545173,0.3258752388819116
1,value_3021,uniform_sixteen,0.0625,0.0625,0.0625,0.0625,0.0625,0.28818905710545173,0.5133752388819116
1,value_3021,slot_rule,0.58447265625,0.568359375,0.6005859375,0.25,1.0,0.10068905710545173,-0.4241247611180884
1,coherent_3102,semantic_original,0.57177734375,0.55615234375,0.58740234375,1.0,1.0,-0.43488813316107067,-0.43488813316107067
1,coherent_3102,uniform_displayed_four,0.2247314453125,0.2216796875,0.2276611328125,0.25,0.25,0.31511186683892933,0.31511186683892933
1,coherent_3102,uniform_sixteen,0.0625,0.0625,0.0625,0.0625,0.0625,0.5026118668389293,0.5026118668389293
1,coherent_3102,slot_rule,0.57177734375,0.55615234375,0.58740234375,1.0,1.0,-0.43488813316107067,-0.43488813316107067
1,value_3102,semantic_original,0.0859375,0.07373046875,0.09718017578124993,1.0,0.25,-0.9168497993076122,0.3243391868758452
1,value_3102,uniform_displayed_four,0.2269287109375,0.223876953125,0.229736328125,0.25,0.25,-0.1668497993076122,0.3243391868758452
1,value_3102,uniform_sixteen,0.0625,0.0625,0.0625,0.0625,0.0625,0.020650200692387793,0.5118391868758452
1,value_3102,slot_rule,0.583984375,0.56787109375,0.59912109375,0.25,1.0,-0.1668497993076122,-0.4256608131241548
1,coherent_3120,semantic_original,0.58203125,0.5654296875,0.59814453125,1.0,1.0,-0.4285947596329449,-0.4285947596329449
1,coherent_3120,uniform_displayed_four,0.2257080078125,0.22265625,0.228759765625,0.25,0.25,0.3214052403670551,0.3214052403670551
1,coherent_3120,uniform_sixteen,0.0625,0.0625,0.0625,0.0625,0.0625,0.5089052403670551,0.5089052403670551
1,coherent_3120,slot_rule,0.58203125,0.5654296875,0.59814453125,1.0,1.0,-0.4285947596329449,-0.4285947596329449
1,value_3120,semantic_original,0.3701171875,0.35546875,0.38427734375,1.0,0.5,-0.6327268628312868,0.07107619712951985
1,value_3120,uniform_displayed_four,0.2271728515625,0.2239990234375,0.22998046875,0.25,0.25,0.11727313716871329,0.32107619712951985
1,value_3120,uniform_sixteen,0.0625,0.0625,0.0625,0.0625,0.0625,0.3047731371687133,0.5085761971295198
1,value_3120,slot_rule,0.580078125,0.56492919921875,0.5947387695312499,0.5,1.0,-0.1327268628312867,-0.42892380287048015
1,coherent_3201,semantic_original,0.56689453125,0.55126953125,0.5830078125,1.0,1.0,-0.4400424243295249,-0.4400424243295249
1,coherent_3201,uniform_displayed_four,0.2281494140625,0.2252197265625,0.23095703125,0.25,0.25,0.3099575756704751,0.3099575756704751
1,coherent_3201,uniform_sixteen,0.0625,0.0625,0.0625,0.0625,0.0625,0.4974575756704751,0.4974575756704751
1,coherent_3201,slot_rule,0.56689453125,0.55126953125,0.5830078125,1.0,1.0,-0.4400424243295249,-0.4400424243295249
1,value_3201,semantic_original,0.0927734375,0.080078125,0.10498046875,1.0,0.0,-0.9111854305166203,0.5783977172692695
1,value_3201,uniform_displayed_four,0.2269287109375,0.2236328125,0.229736328125,0.25,0.25,-0.16118543051662024,0.3283977172692695
1,value_3201,uniform_sixteen,0.0625,0.0625,0.0625,0.0625,0.0625,0.026314569483379763,0.5158977172692695
1,value_3201,slot_rule,0.58740234375,0.5712890625,0.603515625,0.0,1.0,0.08881456948337976,-0.4216022827307305
1,coherent_3210,semantic_original,0.591796875,0.57568359375,0.60791015625,1.0,1.0,-0.41728698892102023,-0.41728698892102023
1,coherent_3210,uniform_displayed_four,0.229248046875,0.226318359375,0.2320556640625,0.25,0.25,0.33271301107897977,0.33271301107897977
1,coherent_3210,uniform_sixteen,0.0625,0.0625,0.0625,0.0625,0.0625,0.5202130110789798,0.5202130110789798
1,coherent_3210,slot_rule,0.591796875,0.57568359375,0.60791015625,1.0,1.0,-0.41728698892102023,-0.41728698892102023
1,value_3210,semantic_original,0.13330078125,0.119140625,0.1474609375,1.0,0.0,-0.8638904034805928,0.5746906755364778
1,value_3210,uniform_displayed_four,0.2271728515625,0.2239990234375,0.22998046875,0.25,0.25,-0.11389040348059276,0.3246906755364778
1,value_3210,uniform_sixteen,0.0625,0.0625,0.0625,0.0625,0.0625,0.07360959651940724,0.5121906755364778
1,value_3210,slot_rule,0.5859375,0.5693359375,0.60107421875,0.0,1.0,0.13610959651940724,-0.4253093244635222
2,original_native,semantic_original,1.0,1.0,1.0,1.0,1.0,-0.0006393344374373555,-0.0006393344374373555
2,original_native,uniform_displayed_four,0.25,0.25,0.25,0.25,0.25,0.7493606655625626,0.7493606655625626
2,original_native,uniform_sixteen,0.0625,0.0625,0.0625,0.0625,0.0625,0.9368606655625626,0.9368606655625626
2,original_native,slot_rule,1.0,1.0,1.0,1.0,1.0,-0.0006393344374373555,-0.0006393344374373555
2,original_noop,semantic_original,1.0,1.0,1.0,1.0,1.0,-0.0006393344374373555,-0.0006393344374373555
2,original_noop,uniform_displayed_four,0.25,0.25,0.25,0.25,0.25,0.7493606655625626,0.7493606655625626
2,original_noop,uniform_sixteen,0.0625,0.0625,0.0625,0.0625,0.0625,0.9368606655625626,0.9368606655625626
2,original_noop,slot_rule,1.0,1.0,1.0,1.0,1.0,-0.0006393344374373555,-0.0006393344374373555
2,grouped_native,semantic_original,0.20849609375,0.19189453125,0.2255859375,1.0,1.0,-0.7961757612047564,-0.7961757612047564
2,grouped_native,uniform_displayed_four,0.157470703125,0.152587890625,0.16247863769531248,0.25,0.25,-0.04617576120475636,-0.04617576120475636
2,grouped_native,uniform_sixteen,0.0625,0.0625,0.0625,0.0625,0.0625,0.14132423879524364,0.14132423879524364
2,grouped_native,slot_rule,0.20849609375,0.19189453125,0.2255859375,1.0,1.0,-0.7961757612047564,-0.7961757612047564
2,grouped_canonical,semantic_original,0.28857421875,0.26951904296875,0.3076171875,1.0,1.0,-0.7227130792029508,-0.7227130792029508
2,grouped_canonical,uniform_displayed_four,0.1966552734375,0.1923797607421875,0.2008056640625,0.25,0.25,0.027286920797049197,0.027286920797049197
2,grouped_canonical,uniform_sixteen,0.0625,0.0625,0.0625,0.0625,0.0625,0.2147869207970492,0.2147869207970492
2,grouped_canonical,slot_rule,0.28857421875,0.26951904296875,0.3076171875,1.0,1.0,-0.7227130792029508,-0.7227130792029508
2,coherent_0132,semantic_original,0.294921875,0.27635498046875,0.314453125,1.0,1.0,-0.7130745395537509,-0.7130745395537509
2,coherent_0132,uniform_displayed_four,0.2030029296875,0.1990966796875,0.2069091796875,0.25,0.25,0.036925460446249114,0.036925460446249114
2,coherent_0132,uniform_sixteen,0.0625,0.0625,0.0625,0.0625,0.0625,0.22442546044624911,0.22442546044624911
2,coherent_0132,slot_rule,0.294921875,0.27635498046875,0.314453125,1.0,1.0,-0.7130745395537509,-0.7130745395537509
2,value_0132,semantic_original,0.1376953125,0.12353515625,0.15283203125,1.0,0.5,-0.8665716108768069,-0.21984395381425315
2,value_0132,uniform_displayed_four,0.1978759765625,0.193603515625,0.2020263671875,0.25,0.25,-0.11657161087680687,0.030156046185746854
2,value_0132,uniform_sixteen,0.0625,0.0625,0.0625,0.0625,0.0625,0.07092838912319313,0.21765604618574685
2,value_0132,slot_rule,0.291015625,0.271484375,0.30908203125,0.5,1.0,-0.3665716108768069,-0.7198439538142531
2,coherent_0213,semantic_original,0.2841796875,0.265625,0.30419921875,1.0,1.0,-0.7214026518449245,-0.7214026518449245
2,coherent_0213,uniform_displayed_four,0.19677734375,0.1926239013671875,0.2010498046875,0.25,0.25,0.02859734815507553,0.02859734815507553
2,coherent_0213,uniform_sixteen,0.0625,0.0625,0.0625,0.0625,0.0625,0.21609734815507553,0.21609734815507553
2,coherent_0213,slot_rule,0.2841796875,0.265625,0.30419921875,1.0,1.0,-0.7214026518449245,-0.7214026518449245
2,value_0213,semantic_original,0.2421875,0.224609375,0.25977783203124993,1.0,0.5,-0.7633198060010417,-0.2236378786634733
2,value_0213,uniform_displayed_four,0.1978759765625,0.193603515625,0.2020263671875,0.25,0.25,-0.013319806001041656,0.02636212133652671
2,value_0213,uniform_sixteen,0.0625,0.0625,0.0625,0.0625,0.0625,0.17418019399895834,0.2138621213365267
2,value_0213,slot_rule,0.2890625,0.26953125,0.30762939453124993,0.5,1.0,-0.26331980600104166,-0.7236378786634733
2,coherent_0231,semantic_original,0.30712890625,0.28857421875,0.32568359375,1.0,1.0,-0.7003964871589179,-0.7003964871589179
2,coherent_0231,uniform_displayed_four,0.2012939453125,0.1971435546875,0.205322265625,0.25,0.25,0.049603512841082054,0.049603512841082054
2,coherent_0231,uniform_sixteen,0.0625,0.0625,0.0625,0.0625,0.0625,0.23710351284108205,0.23710351284108205
2,coherent_0231,slot_rule,0.30712890625,0.28857421875,0.32568359375,1.0,1.0,-0.7003964871589179,-0.7003964871589179
2,value_0231,semantic_original,0.1943359375,0.17772216796875,0.21142578125,1.0,0.25,-0.8126041392466139,0.028968328337814375
2,value_0231,uniform_displayed_four,0.1978759765625,0.193603515625,0.201904296875,0.25,0.25,-0.0626041392466139,0.028968328337814375
2,value_0231,uniform_sixteen,0.0625,0.0625,0.0625,0.0625,0.0625,0.1248958607533861,0.21646832833781438
2,value_0231,slot_rule,0.28759765625,0.26904296875,0.306640625,0.25,1.0,-0.0626041392466139,-0.7210316716621856
2,coherent_0312,semantic_original,0.31787109375,0.29931640625,0.337890625,1.0,1.0,-0.6938765152649035,-0.6938765152649035
2,coherent_0312,uniform_displayed_four,0.20263671875,0.1986083984375,0.2064208984375,0.25,0.25,0.05612348473509654,0.05612348473509654
2,coherent_0312,uniform_sixteen,0.0625,0.0625,0.0625,0.0625,0.0625,0.24362348473509654,0.24362348473509654
2,coherent_0312,slot_rule,0.31787109375,0.29931640625,0.337890625,1.0,1.0,-0.6938765152649035,-0.6938765152649035
2,value_0312,semantic_original,0.1455078125,0.13037109375,0.16015625,1.0,0.25,-0.8551020990883513,0.030404641998869608
2,value_0312,uniform_displayed_four,0.1978759765625,0.193603515625,0.201904296875,0.25,0.25,-0.10510209908835139,0.030404641998869608
2,value_0312,uniform_sixteen,0.0625,0.0625,0.0625,0.0625,0.0625,0.08239790091164861,0.2179046419988696
2,value_0312,slot_rule,0.296875,0.2783203125,0.31591796875,0.25,1.0,-0.10510209908835139,-0.7195953580011304
2,coherent_0321,semantic_original,0.3134765625,0.29443359375,0.3330078125,1.0,1.0,-0.6989821778520169,-0.6989821778520169
2,coherent_0321,uniform_displayed_four,0.2008056640625,0.19677734375,0.204833984375,0.25,0.25,0.05101782214798306,0.05101782214798306
2,coherent_0321,uniform_sixteen,0.0625,0.0625,0.0625,0.0625,0.0625,0.23851782214798306,0.23851782214798306
2,coherent_0321,slot_rule,0.3134765625,0.29443359375,0.3330078125,1.0,1.0,-0.6989821778520169,-0.6989821778520169
2,value_0321,semantic_original,0.24755859375,0.228515625,0.265625,1.0,0.5,-0.7635609815693585,-0.22171179993109846
2,value_0321,uniform_displayed_four,0.197021484375,0.1927459716796875,0.201171875,0.25,0.25,-0.013560981569358477,0.028288200068901537
2,value_0321,uniform_sixteen,0.0625,0.0625,0.0625,0.0625,0.0625,0.17393901843064152,0.21578820006890154
2,value_0321,slot_rule,0.2841796875,0.26512451171875,0.30224609375,0.5,1.0,-0.2635609815693585,-0.7217117999310985
2,coherent_1023,semantic_original,0.28466796875,0.26610107421875,0.3037109375,1.0,1.0,-0.7226652718808324,-0.7226652718808324
2,coherent_1023,uniform_displayed_four,0.1893310546875,0.1851806640625,0.1937255859375,0.25,0.25,0.027334728119167595,0.027334728119167595
2,coherent_1023,uniform_sixteen,0.0625,0.0625,0.0625,0.0625,0.0625,0.2148347281191676,0.2148347281191676
2,coherent_1023,slot_rule,0.28466796875,0.26610107421875,0.3037109375,1.0,1.0,-0.7226652718808324,-0.7226652718808324
2,value_1023,semantic_original,0.30322265625,0.28369140625,0.322265625,1.0,0.5,-0.7086574145364672,-0.2341004589004464
2,value_1023,uniform_displayed_four,0.1966552734375,0.1923828125,0.2008056640625,0.25,0.25,0.04134258546353281,0.015899541099553605
2,value_1023,uniform_sixteen,0.0625,0.0625,0.0625,0.0625,0.0625,0.2288425854635328,0.2033995410995536
2,value_1023,slot_rule,0.2734375,0.25439453125,0.29296875,0.5,1.0,-0.2086574145364672,-0.7341004589004464
2,coherent_1032,semantic_original,0.3046875,0.28564453125,0.32373046875,1.0,1.0,-0.703507046552705,-0.703507046552705
2,coherent_1032,uniform_displayed_four,0.1971435546875,0.1929901123046875,0.2012939453125,0.25,0.25,0.04649295344729498,0.04649295344729498
2,coherent_1032,uniform_sixteen,0.0625,0.0625,0.0625,0.0625,0.0625,0.23399295344729498,0.23399295344729498
2,coherent_1032,slot_rule,0.3046875,0.28564453125,0.32373046875,1.0,1.0,-0.703507046552705,-0.703507046552705
2,value_1032,semantic_original,0.1494140625,0.13475341796875,0.1640625,1.0,0.0,-0.851855471220766,0.2687947163041143
2,value_1032,uniform_displayed_four,0.1973876953125,0.1929931640625,0.20141906738281248,0.25,0.25,-0.10185547122076599,0.01879471630411428
2,value_1032,uniform_sixteen,0.0625,0.0625,0.0625,0.0625,0.0625,0.08564452877923401,0.20629471630411428
2,value_1032,slot_rule,0.27294921875,0.2529296875,0.2919921875,0.0,1.0,0.148144528779234,-0.7312052836958858
2,coherent_1203,semantic_original,0.2861328125,0.26708984375,0.3046875,1.0,1.0,-0.7242378180372662,-0.7242378180372662
2,coherent_1203,uniform_displayed_four,0.1881103515625,0.1839569091796875,0.1923828125,0.25,0.25,0.025762181962733888,0.025762181962733888
2,coherent_1203,uniform_sixteen,0.0625,0.0625,0.0625,0.0625,0.0625,0.2132621819627339,0.2132621819627339
2,coherent_1203,slot_rule,0.2861328125,0.26708984375,0.3046875,1.0,1.0,-0.7242378180372662,-0.7242378180372662
2,value_1203,semantic_original,0.28857421875,0.27001953125,0.30714111328124993,1.0,0.25,-0.7182773528615913,0.019097177919026653
2,value_1203,uniform_displayed_four,0.19677734375,0.1923828125,0.200927734375,0.25,0.25,0.031722647138408666,0.019097177919026653
2,value_1203,uniform_sixteen,0.0625,0.0625,0.0625,0.0625,0.0625,0.21922264713840867,0.20659717791902665
2,value_1203,slot_rule,0.27587890625,0.2578125,0.29541015625,0.25,1.0,0.031722647138408666,-0.7309028220809733
2,coherent_1230,semantic_original,0.31103515625,0.29150390625,0.330078125,1.0,1.0,-0.6993295576016278,-0.6993295576016278
2,coherent_1230,uniform_displayed_four,0.20263671875,0.19873046875,0.2064208984375,0.25,0.25,0.05067044239837215,0.05067044239837215
2,coherent_1230,uniform_sixteen,0.0625,0.0625,0.0625,0.0625,0.0625,0.23817044239837215,0.23817044239837215
2,coherent_1230,slot_rule,0.31103515625,0.29150390625,0.330078125,1.0,1.0,-0.6993295576016278,-0.6993295576016278
2,value_1230,semantic_original,0.12451171875,0.10986328125,0.138671875,1.0,0.0,-0.8807359409774205,0.2727152211480406
2,value_1230,uniform_displayed_four,0.1981201171875,0.1937255859375,0.2022705078125,0.25,0.25,-0.13073594097742047,0.022715221148040587
2,value_1230,uniform_sixteen,0.0625,0.0625,0.0625,0.0625,0.0625,0.05676405902257953,0.2102152211480406
2,value_1230,slot_rule,0.27490234375,0.25732421875,0.29298095703124993,0.0,1.0,0.11926405902257953,-0.7272847788519594
2,coherent_1302,semantic_original,0.3349609375,0.31639404296875,0.3544921875,1.0,1.0,-0.6731130149558122,-0.6731130149558122
2,coherent_1302,uniform_displayed_four,0.20361328125,0.19970703125,0.20752258300781248,0.25,0.25,0.07688698504418773,0.07688698504418773
2,coherent_1302,uniform_sixteen,0.0625,0.0625,0.0625,0.0625,0.0625,0.26438698504418773,0.26438698504418773
2,coherent_1302,slot_rule,0.3349609375,0.31639404296875,0.3544921875,1.0,1.0,-0.6731130149558122,-0.6731130149558122
2,value_1302,semantic_original,0.189453125,0.17430419921875,0.20460205078124993,1.0,0.0,-0.81211754414925,0.26888458256157677
2,value_1302,uniform_displayed_four,0.197265625,0.1929931640625,0.201416015625,0.25,0.25,-0.06211754414924997,0.018884582561576768
2,value_1302,uniform_sixteen,0.0625,0.0625,0.0625,0.0625,0.0625,0.12538245585075003,0.20638458256157677
2,value_1302,slot_rule,0.27490234375,0.2568359375,0.29345703125,0.0,1.0,0.18788245585075003,-0.7311154174384232
2,coherent_1320,semantic_original,0.32763671875,0.30810546875,0.3466796875,1.0,1.0,-0.6878367437870585,-0.6878367437870585
2,coherent_1320,uniform_displayed_four,0.204833984375,0.200927734375,0.2086181640625,0.25,0.25,0.0621632562129415,0.0621632562129415
2,coherent_1320,uniform_sixteen,0.0625,0.0625,0.0625,0.0625,0.0625,0.2496632562129415,0.2496632562129415
2,coherent_1320,slot_rule,0.32763671875,0.30810546875,0.3466796875,1.0,1.0,-0.6878367437870585,-0.6878367437870585
2,value_1320,semantic_original,0.16357421875,0.14697265625,0.17872314453124993,1.0,0.25,-0.837086552734731,0.02505053039838856
2,value_1320,uniform_displayed_four,0.1971435546875,0.192626953125,0.20117492675781248,0.25,0.25,-0.08708655273473098,0.02505053039838856
2,value_1320,uniform_sixteen,0.0625,0.0625,0.0625,0.0625,0.0625,0.10041344726526902,0.21255053039838856
2,value_1320,slot_rule,0.28125,0.26318359375,0.30078125,0.25,1.0,-0.08708655273473098,-0.7249494696016114
2,coherent_2013,semantic_original,0.27783203125,0.26025390625,0.296875,1.0,1.0,-0.7296968300063256,-0.7296968300063256
2,coherent_2013,uniform_displayed_four,0.18603515625,0.181640625,0.19043273925781248,0.25,0.25,0.020303169993674375,0.020303169993674375
2,coherent_2013,uniform_sixteen,0.0625,0.0625,0.0625,0.0625,0.0625,0.20780316999367437,0.20780316999367437
2,coherent_2013,slot_rule,0.27783203125,0.26025390625,0.296875,1.0,1.0,-0.7296968300063256,-0.7296968300063256
2,value_2013,semantic_original,0.24560546875,0.228515625,0.263671875,1.0,0.25,-0.7586438334563612,0.01749488946699551
2,value_2013,uniform_displayed_four,0.1962890625,0.19189453125,0.200439453125,0.25,0.25,-0.008643833456361272,0.01749488946699551
2,value_2013,uniform_sixteen,0.0625,0.0625,0.0625,0.0625,0.0625,0.17885616654363873,0.2049948894669955
2,value_2013,slot_rule,0.27490234375,0.25634765625,0.294921875,0.25,1.0,-0.008643833456361272,-0.7325051105330045
2,coherent_2031,semantic_original,0.28955078125,0.27099609375,0.30810546875,1.0,1.0,-0.7168295664931608,-0.7168295664931608
2,coherent_2031,uniform_displayed_four,0.192138671875,0.187744140625,0.1962890625,0.25,0.25,0.03317043350683929,0.03317043350683929
2,coherent_2031,uniform_sixteen,0.0625,0.0625,0.0625,0.0625,0.0625,0.2206704335068393,0.2206704335068393
2,coherent_2031,slot_rule,0.28955078125,0.27099609375,0.30810546875,1.0,1.0,-0.7168295664931608,-0.7168295664931608
2,value_2031,semantic_original,0.1953125,0.17918701171875,0.21240234375,1.0,0.0,-0.8083594924935202,0.2731309636639856
2,value_2031,uniform_displayed_four,0.1966552734375,0.1922607421875,0.20068359375,0.25,0.25,-0.05835949249352018,0.023130963663985593
2,value_2031,uniform_sixteen,0.0625,0.0625,0.0625,0.0625,0.0625,0.12914050750647982,0.2106309636639856
2,value_2031,slot_rule,0.28125,0.26220703125,0.30078125,0.0,1.0,0.19164050750647982,-0.7268690363360144
2,coherent_2103,semantic_original,0.28564453125,0.267578125,0.30419921875,1.0,1.0,-0.7283350567161307,-0.7283350567161307
2,coherent_2103,uniform_displayed_four,0.187744140625,0.18310546875,0.192138671875,0.25,0.25,0.021664943283869253,0.021664943283869253
2,coherent_2103,uniform_sixteen,0.0625,0.0625,0.0625,0.0625,0.0625,0.20916494328386925,0.20916494328386925
2,coherent_2103,slot_rule,0.28564453125,0.267578125,0.30419921875,1.0,1.0,-0.7283350567161307,-0.7283350567161307
2,value_2103,semantic_original,0.28173828125,0.263671875,0.29931640625,1.0,0.5,-0.7240864221732717,-0.22674262356179264
2,value_2103,uniform_displayed_four,0.1968994140625,0.192626953125,0.2010498046875,0.25,0.25,0.025913577826728318,0.023257376438207356
2,value_2103,uniform_sixteen,0.0625,0.0625,0.0625,0.0625,0.0625,0.21341357782672832,0.21075737643820736
2,value_2103,slot_rule,0.27294921875,0.25537109375,0.29053955078124993,0.5,1.0,-0.22408642217327168,-0.7267426235617926
2,coherent_2130,semantic_original,0.2939453125,0.275390625,0.31298828125,1.0,1.0,-0.7159184079192633,-0.7159184079192633
2,coherent_2130,uniform_displayed_four,0.192138671875,0.1878662109375,0.1961669921875,0.25,0.25,0.03408159208073669,0.03408159208073669
2,coherent_2130,uniform_sixteen,0.0625,0.0625,0.0625,0.0625,0.0625,0.2215815920807367,0.2215815920807367
2,coherent_2130,slot_rule,0.2939453125,0.275390625,0.31298828125,1.0,1.0,-0.7159184079192633,-0.7159184079192633
2,value_2130,semantic_original,0.11279296875,0.0986328125,0.12646484375,1.0,0.25,-0.889509438303087,0.029751203494486345
2,value_2130,uniform_displayed_four,0.1981201171875,0.1937255859375,0.2020263671875,0.25,0.25,-0.13950943830308699,0.029751203494486345
2,value_2130,uniform_sixteen,0.0625,0.0625,0.0625,0.0625,0.0625,0.047990561696913014,0.21725120349448634
2,value_2130,slot_rule,0.287109375,0.2685546875,0.306640625,0.25,1.0,-0.13950943830308699,-0.7202487965055137
2,coherent_2301,semantic_original,0.306640625,0.2880859375,0.3251953125,1.0,1.0,-0.6996036434386373,-0.6996036434386373
2,coherent_2301,uniform_displayed_four,0.19580078125,0.1917724609375,0.19995422363281248,0.25,0.25,0.050396356561362654,0.050396356561362654
2,coherent_2301,uniform_sixteen,0.0625,0.0625,0.0625,0.0625,0.0625,0.23789635656136265,0.23789635656136265
2,coherent_2301,slot_rule,0.306640625,0.2880859375,0.3251953125,1.0,1.0,-0.6996036434386373,-0.6996036434386373
2,value_2301,semantic_original,0.22900390625,0.2119140625,0.24609375,1.0,0.0,-0.7702813835265249,0.2761522470995444
2,value_2301,uniform_displayed_four,0.1964111328125,0.192138671875,0.2005615234375,0.25,0.25,-0.020281383526524865,0.02615224709954439
2,value_2301,uniform_sixteen,0.0625,0.0625,0.0625,0.0625,0.0625,0.16721861647347513,0.2136522470995444
2,value_2301,slot_rule,0.28466796875,0.26611328125,0.30419921875,0.0,1.0,0.22971861647347513,-0.7238477529004557
2,coherent_2310,semantic_original,0.2978515625,0.2802734375,0.31689453125,1.0,1.0,-0.7105729856886925,-0.7105729856886925
2,coherent_2310,uniform_displayed_four,0.1966552734375,0.192626953125,0.2008056640625,0.25,0.25,0.03942701431130746,0.03942701431130746
2,coherent_2310,uniform_sixteen,0.0625,0.0625,0.0625,0.0625,0.0625,0.22692701431130746,0.22692701431130746
2,coherent_2310,slot_rule,0.2978515625,0.2802734375,0.31689453125,1.0,1.0,-0.7105729856886925,-0.7105729856886925
2,value_2310,semantic_original,0.1162109375,0.10302734375,0.13037109375,1.0,0.0,-0.8836638933187113,0.28160029237798223
2,value_2310,uniform_displayed_four,0.1981201171875,0.193603515625,0.2021484375,0.25,0.25,-0.1336638933187113,0.03160029237798223
2,value_2310,uniform_sixteen,0.0625,0.0625,0.0625,0.0625,0.0625,0.05383610668128869,0.21910029237798223
2,value_2310,slot_rule,0.2919921875,0.2734375,0.310546875,0.0,1.0,0.11633610668128869,-0.7183997076220178
2,coherent_3012,semantic_original,0.33984375,0.32030029296875,0.35987548828124993,1.0,1.0,-0.6726494012638639,-0.6726494012638639
2,coherent_3012,uniform_displayed_four,0.2188720703125,0.2154541015625,0.2222900390625,0.25,0.25,0.07735059873613614,0.07735059873613614
2,coherent_3012,uniform_sixteen,0.0625,0.0625,0.0625,0.0625,0.0625,0.26485059873613614,0.26485059873613614
2,coherent_3012,slot_rule,0.33984375,0.32030029296875,0.35987548828124993,1.0,1.0,-0.6726494012638639,-0.6726494012638639
2,value_3012,semantic_original,0.1572265625,0.142578125,0.1728515625,1.0,0.0,-0.8437050956010673,0.27544783111536564
2,value_3012,uniform_displayed_four,0.19775390625,0.193359375,0.2020263671875,0.25,0.25,-0.09370509560106732,0.025447831115365638
2,value_3012,uniform_sixteen,0.0625,0.0625,0.0625,0.0625,0.0625,0.09379490439893268,0.21294783111536564
2,value_3012,slot_rule,0.28662109375,0.26806640625,0.30567626953124993,0.0,1.0,0.15629490439893268,-0.7245521688846344
2,coherent_3021,semantic_original,0.32666015625,0.306640625,0.34619140625,1.0,1.0,-0.6812673389885502,-0.6812673389885502
2,coherent_3021,uniform_displayed_four,0.21728515625,0.213623046875,0.220703125,0.25,0.25,0.06873266101144976,0.06873266101144976
2,coherent_3021,uniform_sixteen,0.0625,0.0625,0.0625,0.0625,0.0625,0.25623266101144976,0.25623266101144976
2,coherent_3021,slot_rule,0.32666015625,0.306640625,0.34619140625,1.0,1.0,-0.6812673389885502,-0.6812673389885502
2,value_3021,semantic_original,0.25,0.23095703125,0.26806640625,1.0,0.25,-0.751807144962103,0.028745582080311527
2,value_3021,uniform_displayed_four,0.1968994140625,0.1926239013671875,0.2010498046875,0.25,0.25,-0.0018071449621029911,0.028745582080311527
2,value_3021,uniform_sixteen,0.0625,0.0625,0.0625,0.0625,0.0625,0.185692855037897,0.21624558208031153
2,value_3021,slot_rule,0.287109375,0.2685546875,0.30567626953124993,0.25,1.0,-0.0018071449621029911,-0.7212544179196885
2,coherent_3102,semantic_original,0.33544921875,0.31689453125,0.35596923828124993,1.0,1.0,-0.6791610081780873,-0.6791610081780873
2,coherent_3102,uniform_displayed_four,0.215087890625,0.21142578125,0.2188720703125,0.25,0.25,0.07083899182191267,0.07083899182191267
2,coherent_3102,uniform_sixteen,0.0625,0.0625,0.0625,0.0625,0.0625,0.25833899182191267,0.25833899182191267
2,coherent_3102,slot_rule,0.33544921875,0.31689453125,0.35596923828124993,1.0,1.0,-0.6791610081780873,-0.6791610081780873
2,value_3102,semantic_original,0.19384765625,0.17724609375,0.20948486328124993,1.0,0.25,-0.8125570731880075,0.027799023136206635
2,value_3102,uniform_displayed_four,0.1983642578125,0.1939697265625,0.202392578125,0.25,0.25,-0.06255707318800749,0.027799023136206635
2,value_3102,uniform_sixteen,0.0625,0.0625,0.0625,0.0625,0.0625,0.12494292681199251,0.21529902313620664
2,value_3102,slot_rule,0.283203125,0.26561279296875,0.30030517578124993,0.25,1.0,-0.06255707318800749,-0.7222009768637934
2,coherent_3120,semantic_original,0.310546875,0.2919921875,0.32958984375,1.0,1.0,-0.6985079027753534,-0.6985079027753534
2,coherent_3120,uniform_displayed_four,0.216552734375,0.2132537841796875,0.2200927734375,0.25,0.25,0.05149209722464665,0.05149209722464665
2,coherent_3120,uniform_sixteen,0.0625,0.0625,0.0625,0.0625,0.0625,0.23899209722464665,0.23899209722464665
2,coherent_3120,slot_rule,0.310546875,0.2919921875,0.32958984375,1.0,1.0,-0.6985079027753534,-0.6985079027753534
2,value_3120,semantic_original,0.16650390625,0.14990234375,0.18310546875,1.0,0.5,-0.8358400857870987,-0.21998946458709107
2,value_3120,uniform_displayed_four,0.1973876953125,0.19287109375,0.201416015625,0.25,0.25,-0.08584008578709873,0.030010535412908934
2,value_3120,uniform_sixteen,0.0625,0.0625,0.0625,0.0625,0.0625,0.10165991421290127,0.21751053541290893
2,value_3120,slot_rule,0.2841796875,0.2666015625,0.30322265625,0.5,1.0,-0.33584008578709873,-0.719989464587091
2,coherent_3201,semantic_original,0.33935546875,0.3193359375,0.3603515625,1.0,1.0,-0.6716280858588486,-0.6716280858588486
2,coherent_3201,uniform_displayed_four,0.21826171875,0.2147216796875,0.2216796875,0.25,0.25,0.07837191414115141,0.07837191414115141
2,coherent_3201,uniform_sixteen,0.0625,0.0625,0.0625,0.0625,0.0625,0.2658719141411514,0.2658719141411514
2,coherent_3201,slot_rule,0.33935546875,0.3193359375,0.3603515625,1.0,1.0,-0.6716280858588486,-0.6716280858588486
2,value_3201,semantic_original,0.24267578125,0.22509765625,0.259765625,1.0,0.0,-0.7628171460711051,0.2786562104572639
2,value_3201,uniform_displayed_four,0.197265625,0.19287109375,0.201416015625,0.25,0.25,-0.012817146071105068,0.02865621045726391
2,value_3201,uniform_sixteen,0.0625,0.0625,0.0625,0.0625,0.0625,0.17468285392889493,0.2161562104572639
2,value_3201,slot_rule,0.28857421875,0.26953125,0.30712890625,0.0,1.0,0.23718285392889493,-0.7213437895427361
2,coherent_3210,semantic_original,0.33056640625,0.31103515625,0.35009765625,1.0,1.0,-0.6835751065919865,-0.6835751065919865
2,coherent_3210,uniform_displayed_four,0.2174072265625,0.2138671875,0.2208251953125,0.25,0.25,0.0664248934080135,0.0664248934080135
2,coherent_3210,uniform_sixteen,0.0625,0.0625,0.0625,0.0625,0.0625,0.2539248934080135,0.2539248934080135
2,coherent_3210,slot_rule,0.33056640625,0.31103515625,0.35009765625,1.0,1.0,-0.6835751065919865,-0.6835751065919865
2,value_3210,semantic_original,0.12646484375,0.11181640625,0.14111328125,1.0,0.0,-0.8758120213759918,0.27729666185125357
2,value_3210,uniform_displayed_four,0.1982421875,0.1937255859375,0.20227355957031248,0.25,0.25,-0.1258120213759918,0.027296661851253567
2,value_3210,uniform_sixteen,0.0625,0.0625,0.0625,0.0625,0.0625,0.06168797862400821,0.21479666185125357
2,value_3210,slot_rule,0.283203125,0.26512451171875,0.30224609375,0.0,1.0,0.12418797862400821,-0.7227033381487464
3,original_native,semantic_original,1.0,1.0,1.0,1.0,1.0,-0.0006738121155649424,-0.0006738121155649424
3,original_native,uniform_displayed_four,0.25,0.25,0.25,0.25,0.25,0.7493261878844351,0.7493261878844351
3,original_native,uniform_sixteen,0.0625,0.0625,0.0625,0.0625,0.0625,0.9368261878844351,0.9368261878844351
3,original_native,slot_rule,1.0,1.0,1.0,1.0,1.0,-0.0006738121155649424,-0.0006738121155649424
3,original_noop,semantic_original,1.0,1.0,1.0,1.0,1.0,-0.0006738121155649424,-0.0006738121155649424
3,original_noop,uniform_displayed_four,0.25,0.25,0.25,0.25,0.25,0.7493261878844351,0.7493261878844351
3,original_noop,uniform_sixteen,0.0625,0.0625,0.0625,0.0625,0.0625,0.9368261878844351,0.9368261878844351
3,original_noop,slot_rule,1.0,1.0,1.0,1.0,1.0,-0.0006738121155649424,-0.0006738121155649424
3,grouped_native,semantic_original,0.19775390625,0.18115234375,0.2138671875,1.0,1.0,-0.8070117778851733,-0.8070117778851733
3,grouped_native,uniform_displayed_four,0.161376953125,0.15673828125,0.16601867675781248,0.25,0.25,-0.057011777885173365,-0.057011777885173365
3,grouped_native,uniform_sixteen,0.0625,0.0625,0.0625,0.0625,0.0625,0.13048822211482664,0.13048822211482664
3,grouped_native,slot_rule,0.19775390625,0.18115234375,0.2138671875,1.0,1.0,-0.8070117778851733,-0.8070117778851733
3,grouped_canonical,semantic_original,0.384765625,0.3701171875,0.39892578125,1.0,1.0,-0.6245991049298237,-0.6245991049298237
3,grouped_canonical,uniform_displayed_four,0.2236328125,0.2204559326171875,0.2266845703125,0.25,0.25,0.12540089507017627,0.12540089507017627
3,grouped_canonical,uniform_sixteen,0.0625,0.0625,0.0625,0.0625,0.0625,0.31290089507017627,0.31290089507017627
3,grouped_canonical,slot_rule,0.384765625,0.3701171875,0.39892578125,1.0,1.0,-0.6245991049298237,-0.6245991049298237
3,coherent_0132,semantic_original,0.3857421875,0.37109375,0.40087890625,1.0,1.0,-0.6202706277085174,-0.6202706277085174
3,coherent_0132,uniform_displayed_four,0.2236328125,0.2205810546875,0.226806640625,0.25,0.25,0.12972937229148263,0.12972937229148263
3,coherent_0132,uniform_sixteen,0.0625,0.0625,0.0625,0.0625,0.0625,0.3172293722914826,0.3172293722914826
3,coherent_0132,slot_rule,0.3857421875,0.37109375,0.40087890625,1.0,1.0,-0.6202706277085174,-0.6202706277085174
3,value_0132,semantic_original,0.10205078125,0.09031982421875,0.11474609375,1.0,0.5,-0.9025331998278756,-0.12439259804023128
3,value_0132,uniform_displayed_four,0.2247314453125,0.2215576171875,0.2276611328125,0.25,0.25,-0.15253319982787564,0.12560740195976872
3,value_0132,uniform_sixteen,0.0625,0.0625,0.0625,0.0625,0.0625,0.03496680017212436,0.3131074019597687
3,value_0132,slot_rule,0.38134765625,0.3671875,0.396484375,0.5,1.0,-0.4025331998278756,-0.6243925980402313
3,coherent_0213,semantic_original,0.38720703125,0.37255859375,0.40234375,1.0,1.0,-0.617108373102726,-0.617108373102726
3,coherent_0213,uniform_displayed_four,0.227783203125,0.224853515625,0.23046875,0.25,0.25,0.13289162689727396,0.13289162689727396
3,coherent_0213,uniform_sixteen,0.0625,0.0625,0.0625,0.0625,0.0625,0.32039162689727396,0.32039162689727396
3,coherent_0213,slot_rule,0.38720703125,0.37255859375,0.40234375,1.0,1.0,-0.617108373102726,-0.617108373102726
3,value_0213,semantic_original,0.4296875,0.41552734375,0.4443359375,1.0,0.5,-0.5752781233998243,-0.1280129424402926
3,value_0213,uniform_displayed_four,0.2237548828125,0.220703125,0.2266845703125,0.25,0.25,0.17472187660017569,0.1219870575597074
3,value_0213,uniform_sixteen,0.0625,0.0625,0.0625,0.0625,0.0625,0.3622218766001757,0.3094870575597074
3,value_0213,slot_rule,0.37841796875,0.365234375,0.392578125,0.5,1.0,-0.07527812339982431,-0.6280129424402926
3,coherent_0231,semantic_original,0.38623046875,0.37158203125,0.400390625,1.0,1.0,-0.6157413740551746,-0.6157413740551746
3,coherent_0231,uniform_displayed_four,0.2291259765625,0.226318359375,0.2320556640625,0.25,0.25,0.1342586259448254,0.1342586259448254
3,coherent_0231,uniform_sixteen,0.0625,0.0625,0.0625,0.0625,0.0625,0.3217586259448254,0.3217586259448254
3,coherent_0231,slot_rule,0.38623046875,0.37158203125,0.400390625,1.0,1.0,-0.6157413740551746,-0.6157413740551746
3,value_0231,semantic_original,0.05517578125,0.04541015625,0.06591796875,1.0,0.25,-0.9477481032149087,0.1262974566454948
3,value_0231,uniform_displayed_four,0.2247314453125,0.2218017578125,0.2276611328125,0.25,0.25,-0.19774810321490868,0.1262974566454948
3,value_0231,uniform_sixteen,0.0625,0.0625,0.0625,0.0625,0.0625,-0.010248103214908683,0.3137974566454948
3,value_0231,slot_rule,0.38427734375,0.3701171875,0.39892578125,0.25,1.0,-0.19774810321490868,-0.6237025433545051
3,coherent_0312,semantic_original,0.37255859375,0.35888671875,0.38671875,1.0,1.0,-0.6273751513082672,-0.6273751513082672
3,coherent_0312,uniform_displayed_four,0.227294921875,0.2244873046875,0.230224609375,0.25,0.25,0.12262484869173285,0.12262484869173285
3,coherent_0312,uniform_sixteen,0.0625,0.0625,0.0625,0.0625,0.0625,0.31012484869173285,0.31012484869173285
3,coherent_0312,slot_rule,0.37255859375,0.35888671875,0.38671875,1.0,1.0,-0.6273751513082672,-0.6273751513082672
3,value_0312,semantic_original,0.2197265625,0.20361328125,0.23583984375,1.0,0.25,-0.781617938554605,0.12350294652255883
3,value_0312,uniform_displayed_four,0.22314453125,0.2198486328125,0.22619934082031248,0.25,0.25,-0.03161793855460504,0.12350294652255883
3,value_0312,uniform_sixteen,0.0625,0.0625,0.0625,0.0625,0.0625,0.15588206144539496,0.31100294652255883
3,value_0312,slot_rule,0.37841796875,0.3642578125,0.392578125,0.25,1.0,-0.03161793855460504,-0.6264970534774412
3,coherent_0321,semantic_original,0.3759765625,0.36181640625,0.390625,1.0,1.0,-0.6235424449054219,-0.6235424449054219
3,coherent_0321,uniform_displayed_four,0.2281494140625,0.225341796875,0.23096008300781248,0.25,0.25,0.12645755509457812,0.12645755509457812
3,coherent_0321,uniform_sixteen,0.0625,0.0625,0.0625,0.0625,0.0625,0.3139575550945781,0.3139575550945781
3,coherent_0321,slot_rule,0.3759765625,0.36181640625,0.390625,1.0,1.0,-0.6235424449054219,-0.6235424449054219
3,value_0321,semantic_original,0.1357421875,0.12158203125,0.150390625,1.0,0.5,-0.8700222064773533,-0.11899895938594529
3,value_0321,uniform_displayed_four,0.223388671875,0.22021484375,0.2264404296875,0.25,0.25,-0.12002220647735334,0.1310010406140547
3,value_0321,uniform_sixteen,0.0625,0.0625,0.0625,0.0625,0.0625,0.06747779352264666,0.3185010406140547
3,value_0321,slot_rule,0.38720703125,0.373046875,0.40185546875,0.5,1.0,-0.37002220647735334,-0.6189989593859453
3,coherent_1023,semantic_original,0.3818359375,0.3671875,0.39697265625,1.0,1.0,-0.6189529614827105,-0.6189529614827105
3,coherent_1023,uniform_displayed_four,0.2225341796875,0.2193603515625,0.2255859375,0.25,0.25,0.1310470385172895,0.1310470385172895
3,coherent_1023,uniform_sixteen,0.0625,0.0625,0.0625,0.0625,0.0625,0.3185470385172895,0.3185470385172895
3,coherent_1023,slot_rule,0.3818359375,0.3671875,0.39697265625,1.0,1.0,-0.6189529614827105,-0.6189529614827105
3,value_1023,semantic_original,0.40478515625,0.38916015625,0.419921875,1.0,0.5,-0.6013341544700076,-0.12179186680117304
3,value_1023,uniform_displayed_four,0.2242431640625,0.22119140625,0.227294921875,0.25,0.25,0.1486658455299924,0.12820813319882696
3,value_1023,uniform_sixteen,0.0625,0.0625,0.0625,0.0625,0.0625,0.3361658455299924,0.31570813319882696
3,value_1023,slot_rule,0.380859375,0.36669921875,0.3955078125,0.5,1.0,-0.1013341544700076,-0.621791866801173
3,coherent_1032,semantic_original,0.3798828125,0.36619873046875,0.39453125,1.0,1.0,-0.6239804399531756,-0.6239804399531756
3,coherent_1032,uniform_displayed_four,0.2218017578125,0.2186279296875,0.2249755859375,0.25,0.25,0.1260195600468244,0.1260195600468244
3,coherent_1032,uniform_sixteen,0.0625,0.0625,0.0625,0.0625,0.0625,0.3135195600468244,0.3135195600468244
3,coherent_1032,slot_rule,0.3798828125,0.36619873046875,0.39453125,1.0,1.0,-0.6239804399531756,-0.6239804399531756
3,value_1032,semantic_original,0.12548828125,0.11279296875,0.1396484375,1.0,0.0,-0.8800859795498664,0.381410548519884
3,value_1032,uniform_displayed_four,0.224853515625,0.2216796875,0.2279052734375,0.25,0.25,-0.13008597954986642,0.13141054851988399
3,value_1032,uniform_sixteen,0.0625,0.0625,0.0625,0.0625,0.0625,0.05741402045013358,0.318910548519884
3,value_1032,slot_rule,0.3837890625,0.36962890625,0.3994140625,0.0,1.0,0.11991402045013358,-0.618589451480116
3,coherent_1203,semantic_original,0.38134765625,0.3671875,0.39503173828124993,1.0,1.0,-0.6231122747459736,-0.6231122747459736
3,coherent_1203,uniform_displayed_four,0.2261962890625,0.2233856201171875,0.2291259765625,0.25,0.25,0.12688772525402636,0.12688772525402636
3,coherent_1203,uniform_sixteen,0.0625,0.0625,0.0625,0.0625,0.0625,0.31438772525402636,0.31438772525402636
3,coherent_1203,slot_rule,0.38134765625,0.3671875,0.39503173828124993,1.0,1.0,-0.6231122747459736,-0.6231122747459736
3,value_1203,semantic_original,0.37890625,0.365234375,0.39306640625,1.0,0.25,-0.6229688156208094,0.12528682410966263
3,value_1203,uniform_displayed_four,0.224609375,0.221435546875,0.2274169921875,0.25,0.25,0.1270311843791906,0.12528682410966263
3,value_1203,uniform_sixteen,0.0625,0.0625,0.0625,0.0625,0.0625,0.3145311843791906,0.31278682410966263
3,value_1203,slot_rule,0.38232421875,0.3681640625,0.3974609375,0.25,1.0,0.1270311843791906,-0.6247131758903374
3,coherent_1230,semantic_original,0.39453125,0.3798828125,0.4091796875,1.0,1.0,-0.6130098474490149,-0.6130098474490149
3,coherent_1230,uniform_displayed_four,0.2286376953125,0.225830078125,0.231689453125,0.25,0.25,0.13699015255098512,0.13699015255098512
3,coherent_1230,uniform_sixteen,0.0625,0.0625,0.0625,0.0625,0.0625,0.3244901525509851,0.3244901525509851
3,coherent_1230,slot_rule,0.39453125,0.3798828125,0.4091796875,1.0,1.0,-0.6130098474490149,-0.6130098474490149
3,value_1230,semantic_original,0.06005859375,0.05029296875,0.0703125,1.0,0.0,-0.9428634476931528,0.37940971620916525
3,value_1230,uniform_displayed_four,0.225341796875,0.2222900390625,0.2281494140625,0.25,0.25,-0.19286344769315272,0.12940971620916525
3,value_1230,uniform_sixteen,0.0625,0.0625,0.0625,0.0625,0.0625,-0.005363447693152723,0.31690971620916525
3,value_1230,slot_rule,0.38427734375,0.36865234375,0.39990234375,0.0,1.0,0.05713655230684728,-0.6205902837908348
3,coherent_1302,semantic_original,0.38232421875,0.36767578125,0.39697265625,1.0,1.0,-0.6191662058688194,-0.6191662058688194
3,coherent_1302,uniform_displayed_four,0.2252197265625,0.222412109375,0.2281494140625,0.25,0.25,0.13083379413118057,0.13083379413118057
3,coherent_1302,uniform_sixteen,0.0625,0.0625,0.0625,0.0625,0.0625,0.31833379413118057,0.31833379413118057
3,coherent_1302,slot_rule,0.38232421875,0.36767578125,0.39697265625,1.0,1.0,-0.6191662058688194,-0.6191662058688194
3,value_1302,semantic_original,0.1748046875,0.1591796875,0.18994140625,1.0,0.0,-0.8299569168217344,0.38065936175382586
3,value_1302,uniform_displayed_four,0.22412109375,0.2210693359375,0.22705078125,0.25,0.25,-0.07995691682173442,0.13065936175382586
3,value_1302,uniform_sixteen,0.0625,0.0625,0.0625,0.0625,0.0625,0.10754308317826558,0.31815936175382586
3,value_1302,slot_rule,0.3857421875,0.37158203125,0.40087890625,0.0,1.0,0.17004308317826558,-0.6193406382461741
3,coherent_1320,semantic_original,0.39501953125,0.3798828125,0.41016845703124993,1.0,1.0,-0.6087854687074917,-0.6087854687074917
3,coherent_1320,uniform_displayed_four,0.2276611328125,0.2247283935546875,0.2305908203125,0.25,0.25,0.14121453129250827,0.14121453129250827
3,coherent_1320,uniform_sixteen,0.0625,0.0625,0.0625,0.0625,0.0625,0.32871453129250827,0.32871453129250827
3,coherent_1320,slot_rule,0.39501953125,0.3798828125,0.41016845703124993,1.0,1.0,-0.6087854687074917,-0.6087854687074917
3,value_1320,semantic_original,0.13671875,0.12303466796875,0.15087890625,1.0,0.25,-0.8671494346102048,0.13343856857681624
3,value_1320,uniform_displayed_four,0.2252197265625,0.2220458984375,0.2281494140625,0.25,0.25,-0.11714943461020477,0.13343856857681624
3,value_1320,uniform_sixteen,0.0625,0.0625,0.0625,0.0625,0.0625,0.07035056538979523,0.32093856857681624
3,value_1320,slot_rule,0.38330078125,0.3681640625,0.3974609375,0.25,1.0,-0.11714943461020477,-0.6165614314231838
3,coherent_2013,semantic_original,0.3984375,0.38330078125,0.4140625,1.0,1.0,-0.6027483393289141,-0.6027483393289141
3,coherent_2013,uniform_displayed_four,0.237060546875,0.234619140625,0.23926086425781248,0.25,0.25,0.14725166067108592,0.14725166067108592
3,coherent_2013,uniform_sixteen,0.0625,0.0625,0.0625,0.0625,0.0625,0.3347516606710859,0.3347516606710859
3,coherent_2013,slot_rule,0.3984375,0.38330078125,0.4140625,1.0,1.0,-0.6027483393289141,-0.6027483393289141
3,value_2013,semantic_original,0.49267578125,0.4765625,0.5087890625,1.0,0.25,-0.5121533430506596,0.12622996732322633
3,value_2013,uniform_displayed_four,0.2247314453125,0.2216796875,0.227783203125,0.25,0.25,0.23784665694934037,0.12622996732322633
3,value_2013,uniform_sixteen,0.0625,0.0625,0.0625,0.0625,0.0625,0.4253466569493404,0.31372996732322633
3,value_2013,slot_rule,0.37890625,0.3642578125,0.39306640625,0.25,1.0,0.23784665694934037,-0.6237700326767737
3,coherent_2031,semantic_original,0.40966796875,0.39451904296875,0.42529296875,1.0,1.0,-0.5967879700966563,-0.5967879700966563
3,coherent_2031,uniform_displayed_four,0.2386474609375,0.2364501953125,0.2408447265625,0.25,0.25,0.1532120299033437,0.1532120299033437
3,coherent_2031,uniform_sixteen,0.0625,0.0625,0.0625,0.0625,0.0625,0.3407120299033437,0.3407120299033437
3,coherent_2031,slot_rule,0.40966796875,0.39451904296875,0.42529296875,1.0,1.0,-0.5967879700966563,-0.5967879700966563
3,value_2031,semantic_original,0.11181640625,0.099609375,0.12451171875,1.0,0.0,-0.8931820534874293,0.3848220122563802
3,value_2031,uniform_displayed_four,0.2255859375,0.2225341796875,0.228515625,0.25,0.25,-0.14318205348742924,0.13482201225638019
3,value_2031,uniform_sixteen,0.0625,0.0625,0.0625,0.0625,0.0625,0.04431794651257076,0.3223220122563802
3,value_2031,slot_rule,0.392578125,0.3779296875,0.40771484375,0.0,1.0,0.10681794651257076,-0.6151779877436199
3,coherent_2103,semantic_original,0.3994140625,0.38427734375,0.4150390625,1.0,1.0,-0.6094455770236648,-0.6094455770236648
3,coherent_2103,uniform_displayed_four,0.2359619140625,0.2333984375,0.2384033203125,0.25,0.25,0.14055442297633525,0.14055442297633525
3,coherent_2103,uniform_sixteen,0.0625,0.0625,0.0625,0.0625,0.0625,0.32805442297633525,0.32805442297633525
3,coherent_2103,slot_rule,0.3994140625,0.38427734375,0.4150390625,1.0,1.0,-0.6094455770236648,-0.6094455770236648
3,value_2103,semantic_original,0.42236328125,0.40625,0.439453125,1.0,0.5,-0.5824962815555257,-0.12412736030915855
3,value_2103,uniform_displayed_four,0.2247314453125,0.2216796875,0.22766418457031248,0.25,0.25,0.16750371844447426,0.12587263969084145
3,value_2103,uniform_sixteen,0.0625,0.0625,0.0625,0.0625,0.0625,0.35500371844447426,0.31337263969084145
3,value_2103,slot_rule,0.3818359375,0.36767578125,0.39697265625,0.5,1.0,-0.08249628155552574,-0.6241273603091586
3,coherent_2130,semantic_original,0.39892578125,0.3837890625,0.41455078125,1.0,1.0,-0.6038195607362454,-0.6038195607362454
3,coherent_2130,uniform_displayed_four,0.24072265625,0.23876953125,0.24267578125,0.25,0.25,0.14618043926375457,0.14618043926375457
3,coherent_2130,uniform_sixteen,0.0625,0.0625,0.0625,0.0625,0.0625,0.33368043926375457,0.33368043926375457
3,coherent_2130,slot_rule,0.39892578125,0.3837890625,0.41455078125,1.0,1.0,-0.6038195607362454,-0.6038195607362454
3,value_2130,semantic_original,0.0966796875,0.08447265625,0.10938720703124993,1.0,0.25,-0.9109978706363018,0.1298378578598065
3,value_2130,uniform_displayed_four,0.2252197265625,0.2221649169921875,0.2281494140625,0.25,0.25,-0.16099787063630175,0.1298378578598065
3,value_2130,uniform_sixteen,0.0625,0.0625,0.0625,0.0625,0.0625,0.02650212936369825,0.3173378578598065
3,value_2130,slot_rule,0.388671875,0.37353515625,0.4033203125,0.25,1.0,-0.16099787063630175,-0.6201621421401935
3,coherent_2301,semantic_original,0.3935546875,0.3779296875,0.40869140625,1.0,1.0,-0.6068508737908418,-0.6068508737908418
3,coherent_2301,uniform_displayed_four,0.241455078125,0.239501953125,0.243408203125,0.25,0.25,0.1431491262091582,0.1431491262091582
3,coherent_2301,uniform_sixteen,0.0625,0.0625,0.0625,0.0625,0.0625,0.3306491262091582,0.3306491262091582
3,coherent_2301,slot_rule,0.3935546875,0.3779296875,0.40869140625,1.0,1.0,-0.6068508737908418,-0.6068508737908418
3,value_2301,semantic_original,0.177734375,0.16162109375,0.193359375,1.0,0.0,-0.8272421382647475,0.38118531907310715
3,value_2301,uniform_displayed_four,0.22412109375,0.2211883544921875,0.22705078125,0.25,0.25,-0.07724213826474752,0.13118531907310715
3,value_2301,uniform_sixteen,0.0625,0.0625,0.0625,0.0625,0.0625,0.11025786173525248,0.31868531907310715
3,value_2301,slot_rule,0.388671875,0.37451171875,0.40380859375,0.0,1.0,0.17275786173525248,-0.6188146809268928
3,coherent_2310,semantic_original,0.41015625,0.39453125,0.42626953125,1.0,1.0,-0.5968413384309743,-0.5968413384309743
3,coherent_2310,uniform_displayed_four,0.241455078125,0.239501953125,0.2432861328125,0.25,0.25,0.15315866156902574,0.15315866156902574
3,coherent_2310,uniform_sixteen,0.0625,0.0625,0.0625,0.0625,0.0625,0.34065866156902574,0.34065866156902574
3,coherent_2310,slot_rule,0.41015625,0.39453125,0.42626953125,1.0,1.0,-0.5968413384309743,-0.5968413384309743
3,value_2310,semantic_original,0.2177734375,0.20263671875,0.234375,1.0,0.0,-0.782919410492679,0.3808784549249809
3,value_2310,uniform_displayed_four,0.2244873046875,0.2215576171875,0.2274169921875,0.25,0.25,-0.03291941049267899,0.1308784549249809
3,value_2310,uniform_sixteen,0.0625,0.0625,0.0625,0.0625,0.0625,0.154580589507321,0.3183784549249809
3,value_2310,slot_rule,0.384765625,0.3701171875,0.39892578125,0.0,1.0,0.217080589507321,-0.6191215450750192
3,coherent_3012,semantic_original,0.388671875,0.373046875,0.40380859375,1.0,1.0,-0.6174953312204039,-0.6174953312204039
3,coherent_3012,uniform_displayed_four,0.2335205078125,0.2308349609375,0.2359619140625,0.25,0.25,0.13250466877959605,0.13250466877959605
3,coherent_3012,uniform_sixteen,0.0625,0.0625,0.0625,0.0625,0.0625,0.32000466877959605,0.32000466877959605
3,coherent_3012,slot_rule,0.388671875,0.373046875,0.40380859375,1.0,1.0,-0.6174953312204039,-0.6174953312204039
3,value_3012,semantic_original,0.29296875,0.27490234375,0.310546875,1.0,0.0,-0.7168622436062466,0.37969079185056953
3,value_3012,uniform_displayed_four,0.2244873046875,0.221435546875,0.2276611328125,0.25,0.25,0.03313775639375338,0.12969079185056953
3,value_3012,uniform_sixteen,0.0625,0.0625,0.0625,0.0625,0.0625,0.22063775639375338,0.31719079185056953
3,value_3012,slot_rule,0.38232421875,0.36767578125,0.396484375,0.0,1.0,0.2831377563937534,-0.6203092081494305
3,coherent_3021,semantic_original,0.40087890625,0.384765625,0.4169921875,1.0,1.0,-0.6026572080228182,-0.6026572080228182
3,coherent_3021,uniform_displayed_four,0.236083984375,0.233642578125,0.2384033203125,0.25,0.25,0.1473427919771818,0.1473427919771818
3,coherent_3021,uniform_sixteen,0.0625,0.0625,0.0625,0.0625,0.0625,0.3348427919771818,0.3348427919771818
3,coherent_3021,slot_rule,0.40087890625,0.384765625,0.4169921875,1.0,1.0,-0.6026572080228182,-0.6026572080228182
3,value_3021,semantic_original,0.1923828125,0.17674560546875,0.20849609375,1.0,0.25,-0.8161877295275252,0.1372413458781569
3,value_3021,uniform_displayed_four,0.2249755859375,0.22216796875,0.22802734375,0.25,0.25,-0.06618772952752516,0.1372413458781569
3,value_3021,uniform_sixteen,0.0625,0.0625,0.0625,0.0625,0.0625,0.12131227047247484,0.3247413458781569
3,value_3021,slot_rule,0.39501953125,0.380859375,0.41015625,0.25,1.0,-0.06618772952752516,-0.612758654121843
3,coherent_3102,semantic_original,0.396484375,0.3818359375,0.41162109375,1.0,1.0,-0.6107506687957931,-0.6107506687957931
3,coherent_3102,uniform_displayed_four,0.23193359375,0.2293670654296875,0.234619140625,0.25,0.25,0.1392493312042069,0.1392493312042069
3,coherent_3102,uniform_sixteen,0.0625,0.0625,0.0625,0.0625,0.0625,0.3267493312042069,0.3267493312042069
3,coherent_3102,slot_rule,0.396484375,0.3818359375,0.41162109375,1.0,1.0,-0.6107506687957931,-0.6107506687957931
3,value_3102,semantic_original,0.22119140625,0.20408935546875,0.23876953125,1.0,0.25,-0.7888088434649808,0.12940217299025908
3,value_3102,uniform_displayed_four,0.224365234375,0.2215576171875,0.2274169921875,0.25,0.25,-0.03880884346498084,0.12940217299025908
3,value_3102,uniform_sixteen,0.0625,0.0625,0.0625,0.0625,0.0625,0.14869115653501916,0.3169021729902591
3,value_3102,slot_rule,0.388671875,0.3740234375,0.40380859375,0.25,1.0,-0.03880884346498084,-0.620597827009741
3,coherent_3120,semantic_original,0.39697265625,0.38182373046875,0.4130859375,1.0,1.0,-0.6059594000665214,-0.6059594000665214
3,coherent_3120,uniform_displayed_four,0.23583984375,0.2333984375,0.2381591796875,0.25,0.25,0.14404059993347862,0.14404059993347862
3,coherent_3120,uniform_sixteen,0.0625,0.0625,0.0625,0.0625,0.0625,0.3315405999334786,0.3315405999334786
3,coherent_3120,slot_rule,0.39697265625,0.38182373046875,0.4130859375,1.0,1.0,-0.6059594000665214,-0.6059594000665214
3,value_3120,semantic_original,0.1708984375,0.154296875,0.18555908203124993,1.0,0.5,-0.8356904213447512,-0.11937142176791543
3,value_3120,uniform_displayed_four,0.224853515625,0.221923828125,0.22802734375,0.25,0.25,-0.08569042134475122,0.13062857823208457
3,value_3120,uniform_sixteen,0.0625,0.0625,0.0625,0.0625,0.0625,0.10180957865524878,0.31812857823208457
3,value_3120,slot_rule,0.38427734375,0.36962890625,0.39892578125,0.5,1.0,-0.33569042134475124,-0.6193714217679154
3,coherent_3201,semantic_original,0.40087890625,0.38572998046875,0.41650390625,1.0,1.0,-0.5987637171382584,-0.5987637171382584
3,coherent_3201,uniform_displayed_four,0.242431640625,0.2406005859375,0.244140625,0.25,0.25,0.15123628286174162,0.15123628286174162
3,coherent_3201,uniform_sixteen,0.0625,0.0625,0.0625,0.0625,0.0625,0.3387362828617416,0.3387362828617416
3,coherent_3201,slot_rule,0.40087890625,0.38572998046875,0.41650390625,1.0,1.0,-0.5987637171382584,-0.5987637171382584
3,value_3201,semantic_original,0.1787109375,0.16405029296875,0.19288330078124993,1.0,0.0,-0.8276134808092513,0.3791221912304047
3,value_3201,uniform_displayed_four,0.2235107421875,0.2205810546875,0.2265625,0.25,0.25,-0.07761348080925135,0.1291221912304047
3,value_3201,uniform_sixteen,0.0625,0.0625,0.0625,0.0625,0.0625,0.10988651919074865,0.3166221912304047
3,value_3201,slot_rule,0.3857421875,0.37109375,0.400390625,0.0,1.0,0.17238651919074865,-0.6208778087695953
3,coherent_3210,semantic_original,0.41552734375,0.3994140625,0.43067626953124993,1.0,1.0,-0.5884482050944441,-0.5884482050944441
3,coherent_3210,uniform_displayed_four,0.24267578125,0.2408447265625,0.244384765625,0.25,0.25,0.16155179490555593,0.16155179490555593
3,coherent_3210,uniform_sixteen,0.0625,0.0625,0.0625,0.0625,0.0625,0.34905179490555593,0.34905179490555593
3,coherent_3210,slot_rule,0.41552734375,0.3994140625,0.43067626953124993,1.0,1.0,-0.5884482050944441,-0.5884482050944441
3,value_3210,semantic_original,0.21923828125,0.20361328125,0.2353515625,1.0,0.0,-0.7818739186272498,0.37653707185589186
3,value_3210,uniform_displayed_four,0.223876953125,0.220947265625,0.22680969238281248,0.25,0.25,-0.03187391862724978,0.12653707185589186
3,value_3210,uniform_sixteen,0.0625,0.0625,0.0625,0.0625,0.0625,0.15562608137275022,0.31403707185589186
3,value_3210,slot_rule,0.38232421875,0.3681640625,0.3974609375,0.0,1.0,0.21812608137275022,-0.6234629281441082
4,original_native,semantic_original,1.0,1.0,1.0,1.0,1.0,-0.0006482384342234582,-0.0006482384342234582
4,original_native,uniform_displayed_four,0.25,0.25,0.25,0.25,0.25,0.7493517615657765,0.7493517615657765
4,original_native,uniform_sixteen,0.0625,0.0625,0.0625,0.0625,0.0625,0.9368517615657765,0.9368517615657765
4,original_native,slot_rule,1.0,1.0,1.0,1.0,1.0,-0.0006482384342234582,-0.0006482384342234582
4,original_noop,semantic_original,1.0,1.0,1.0,1.0,1.0,-0.0006482384342234582,-0.0006482384342234582
4,original_noop,uniform_displayed_four,0.25,0.25,0.25,0.25,0.25,0.7493517615657765,0.7493517615657765
4,original_noop,uniform_sixteen,0.0625,0.0625,0.0625,0.0625,0.0625,0.9368517615657765,0.9368517615657765
4,original_noop,slot_rule,1.0,1.0,1.0,1.0,1.0,-0.0006482384342234582,-0.0006482384342234582
4,grouped_native,semantic_original,0.2001953125,0.1845703125,0.21630859375,1.0,1.0,-0.8031297097441431,-0.8031297097441431
4,grouped_native,uniform_displayed_four,0.1558837890625,0.15087890625,0.16064453125,0.25,0.25,-0.053129709744143105,-0.053129709744143105
4,grouped_native,uniform_sixteen,0.0625,0.0625,0.0625,0.0625,0.0625,0.1343702902558569,0.1343702902558569
4,grouped_native,slot_rule,0.2001953125,0.1845703125,0.21630859375,1.0,1.0,-0.8031297097441431,-0.8031297097441431
4,grouped_canonical,semantic_original,0.33154296875,0.31201171875,0.35107421875,1.0,1.0,-0.6697095067320241,-0.6697095067320241
4,grouped_canonical,uniform_displayed_four,0.1956787109375,0.191650390625,0.199951171875,0.25,0.25,0.08029049326797588,0.08029049326797588
4,grouped_canonical,uniform_sixteen,0.0625,0.0625,0.0625,0.0625,0.0625,0.2677904932679759,0.2677904932679759
4,grouped_canonical,slot_rule,0.33154296875,0.31201171875,0.35107421875,1.0,1.0,-0.6697095067320241,-0.6697095067320241
4,coherent_0132,semantic_original,0.3232421875,0.3037109375,0.34326171875,1.0,1.0,-0.6835279810751802,-0.6835279810751802
4,coherent_0132,uniform_displayed_four,0.1971435546875,0.19287109375,0.201416015625,0.25,0.25,0.0664720189248198,0.0664720189248198
4,coherent_0132,uniform_sixteen,0.0625,0.0625,0.0625,0.0625,0.0625,0.2539720189248198,0.2539720189248198
4,coherent_0132,slot_rule,0.3232421875,0.3037109375,0.34326171875,1.0,1.0,-0.6835279810751802,-0.6835279810751802
4,value_0132,semantic_original,0.13037109375,0.11669921875,0.14501953125,1.0,0.5,-0.8632572436339918,-0.17425274663837076
4,value_0132,uniform_displayed_four,0.1951904296875,0.19091796875,0.199462890625,0.25,0.25,-0.11325724363399181,0.07574725336162924
4,value_0132,uniform_sixteen,0.0625,0.0625,0.0625,0.0625,0.0625,0.07424275636600819,0.26324725336162924
4,value_0132,slot_rule,0.330078125,0.31201171875,0.34912109375,0.5,1.0,-0.3632572436339918,-0.6742527466383708
4,coherent_0213,semantic_original,0.326171875,0.3056640625,0.345703125,1.0,1.0,-0.6795114425745817,-0.6795114425745817
4,coherent_0213,uniform_displayed_four,0.1944580078125,0.1903076171875,0.1986083984375,0.25,0.25,0.07048855742541826,0.07048855742541826
4,coherent_0213,uniform_sixteen,0.0625,0.0625,0.0625,0.0625,0.0625,0.25798855742541826,0.25798855742541826
4,coherent_0213,slot_rule,0.326171875,0.3056640625,0.345703125,1.0,1.0,-0.6795114425745817,-0.6795114425745817
4,value_0213,semantic_original,0.2529296875,0.23582763671875,0.2705078125,1.0,0.5,-0.7528961540985913,-0.18241529418916658
4,value_0213,uniform_displayed_four,0.1949462890625,0.1907958984375,0.19921875,0.25,0.25,-0.0028961540985913414,0.06758470581083342
4,value_0213,uniform_sixteen,0.0625,0.0625,0.0625,0.0625,0.0625,0.18460384590140866,0.2550847058108334
4,value_0213,slot_rule,0.32763671875,0.30859375,0.34815673828124993,0.5,1.0,-0.25289615409859134,-0.6824152941891666
4,coherent_0231,semantic_original,0.330078125,0.310546875,0.35059814453124993,1.0,1.0,-0.6757784790979112,-0.6757784790979112
4,coherent_0231,uniform_displayed_four,0.204345703125,0.2001953125,0.2083740234375,0.25,0.25,0.07422152090208878,0.07422152090208878
4,coherent_0231,uniform_sixteen,0.0625,0.0625,0.0625,0.0625,0.0625,0.2617215209020888,0.2617215209020888
4,coherent_0231,slot_rule,0.330078125,0.310546875,0.35059814453124993,1.0,1.0,-0.6757784790979112,-0.6757784790979112
4,value_0231,semantic_original,0.16162109375,0.14599609375,0.177734375,1.0,0.25,-0.8312159534699199,0.07321701949211484
4,value_0231,uniform_displayed_four,0.1959228515625,0.1917694091796875,0.2001953125,0.25,0.25,-0.08121595346991989,0.07321701949211484
4,value_0231,uniform_sixteen,0.0625,0.0625,0.0625,0.0625,0.0625,0.10628404653008011,0.26071701949211484
4,value_0231,slot_rule,0.3310546875,0.31201171875,0.35107421875,0.25,1.0,-0.08121595346991989,-0.6767829805078851
4,coherent_0312,semantic_original,0.3447265625,0.32470703125,0.36474609375,1.0,1.0,-0.6632448688295589,-0.6632448688295589
4,coherent_0312,uniform_displayed_four,0.2041015625,0.2003143310546875,0.2080078125,0.25,0.25,0.08675513117044109,0.08675513117044109
4,coherent_0312,uniform_sixteen,0.0625,0.0625,0.0625,0.0625,0.0625,0.2742551311704411,0.2742551311704411
4,coherent_0312,slot_rule,0.3447265625,0.32470703125,0.36474609375,1.0,1.0,-0.6632448688295589,-0.6632448688295589
4,value_0312,semantic_original,0.1171875,0.103515625,0.13134765625,1.0,0.25,-0.877985710398304,0.0750506532155426
4,value_0312,uniform_displayed_four,0.1943359375,0.1900634765625,0.1986083984375,0.25,0.25,-0.12798571039830403,0.0750506532155426
4,value_0312,uniform_sixteen,0.0625,0.0625,0.0625,0.0625,0.0625,0.05951428960169597,0.2625506532155426
4,value_0312,slot_rule,0.33203125,0.3125,0.3525390625,0.25,1.0,-0.12798571039830403,-0.6749493467844574
4,coherent_0321,semantic_original,0.3486328125,0.32958984375,0.36962890625,1.0,1.0,-0.6601174558300753,-0.6601174558300753
4,coherent_0321,uniform_displayed_four,0.2047119140625,0.2008026123046875,0.208740234375,0.25,0.25,0.0898825441699247,0.0898825441699247
4,coherent_0321,uniform_sixteen,0.0625,0.0625,0.0625,0.0625,0.0625,0.2773825441699247,0.2773825441699247
4,coherent_0321,slot_rule,0.3486328125,0.32958984375,0.36962890625,1.0,1.0,-0.6601174558300753,-0.6601174558300753
4,value_0321,semantic_original,0.2421875,0.22509765625,0.259765625,1.0,0.5,-0.7568078180636402,-0.1721790383547538
4,value_0321,uniform_displayed_four,0.1961669921875,0.19189453125,0.20044250488281248,0.25,0.25,-0.006807818063640114,0.07782096164524621
4,value_0321,uniform_sixteen,0.0625,0.0625,0.0625,0.0625,0.0625,0.18069218193635989,0.2653209616452462
4,value_0321,slot_rule,0.330078125,0.31005859375,0.35009765625,0.5,1.0,-0.2568078180636401,-0.6721790383547538
4,coherent_1023,semantic_original,0.34423828125,0.32470703125,0.36376953125,1.0,1.0,-0.6583036397172491,-0.6583036397172491
4,coherent_1023,uniform_displayed_four,0.19921875,0.19482421875,0.20325012207031248,0.25,0.25,0.09169636028275086,0.09169636028275086
4,coherent_1023,uniform_sixteen,0.0625,0.0625,0.0625,0.0625,0.0625,0.27919636028275086,0.27919636028275086
4,coherent_1023,slot_rule,0.34423828125,0.32470703125,0.36376953125,1.0,1.0,-0.6583036397172491,-0.6583036397172491
4,value_1023,semantic_original,0.3349609375,0.31494140625,0.35450439453124993,1.0,0.5,-0.6720302194442211,-0.17130349502660236
4,value_1023,uniform_displayed_four,0.195556640625,0.19140625,0.1998291015625,0.25,0.25,0.07796978055577886,0.07869650497339764
4,value_1023,uniform_sixteen,0.0625,0.0625,0.0625,0.0625,0.0625,0.26546978055577886,0.26619650497339764
4,value_1023,slot_rule,0.333984375,0.314453125,0.35400390625,0.5,1.0,-0.17203021944422114,-0.6713034950266024
4,coherent_1032,semantic_original,0.33349609375,0.31494140625,0.35400390625,1.0,1.0,-0.6741693873347203,-0.6741693873347203
4,coherent_1032,uniform_displayed_four,0.2005615234375,0.1965301513671875,0.20458984375,0.25,0.25,0.07583061266527968,0.07583061266527968
4,coherent_1032,uniform_sixteen,0.0625,0.0625,0.0625,0.0625,0.0625,0.2633306126652797,0.2633306126652797
4,coherent_1032,slot_rule,0.33349609375,0.31494140625,0.35400390625,1.0,1.0,-0.6741693873347203,-0.6741693873347203
4,value_1032,semantic_original,0.126953125,0.11376953125,0.14111328125,1.0,0.0,-0.8669119250254099,0.32144552925933156
4,value_1032,uniform_displayed_four,0.195556640625,0.1915283203125,0.1995849609375,0.25,0.25,-0.11691192502540992,0.07144552925933156
4,value_1032,uniform_sixteen,0.0625,0.0625,0.0625,0.0625,0.0625,0.07058807497459008,0.25894552925933156
4,value_1032,slot_rule,0.3310546875,0.31103515625,0.35009765625,0.0,1.0,0.13308807497459008,-0.6785544707406684
4,coherent_1203,semantic_original,0.33056640625,0.31005859375,0.3505859375,1.0,1.0,-0.673986088229668,-0.673986088229668
4,coherent_1203,uniform_displayed_four,0.1964111328125,0.192626953125,0.20068359375,0.25,0.25,0.07601391177033201,0.07601391177033201
4,coherent_1203,uniform_sixteen,0.0625,0.0625,0.0625,0.0625,0.0625,0.263513911770332,0.263513911770332
4,coherent_1203,slot_rule,0.33056640625,0.31005859375,0.3505859375,1.0,1.0,-0.673986088229668,-0.673986088229668
4,value_1203,semantic_original,0.291015625,0.27294921875,0.30810546875,1.0,0.25,-0.7115695054552638,0.07283715417880576
4,value_1203,uniform_displayed_four,0.1956787109375,0.1915252685546875,0.1998291015625,0.25,0.25,0.03843049454473624,0.07283715417880576
4,value_1203,uniform_sixteen,0.0625,0.0625,0.0625,0.0625,0.0625,0.22593049454473624,0.26033715417880576
4,value_1203,slot_rule,0.33056640625,0.310546875,0.349609375,0.25,1.0,0.03843049454473624,-0.6771628458211942
4,coherent_1230,semantic_original,0.330078125,0.310546875,0.3515625,1.0,1.0,-0.6789355062825243,-0.6789355062825243
4,coherent_1230,uniform_displayed_four,0.20068359375,0.1966552734375,0.20447082519531248,0.25,0.25,0.0710644937174757,0.0710644937174757
4,coherent_1230,uniform_sixteen,0.0625,0.0625,0.0625,0.0625,0.0625,0.2585644937174757,0.2585644937174757
4,coherent_1230,slot_rule,0.330078125,0.310546875,0.3515625,1.0,1.0,-0.6789355062825243,-0.6789355062825243
4,value_1230,semantic_original,0.119140625,0.10595703125,0.13282470703124993,1.0,0.0,-0.8769809969931988,0.3288554870039344
4,value_1230,uniform_displayed_four,0.196044921875,0.1920166015625,0.2001953125,0.25,0.25,-0.12698099699319876,0.07885548700393441
4,value_1230,uniform_sixteen,0.0625,0.0625,0.0625,0.0625,0.0625,0.06051900300680124,0.2663554870039344
4,value_1230,slot_rule,0.33837890625,0.318359375,0.357421875,0.0,1.0,0.12301900300680124,-0.6711445129960656
4,coherent_1302,semantic_original,0.3408203125,0.3203125,0.3603515625,1.0,1.0,-0.6629361348938179,-0.6629361348938179
4,coherent_1302,uniform_displayed_four,0.19970703125,0.1956787109375,0.20373840332031248,0.25,0.25,0.08706386510618214,0.08706386510618214
4,coherent_1302,uniform_sixteen,0.0625,0.0625,0.0625,0.0625,0.0625,0.27456386510618214,0.27456386510618214
4,coherent_1302,slot_rule,0.3408203125,0.3203125,0.3603515625,1.0,1.0,-0.6629361348938179,-0.6629361348938179
4,value_1302,semantic_original,0.15234375,0.13818359375,0.16748046875,1.0,0.0,-0.8407438173292165,0.3255346107110295
4,value_1302,uniform_displayed_four,0.195068359375,0.1905517578125,0.19946594238281248,0.25,0.25,-0.09074381732921655,0.07553461071102952
4,value_1302,uniform_sixteen,0.0625,0.0625,0.0625,0.0625,0.0625,0.09675618267078345,0.2630346107110295
4,value_1302,slot_rule,0.33642578125,0.31640625,0.35546875,0.0,1.0,0.15925618267078345,-0.6744653892889705
4,coherent_1320,semantic_original,0.3515625,0.33154296875,0.37158203125,1.0,1.0,-0.6655513988348878,-0.6655513988348878
4,coherent_1320,uniform_displayed_four,0.2000732421875,0.1962860107421875,0.204345703125,0.25,0.25,0.08444860116511221,0.08444860116511221
4,coherent_1320,uniform_sixteen,0.0625,0.0625,0.0625,0.0625,0.0625,0.2719486011651122,0.2719486011651122
4,coherent_1320,slot_rule,0.3515625,0.33154296875,0.37158203125,1.0,1.0,-0.6655513988348878,-0.6655513988348878
4,value_1320,semantic_original,0.19580078125,0.17967529296875,0.212890625,1.0,0.25,-0.804083860603785,0.08595538494469568
4,value_1320,uniform_displayed_four,0.1959228515625,0.191650390625,0.2001953125,0.25,0.25,-0.054083860603785006,0.08595538494469568
4,value_1320,uniform_sixteen,0.0625,0.0625,0.0625,0.0625,0.0625,0.133416139396215,0.2734553849446957
4,value_1320,slot_rule,0.34423828125,0.32373046875,0.3642578125,0.25,1.0,-0.054083860603785006,-0.6640446150553043
4,coherent_2013,semantic_original,0.30322265625,0.28416748046875,0.32373046875,1.0,1.0,-0.6999109028038693,-0.6999109028038693
4,coherent_2013,uniform_displayed_four,0.1861572265625,0.181640625,0.1905517578125,0.25,0.25,0.05008909719613075,0.05008909719613075
4,coherent_2013,uniform_sixteen,0.0625,0.0625,0.0625,0.0625,0.0625,0.23758909719613075,0.23758909719613075
4,coherent_2013,slot_rule,0.30322265625,0.28416748046875,0.32373046875,1.0,1.0,-0.6999109028038693,-0.6999109028038693
4,value_2013,semantic_original,0.2431640625,0.2265625,0.26025390625,1.0,0.25,-0.7527207971782988,0.06563933435534075
4,value_2013,uniform_displayed_four,0.1943359375,0.1900604248046875,0.198486328125,0.25,0.25,-0.0027207971782987617,0.06563933435534075
4,value_2013,uniform_sixteen,0.0625,0.0625,0.0625,0.0625,0.0625,0.18477920282170124,0.25313933435534075
4,value_2013,slot_rule,0.31640625,0.296875,0.33544921875,0.25,1.0,-0.0027207971782987617,-0.6843606656446592
4,coherent_2031,semantic_original,0.302734375,0.28466796875,0.32177734375,1.0,1.0,-0.7036251612754851,-0.7036251612754851
4,coherent_2031,uniform_displayed_four,0.190673828125,0.186279296875,0.195068359375,0.25,0.25,0.046374838724514866,0.046374838724514866
4,coherent_2031,uniform_sixteen,0.0625,0.0625,0.0625,0.0625,0.0625,0.23387483872451487,0.23387483872451487
4,coherent_2031,slot_rule,0.302734375,0.28466796875,0.32177734375,1.0,1.0,-0.7036251612754851,-0.7036251612754851
4,value_2031,semantic_original,0.16796875,0.15281982421875,0.18409423828124993,1.0,0.0,-0.8280776573275989,0.3212167584301013
4,value_2031,uniform_displayed_four,0.1956787109375,0.19140625,0.1998291015625,0.25,0.25,-0.07807765732759886,0.07121675843010128
4,value_2031,uniform_sixteen,0.0625,0.0625,0.0625,0.0625,0.0625,0.10942234267240114,0.2587167584301013
4,value_2031,slot_rule,0.32763671875,0.30906982421875,0.34716796875,0.0,1.0,0.17192234267240114,-0.6787832415698987
4,coherent_2103,semantic_original,0.314453125,0.294921875,0.333984375,1.0,1.0,-0.696517337538858,-0.696517337538858
4,coherent_2103,uniform_displayed_four,0.185791015625,0.181396484375,0.19018859863281248,0.25,0.25,0.05348266246114197,0.05348266246114197
4,coherent_2103,uniform_sixteen,0.0625,0.0625,0.0625,0.0625,0.0625,0.24098266246114197,0.24098266246114197
4,coherent_2103,slot_rule,0.314453125,0.294921875,0.333984375,1.0,1.0,-0.696517337538858,-0.696517337538858
4,value_2103,semantic_original,0.2919921875,0.27392578125,0.310546875,1.0,0.5,-0.7118315807066175,-0.17730979017743786
4,value_2103,uniform_displayed_four,0.195556640625,0.1914031982421875,0.1995849609375,0.25,0.25,0.03816841929338255,0.07269020982256214
4,value_2103,uniform_sixteen,0.0625,0.0625,0.0625,0.0625,0.0625,0.22566841929338255,0.26019020982256214
4,value_2103,slot_rule,0.3310546875,0.31103515625,0.35009765625,0.5,1.0,-0.21183158070661745,-0.6773097901774379
4,coherent_2130,semantic_original,0.28564453125,0.2666015625,0.3046875,1.0,1.0,-0.7168316911015379,-0.7168316911015379
4,coherent_2130,uniform_displayed_four,0.1890869140625,0.1844482421875,0.1934814453125,0.25,0.25,0.03316830889846212,0.03316830889846212
4,coherent_2130,uniform_sixteen,0.0625,0.0625,0.0625,0.0625,0.0625,0.22066830889846212,0.22066830889846212
4,coherent_2130,slot_rule,0.28564453125,0.2666015625,0.3046875,1.0,1.0,-0.7168316911015379,-0.7168316911015379
4,value_2130,semantic_original,0.1171875,0.103515625,0.13135986328124993,1.0,0.25,-0.8753129523236092,0.08226765775129152
4,value_2130,uniform_displayed_four,0.1954345703125,0.191162109375,0.19958801269531248,0.25,0.25,-0.12531295232360923,0.08226765775129152
4,value_2130,uniform_sixteen,0.0625,0.0625,0.0625,0.0625,0.0625,0.06218704767639077,0.2697676577512915
4,value_2130,slot_rule,0.3408203125,0.31982421875,0.3603515625,0.25,1.0,-0.12531295232360923,-0.6677323422487085
4,coherent_2301,semantic_original,0.32470703125,0.30615234375,0.34423828125,1.0,1.0,-0.6869713303400873,-0.6869713303400873
4,coherent_2301,uniform_displayed_four,0.192138671875,0.187744140625,0.19617004394531248,0.25,0.25,0.06302866965991272,0.06302866965991272
4,coherent_2301,uniform_sixteen,0.0625,0.0625,0.0625,0.0625,0.0625,0.2505286696599127,0.2505286696599127
4,coherent_2301,slot_rule,0.32470703125,0.30615234375,0.34423828125,1.0,1.0,-0.6869713303400873,-0.6869713303400873
4,value_2301,semantic_original,0.19287109375,0.17626953125,0.20947265625,1.0,0.0,-0.7985864958473787,0.32328462508469125
4,value_2301,uniform_displayed_four,0.1953125,0.19091796875,0.199462890625,0.25,0.25,-0.048586495847378786,0.07328462508469125
4,value_2301,uniform_sixteen,0.0625,0.0625,0.0625,0.0625,0.0625,0.13891350415262121,0.26078462508469125
4,value_2301,slot_rule,0.333984375,0.314453125,0.353515625,0.0,1.0,0.20141350415262121,-0.6767153749153088
4,coherent_2310,semantic_original,0.310546875,0.29248046875,0.32958984375,1.0,1.0,-0.6970197134615153,-0.6970197134615153
4,coherent_2310,uniform_displayed_four,0.193603515625,0.1892059326171875,0.19775390625,0.25,0.25,0.052980286538484744,0.052980286538484744
4,coherent_2310,uniform_sixteen,0.0625,0.0625,0.0625,0.0625,0.0625,0.24048028653848474,0.24048028653848474
4,coherent_2310,slot_rule,0.310546875,0.29248046875,0.32958984375,1.0,1.0,-0.6970197134615153,-0.6970197134615153
4,value_2310,semantic_original,0.10791015625,0.09375,0.12159423828124993,1.0,0.0,-0.8868800349782973,0.33084094149410465
4,value_2310,uniform_displayed_four,0.195556640625,0.1912811279296875,0.1995849609375,0.25,0.25,-0.13688003497829732,0.08084094149410465
4,value_2310,uniform_sixteen,0.0625,0.0625,0.0625,0.0625,0.0625,0.050619965021702684,0.26834094149410465
4,value_2310,slot_rule,0.34130859375,0.3212890625,0.36085205078124993,0.0,1.0,0.11311996502170268,-0.6691590585058953
4,coherent_3012,semantic_original,0.34326171875,0.32275390625,0.36279296875,1.0,1.0,-0.6624595671680946,-0.6624595671680946
4,coherent_3012,uniform_displayed_four,0.204833984375,0.200927734375,0.208740234375,0.25,0.25,0.08754043283190538,0.08754043283190538
4,coherent_3012,uniform_sixteen,0.0625,0.0625,0.0625,0.0625,0.0625,0.2750404328319054,0.2750404328319054
4,coherent_3012,slot_rule,0.34326171875,0.32275390625,0.36279296875,1.0,1.0,-0.6624595671680946,-0.6624595671680946
4,value_3012,semantic_original,0.123046875,0.10888671875,0.13671875,1.0,0.0,-0.8686043248150699,0.3169379921723199
4,value_3012,uniform_displayed_four,0.19482421875,0.1906707763671875,0.198974609375,0.25,0.25,-0.11860432481506994,0.06693799217231988
4,value_3012,uniform_sixteen,0.0625,0.0625,0.0625,0.0625,0.0625,0.06889567518493006,0.2544379921723199
4,value_3012,slot_rule,0.33251953125,0.31395263671875,0.353515625,0.0,1.0,0.13139567518493006,-0.6830620078276801
4,coherent_3021,semantic_original,0.3623046875,0.34228515625,0.3828125,1.0,1.0,-0.6512080027307053,-0.6512080027307053
4,coherent_3021,uniform_displayed_four,0.20849609375,0.2044677734375,0.21240234375,0.25,0.25,0.09879199726929466,0.09879199726929466
4,coherent_3021,uniform_sixteen,0.0625,0.0625,0.0625,0.0625,0.0625,0.28629199726929466,0.28629199726929466
4,coherent_3021,slot_rule,0.3623046875,0.34228515625,0.3828125,1.0,1.0,-0.6512080027307053,-0.6512080027307053
4,value_3021,semantic_original,0.25048828125,0.232421875,0.26807861328124993,1.0,0.25,-0.7491528968489101,0.07912961014414782
4,value_3021,uniform_displayed_four,0.196044921875,0.19189453125,0.2003173828125,0.25,0.25,0.0008471031510899341,0.07912961014414782
4,value_3021,uniform_sixteen,0.0625,0.0625,0.0625,0.0625,0.0625,0.18834710315108993,0.2666296101441478
4,value_3021,slot_rule,0.33837890625,0.31884765625,0.35694580078124993,0.25,1.0,0.0008471031510899341,-0.6708703898558521
4,coherent_3102,semantic_original,0.3505859375,0.33056640625,0.37060546875,1.0,1.0,-0.6552338525424584,-0.6552338525424584
4,coherent_3102,uniform_displayed_four,0.2061767578125,0.2021484375,0.20984191894531248,0.25,0.25,0.09476614745754164,0.09476614745754164
4,coherent_3102,uniform_sixteen,0.0625,0.0625,0.0625,0.0625,0.0625,0.28226614745754164,0.28226614745754164
4,coherent_3102,slot_rule,0.3505859375,0.33056640625,0.37060546875,1.0,1.0,-0.6552338525424584,-0.6552338525424584
4,value_3102,semantic_original,0.16650390625,0.1513671875,0.18214111328124993,1.0,0.25,-0.8306025735420416,0.07094698806095512
4,value_3102,uniform_displayed_four,0.195556640625,0.19140625,0.199951171875,0.25,0.25,-0.08060257354204159,0.07094698806095512
4,value_3102,uniform_sixteen,0.0625,0.0625,0.0625,0.0625,0.0625,0.10689742645795841,0.2584469880609551
4,value_3102,slot_rule,0.326171875,0.30712890625,0.345703125,0.25,1.0,-0.08060257354204159,-0.6790530119390449
4,coherent_3120,semantic_original,0.34716796875,0.32666015625,0.36767578125,1.0,1.0,-0.6633223153004043,-0.6633223153004043
4,coherent_3120,uniform_displayed_four,0.20556640625,0.20166015625,0.209716796875,0.25,0.25,0.08667768469959569,0.08667768469959569
4,coherent_3120,uniform_sixteen,0.0625,0.0625,0.0625,0.0625,0.0625,0.2741776846995957,0.2741776846995957
4,coherent_3120,slot_rule,0.34716796875,0.32666015625,0.36767578125,1.0,1.0,-0.6633223153004043,-0.6633223153004043
4,value_3120,semantic_original,0.20556640625,0.1884765625,0.22314453125,1.0,0.5,-0.7960650748780851,-0.16509222486434594
4,value_3120,uniform_displayed_four,0.196533203125,0.1923828125,0.2008056640625,0.25,0.25,-0.04606507487808509,0.08490777513565406
4,value_3120,uniform_sixteen,0.0625,0.0625,0.0625,0.0625,0.0625,0.1414349251219149,0.27240777513565406
4,value_3120,slot_rule,0.34423828125,0.32373046875,0.3642578125,0.5,1.0,-0.2960650748780851,-0.6650922248643459
4,coherent_3201,semantic_original,0.35498046875,0.333984375,0.375,1.0,1.0,-0.651689343893769,-0.651689343893769
4,coherent_3201,uniform_displayed_four,0.21142578125,0.20751953125,0.21533203125,0.25,0.25,0.09831065610623102,0.09831065610623102
4,coherent_3201,uniform_sixteen,0.0625,0.0625,0.0625,0.0625,0.0625,0.285810656106231,0.285810656106231
4,coherent_3201,slot_rule,0.35498046875,0.333984375,0.375,1.0,1.0,-0.651689343893769,-0.651689343893769
4,value_3201,semantic_original,0.20947265625,0.193359375,0.2255859375,1.0,0.0,-0.7870060563604288,0.3190077257240733
4,value_3201,uniform_displayed_four,0.1959228515625,0.191650390625,0.199951171875,0.25,0.25,-0.03700605636042875,0.06900772572407332
4,value_3201,uniform_sixteen,0.0625,0.0625,0.0625,0.0625,0.0625,0.15049394363957125,0.2565077257240733
4,value_3201,slot_rule,0.3291015625,0.310546875,0.34718017578124993,0.0,1.0,0.21299394363957125,-0.6809922742759267
4,coherent_3210,semantic_original,0.32666015625,0.30712890625,0.34669189453124993,1.0,1.0,-0.6790129217478865,-0.6790129217478865
4,coherent_3210,uniform_displayed_four,0.2086181640625,0.2044677734375,0.21240234375,0.25,0.25,0.07098707825211348,0.07098707825211348
4,coherent_3210,uniform_sixteen,0.0625,0.0625,0.0625,0.0625,0.0625,0.2584870782521135,0.2584870782521135
4,coherent_3210,slot_rule,0.32666015625,0.30712890625,0.34669189453124993,1.0,1.0,-0.6790129217478865,-0.6790129217478865
4,value_3210,semantic_original,0.1201171875,0.1064453125,0.1337890625,1.0,0.0,-0.876046706643297,0.3203278714276437
4,value_3210,uniform_displayed_four,0.1954345703125,0.1912841796875,0.1995849609375,0.25,0.25,-0.12604670664329698,0.07032787142764368
4,value_3210,uniform_sixteen,0.0625,0.0625,0.0625,0.0625,0.0625,0.06145329335670302,0.2578278714276437
4,value_3210,slot_rule,0.33056640625,0.31103515625,0.35009765625,0.0,1.0,0.12395329335670302,-0.6796721285723564
5,original_native,semantic_original,1.0,1.0,1.0,1.0,1.0,-0.0005690009274985641,-0.0005690009274985641
5,original_native,uniform_displayed_four,0.25,0.25,0.25,0.25,0.25,0.7494309990725014,0.7494309990725014
5,original_native,uniform_sixteen,0.0625,0.0625,0.0625,0.0625,0.0625,0.9369309990725014,0.9369309990725014
5,original_native,slot_rule,1.0,1.0,1.0,1.0,1.0,-0.0005690009274985641,-0.0005690009274985641
5,original_noop,semantic_original,1.0,1.0,1.0,1.0,1.0,-0.0005690009274985641,-0.0005690009274985641
5,original_noop,uniform_displayed_four,0.25,0.25,0.25,0.25,0.25,0.7494309990725014,0.7494309990725014
5,original_noop,uniform_sixteen,0.0625,0.0625,0.0625,0.0625,0.0625,0.9369309990725014,0.9369309990725014
5,original_noop,slot_rule,1.0,1.0,1.0,1.0,1.0,-0.0005690009274985641,-0.0005690009274985641
5,grouped_native,semantic_original,0.19287109375,0.1767578125,0.20947265625,1.0,1.0,-0.8154580899824568,-0.8154580899824568
5,grouped_native,uniform_displayed_four,0.1451416015625,0.1400115966796875,0.1500244140625,0.25,0.25,-0.06545808998245678,-0.06545808998245678
5,grouped_native,uniform_sixteen,0.0625,0.0625,0.0625,0.0625,0.0625,0.12204191001754322,0.12204191001754322
5,grouped_native,slot_rule,0.19287109375,0.1767578125,0.20947265625,1.0,1.0,-0.8154580899824568,-0.8154580899824568
5,grouped_canonical,semantic_original,0.58447265625,0.56689453125,0.6010864257812499,1.0,1.0,-0.42780183401503113,-0.42780183401503113
5,grouped_canonical,uniform_displayed_four,0.2105712890625,0.206787109375,0.214111328125,0.25,0.25,0.32219816598496887,0.32219816598496887
5,grouped_canonical,uniform_sixteen,0.0625,0.0625,0.0625,0.0625,0.0625,0.5096981659849689,0.5096981659849689
5,grouped_canonical,slot_rule,0.58447265625,0.56689453125,0.6010864257812499,1.0,1.0,-0.42780183401503113,-0.42780183401503113
5,coherent_0132,semantic_original,0.59814453125,0.58154296875,0.61474609375,1.0,1.0,-0.4153495256178832,-0.4153495256178832
5,coherent_0132,uniform_displayed_four,0.2132568359375,0.209716796875,0.2166748046875,0.25,0.25,0.3346504743821168,0.3346504743821168
5,coherent_0132,uniform_sixteen,0.0625,0.0625,0.0625,0.0625,0.0625,0.5221504743821168,0.5221504743821168
5,coherent_0132,slot_rule,0.59814453125,0.58154296875,0.61474609375,1.0,1.0,-0.4153495256178832,-0.4153495256178832
5,value_0132,semantic_original,0.1552734375,0.14208984375,0.16944580078124993,1.0,0.5,-0.8482160349423317,0.07277327137680079
5,value_0132,uniform_displayed_four,0.2109375,0.20703125,0.2144775390625,0.25,0.25,-0.09821603494233164,0.3227732713768008
5,value_0132,uniform_sixteen,0.0625,0.0625,0.0625,0.0625,0.0625,0.08928396505766836,0.5102732713768008
5,value_0132,slot_rule,0.5849609375,0.568359375,0.6025390625,0.5,1.0,-0.34821603494233166,-0.4272267286231992
5,coherent_0213,semantic_original,0.609375,0.5927734375,0.625,1.0,1.0,-0.407564295482135,-0.407564295482135
5,coherent_0213,uniform_displayed_four,0.216796875,0.2132568359375,0.2200927734375,0.25,0.25,0.342435704517865,0.342435704517865
5,coherent_0213,uniform_sixteen,0.0625,0.0625,0.0625,0.0625,0.0625,0.529935704517865,0.529935704517865
5,coherent_0213,slot_rule,0.609375,0.5927734375,0.625,1.0,1.0,-0.407564295482135,-0.407564295482135
5,value_0213,semantic_original,0.3154296875,0.30322265625,0.32763671875,1.0,0.5,-0.6909935627992265,0.0825497572349072
5,value_0213,uniform_displayed_four,0.2120361328125,0.2083740234375,0.215576171875,0.25,0.25,0.05900643720077353,0.3325497572349072
5,value_0213,uniform_sixteen,0.0625,0.0625,0.0625,0.0625,0.0625,0.24650643720077353,0.5200497572349072
5,value_0213,slot_rule,0.591796875,0.57421875,0.60888671875,0.5,1.0,-0.19099356279922647,-0.4174502427650928
5,coherent_0231,semantic_original,0.5947265625,0.57763671875,0.61181640625,1.0,1.0,-0.41790300009390213,-0.41790300009390213
5,coherent_0231,uniform_displayed_four,0.2177734375,0.2144775390625,0.2210693359375,0.25,0.25,0.33209699990609787,0.33209699990609787
5,coherent_0231,uniform_sixteen,0.0625,0.0625,0.0625,0.0625,0.0625,0.5195969999060979,0.5195969999060979
5,coherent_0231,slot_rule,0.5947265625,0.57763671875,0.61181640625,1.0,1.0,-0.41790300009390213,-0.41790300009390213
5,value_0231,semantic_original,0.0888671875,0.07763671875,0.1005859375,1.0,0.25,-0.9078646976751339,0.33116518661735517
5,value_0231,uniform_displayed_four,0.210693359375,0.20703125,0.2142333984375,0.25,0.25,-0.15786469767513395,0.33116518661735517
5,value_0231,uniform_sixteen,0.0625,0.0625,0.0625,0.0625,0.0625,0.029635302324866053,0.5186651866173552
5,value_0231,slot_rule,0.58935546875,0.57275390625,0.6064453125,0.25,1.0,-0.15786469767513395,-0.41883481338264483
5,coherent_0312,semantic_original,0.60595703125,0.58984375,0.6215942382812499,1.0,1.0,-0.40453385567806954,-0.40453385567806954
5,coherent_0312,uniform_displayed_four,0.216552734375,0.213134765625,0.219970703125,0.25,0.25,0.34546614432193046,0.34546614432193046
5,coherent_0312,uniform_sixteen,0.0625,0.0625,0.0625,0.0625,0.0625,0.5329661443219305,0.5329661443219305
5,coherent_0312,slot_rule,0.60595703125,0.58984375,0.6215942382812499,1.0,1.0,-0.40453385567806954,-0.40453385567806954
5,value_0312,semantic_original,0.05712890625,0.0478515625,0.06689453125,1.0,0.25,-0.9433986088919633,0.3287200466439649
5,value_0312,uniform_displayed_four,0.2113037109375,0.20751953125,0.21484680175781248,0.25,0.25,-0.19339860889196325,0.3287200466439649
5,value_0312,uniform_sixteen,0.0625,0.0625,0.0625,0.0625,0.0625,-0.005898608891963253,0.5162200466439649
5,value_0312,slot_rule,0.587890625,0.5703125,0.6044921875,0.25,1.0,-0.19339860889196325,-0.4212799533560351
5,coherent_0321,semantic_original,0.591796875,0.5751953125,0.6083984375,1.0,1.0,-0.4136320318379474,-0.4136320318379474
5,coherent_0321,uniform_displayed_four,0.2178955078125,0.2147216796875,0.22119445800781248,0.25,0.25,0.3363679681620526,0.3363679681620526
5,coherent_0321,uniform_sixteen,0.0625,0.0625,0.0625,0.0625,0.0625,0.5238679681620526,0.5238679681620526
5,coherent_0321,slot_rule,0.591796875,0.5751953125,0.6083984375,1.0,1.0,-0.4136320318379474,-0.4136320318379474
5,value_0321,semantic_original,0.25732421875,0.24365234375,0.271484375,1.0,0.5,-0.7388661757318816,0.07516884593853468
5,value_0321,uniform_displayed_four,0.2109375,0.207275390625,0.2144775390625,0.25,0.25,0.011133824268118375,0.3251688459385347
5,value_0321,uniform_sixteen,0.0625,0.0625,0.0625,0.0625,0.0625,0.19863382426811838,0.5126688459385347
5,value_0321,slot_rule,0.58349609375,0.5673828125,0.60009765625,0.5,1.0,-0.23886617573188162,-0.4248311540614653
5,coherent_1023,semantic_original,0.54638671875,0.53076171875,0.5625,1.0,1.0,-0.46293618588656515,-0.46293618588656515
5,coherent_1023,uniform_displayed_four,0.2064208984375,0.2025146484375,0.210205078125,0.25,0.25,0.28706381411343485,0.28706381411343485
5,coherent_1023,uniform_sixteen,0.0625,0.0625,0.0625,0.0625,0.0625,0.47456381411343485,0.47456381411343485
5,coherent_1023,slot_rule,0.54638671875,0.53076171875,0.5625,1.0,1.0,-0.46293618588656515,-0.46293618588656515
5,value_1023,semantic_original,0.48828125,0.4736328125,0.5029418945312499,1.0,0.5,-0.5202385494090079,0.07407472110147895
5,value_1023,uniform_displayed_four,0.2117919921875,0.208251953125,0.21533203125,0.25,0.25,0.22976145059099207,0.32407472110147895
5,value_1023,uniform_sixteen,0.0625,0.0625,0.0625,0.0625,0.0625,0.41726145059099207,0.511574721101479
5,value_1023,slot_rule,0.58642578125,0.56884765625,0.6025390625,0.5,1.0,-0.020238549409007933,-0.42592527889852105
5,coherent_1032,semantic_original,0.56689453125,0.55078125,0.583984375,1.0,1.0,-0.44949498282266465,-0.44949498282266465
5,coherent_1032,uniform_displayed_four,0.2095947265625,0.2061737060546875,0.213134765625,0.25,0.25,0.30050501717733535,0.30050501717733535
5,coherent_1032,uniform_sixteen,0.0625,0.0625,0.0625,0.0625,0.0625,0.48800501717733535,0.48800501717733535
5,coherent_1032,slot_rule,0.56689453125,0.55078125,0.583984375,1.0,1.0,-0.44949498282266465,-0.44949498282266465
5,value_1032,semantic_original,0.0673828125,0.05712890625,0.07861328125,1.0,0.0,-0.9364724533642346,0.575464737765105
5,value_1032,uniform_displayed_four,0.21240234375,0.208984375,0.21594543457031248,0.25,0.25,-0.1864724533642346,0.325464737765105
5,value_1032,uniform_sixteen,0.0625,0.0625,0.0625,0.0625,0.0625,0.0010275466357654028,0.512964737765105
5,value_1032,slot_rule,0.58935546875,0.57177734375,0.6064575195312499,0.0,1.0,0.0635275466357654,-0.424535262234895
5,coherent_1203,semantic_original,0.564453125,0.5478515625,0.57958984375,1.0,1.0,-0.4460592906364922,-0.4460592906364922
5,coherent_1203,uniform_displayed_four,0.2088623046875,0.205322265625,0.2125244140625,0.25,0.25,0.3039407093635078,0.3039407093635078
5,coherent_1203,uniform_sixteen,0.0625,0.0625,0.0625,0.0625,0.0625,0.4914407093635078,0.4914407093635078
5,coherent_1203,slot_rule,0.564453125,0.5478515625,0.57958984375,1.0,1.0,-0.4460592906364922,-0.4460592906364922
5,value_1203,semantic_original,0.33544921875,0.3212890625,0.34962158203124993,1.0,0.25,-0.6690885992281028,0.3285684184437595
5,value_1203,uniform_displayed_four,0.212158203125,0.2087371826171875,0.2156982421875,0.25,0.25,0.08091140077189718,0.3285684184437595
5,value_1203,uniform_sixteen,0.0625,0.0625,0.0625,0.0625,0.0625,0.2684114007718972,0.5160684184437595
5,value_1203,slot_rule,0.587890625,0.57080078125,0.6044921875,0.25,1.0,0.08091140077189718,-0.4214315815562405
5,coherent_1230,semantic_original,0.55517578125,0.53857421875,0.572265625,1.0,1.0,-0.4545281410264943,-0.4545281410264943
5,coherent_1230,uniform_displayed_four,0.2130126953125,0.2093505859375,0.2166748046875,0.25,0.25,0.2954718589735057,0.2954718589735057
5,coherent_1230,uniform_sixteen,0.0625,0.0625,0.0625,0.0625,0.0625,0.4829718589735057,0.4829718589735057
5,coherent_1230,slot_rule,0.55517578125,0.53857421875,0.572265625,1.0,1.0,-0.4545281410264943,-0.4545281410264943
5,value_1230,semantic_original,0.08837890625,0.076171875,0.1005859375,1.0,0.0,-0.9158822005867961,0.5743346211627289
5,value_1230,uniform_displayed_four,0.2120361328125,0.2086181640625,0.215576171875,0.25,0.25,-0.16588220058679612,0.32433462116272893
5,value_1230,uniform_sixteen,0.0625,0.0625,0.0625,0.0625,0.0625,0.02161779941320388,0.5118346211627289
5,value_1230,slot_rule,0.58349609375,0.5673828125,0.6005859375,0.0,1.0,0.08411779941320388,-0.42566537883727107
5,coherent_1302,semantic_original,0.57470703125,0.5576171875,0.591796875,1.0,1.0,-0.4375857961805172,-0.4375857961805172
5,coherent_1302,uniform_displayed_four,0.2130126953125,0.20947265625,0.21630859375,0.25,0.25,0.3124142038194828,0.3124142038194828
5,coherent_1302,uniform_sixteen,0.0625,0.0625,0.0625,0.0625,0.0625,0.4999142038194828,0.4999142038194828
5,coherent_1302,slot_rule,0.57470703125,0.5576171875,0.591796875,1.0,1.0,-0.4375857961805172,-0.4375857961805172
5,value_1302,semantic_original,0.0888671875,0.07666015625,0.10205078125,1.0,0.0,-0.9107531736974972,0.5767741318629136
5,value_1302,uniform_displayed_four,0.21240234375,0.208984375,0.2159423828125,0.25,0.25,-0.16075317369749723,0.3267741318629136
5,value_1302,uniform_sixteen,0.0625,0.0625,0.0625,0.0625,0.0625,0.026746826302502774,0.5142741318629136
5,value_1302,slot_rule,0.58642578125,0.5693359375,0.60302734375,0.0,1.0,0.08924682630250277,-0.4232258681370864
5,coherent_1320,semantic_original,0.5673828125,0.5498046875,0.583984375,1.0,1.0,-0.44222005846518053,-0.44222005846518053
5,coherent_1320,uniform_displayed_four,0.2169189453125,0.213623046875,0.22021484375,0.25,0.25,0.30777994153481947,0.30777994153481947
5,coherent_1320,uniform_sixteen,0.0625,0.0625,0.0625,0.0625,0.0625,0.49527994153481947,0.49527994153481947
5,coherent_1320,slot_rule,0.5673828125,0.5498046875,0.583984375,1.0,1.0,-0.44222005846518053,-0.44222005846518053
5,value_1320,semantic_original,0.263671875,0.2509765625,0.27685546875,1.0,0.25,-0.7394418038919099,0.3243375143178684
5,value_1320,uniform_displayed_four,0.2120361328125,0.20849609375,0.2156982421875,0.25,0.25,0.010558196108090057,0.3243375143178684
5,value_1320,uniform_sixteen,0.0625,0.0625,0.0625,0.0625,0.0625,0.19805819610809006,0.5118375143178684
5,value_1320,slot_rule,0.58154296875,0.56541748046875,0.59765625,0.25,1.0,0.010558196108090057,-0.4256624856821316
5,coherent_2013,semantic_original,0.59326171875,0.57666015625,0.609375,1.0,1.0,-0.4159560572758728,-0.4159560572758728
5,coherent_2013,uniform_displayed_four,0.21728515625,0.2139862060546875,0.2205810546875,0.25,0.25,0.3340439427241272,0.3340439427241272
5,coherent_2013,uniform_sixteen,0.0625,0.0625,0.0625,0.0625,0.0625,0.5215439427241272,0.5215439427241272
5,coherent_2013,slot_rule,0.59326171875,0.57666015625,0.609375,1.0,1.0,-0.4159560572758728,-0.4159560572758728
5,value_2013,semantic_original,0.31005859375,0.298828125,0.32177734375,1.0,0.25,-0.6962179296408033,0.323615615537755
5,value_2013,uniform_displayed_four,0.212158203125,0.2086181640625,0.2156982421875,0.25,0.25,0.05378207035919663,0.323615615537755
5,value_2013,uniform_sixteen,0.0625,0.0625,0.0625,0.0625,0.0625,0.24128207035919663,0.511115615537755
5,value_2013,slot_rule,0.58740234375,0.57080078125,0.60400390625,0.25,1.0,0.05378207035919663,-0.426384384462245
5,coherent_2031,semantic_original,0.58251953125,0.56591796875,0.5996215820312499,1.0,1.0,-0.42592021734434826,-0.42592021734434826
5,coherent_2031,uniform_displayed_four,0.21630859375,0.2127655029296875,0.2198486328125,0.25,0.25,0.32407978265565174,0.32407978265565174
5,coherent_2031,uniform_sixteen,0.0625,0.0625,0.0625,0.0625,0.0625,0.5115797826556517,0.5115797826556517
5,coherent_2031,slot_rule,0.58251953125,0.56591796875,0.5996215820312499,1.0,1.0,-0.42592021734434826,-0.42592021734434826
5,value_2031,semantic_original,0.08056640625,0.0703125,0.09228515625,1.0,0.0,-0.9145668060368032,0.5722941804193975
5,value_2031,uniform_displayed_four,0.2109375,0.2072723388671875,0.2144775390625,0.25,0.25,-0.16456680603680318,0.3222941804193975
5,value_2031,uniform_sixteen,0.0625,0.0625,0.0625,0.0625,0.0625,0.02293319396319682,0.5097941804193975
5,value_2031,slot_rule,0.58837890625,0.57080078125,0.6064453125,0.0,1.0,0.08543319396319682,-0.4277058195806025
5,coherent_2103,semantic_original,0.58544921875,0.56834716796875,0.60205078125,1.0,1.0,-0.42703525185503666,-0.42703525185503666
5,coherent_2103,uniform_displayed_four,0.21435546875,0.2109375,0.218017578125,0.25,0.25,0.32296474814496334,0.32296474814496334
5,coherent_2103,uniform_sixteen,0.0625,0.0625,0.0625,0.0625,0.0625,0.5104647481449633,0.5104647481449633
5,coherent_2103,slot_rule,0.58544921875,0.56834716796875,0.60205078125,1.0,1.0,-0.42703525185503666,-0.42703525185503666
5,value_2103,semantic_original,0.43505859375,0.41845703125,0.45216064453124993,1.0,0.5,-0.5733801023088854,0.06822625155751705
5,value_2103,uniform_displayed_four,0.2113037109375,0.2076416015625,0.21472473144531248,0.25,0.25,0.17661989769111464,0.31822625155751705
5,value_2103,uniform_sixteen,0.0625,0.0625,0.0625,0.0625,0.0625,0.36411989769111464,0.505726251557517
5,value_2103,slot_rule,0.57861328125,0.56201171875,0.59521484375,0.5,1.0,-0.07338010230888536,-0.43177374844248295
5,coherent_2130,semantic_original,0.57861328125,0.56005859375,0.5966796875,1.0,1.0,-0.42834150014602956,-0.42834150014602956
5,coherent_2130,uniform_displayed_four,0.2176513671875,0.214111328125,0.22095031738281248,0.25,0.25,0.32165849985397044,0.32165849985397044
5,coherent_2130,uniform_sixteen,0.0625,0.0625,0.0625,0.0625,0.0625,0.5091584998539704,0.5091584998539704
5,coherent_2130,slot_rule,0.57861328125,0.56005859375,0.5966796875,1.0,1.0,-0.42834150014602956,-0.42834150014602956
5,value_2130,semantic_original,0.17529296875,0.1611328125,0.18994140625,1.0,0.25,-0.8286692074583876,0.3188495360154209
5,value_2130,uniform_displayed_four,0.2110595703125,0.2073974609375,0.214599609375,0.25,0.25,-0.0786692074583876,0.3188495360154209
5,value_2130,uniform_sixteen,0.0625,0.0625,0.0625,0.0625,0.0625,0.1088307925416124,0.5063495360154209
5,value_2130,slot_rule,0.57421875,0.55810546875,0.59130859375,0.25,1.0,-0.0786692074583876,-0.4311504639845791
5,coherent_2301,semantic_original,0.60986328125,0.5927734375,0.6274536132812499,1.0,1.0,-0.3999767438677304,-0.3999767438677304
5,coherent_2301,uniform_displayed_four,0.2220458984375,0.2186279296875,0.225341796875,0.25,0.25,0.3500232561322696,0.3500232561322696
5,coherent_2301,uniform_sixteen,0.0625,0.0625,0.0625,0.0625,0.0625,0.5375232561322696,0.5375232561322696
5,coherent_2301,slot_rule,0.60986328125,0.5927734375,0.6274536132812499,1.0,1.0,-0.3999767438677304,-0.3999767438677304
5,value_2301,semantic_original,0.115234375,0.10205078125,0.12939453125,1.0,0.0,-0.8825877997972427,0.5713875915211835
5,value_2301,uniform_displayed_four,0.2117919921875,0.2082489013671875,0.21533203125,0.25,0.25,-0.13258779979724272,0.32138759152118346
5,value_2301,uniform_sixteen,0.0625,0.0625,0.0625,0.0625,0.0625,0.05491220020275728,0.5088875915211835
5,value_2301,slot_rule,0.58447265625,0.56689453125,0.60107421875,0.0,1.0,0.11741220020275728,-0.42861240847881654
5,coherent_2310,semantic_original,0.59814453125,0.5810546875,0.61572265625,1.0,1.0,-0.4145487001802586,-0.4145487001802586
5,coherent_2310,uniform_displayed_four,0.2236328125,0.2203369140625,0.2269287109375,0.25,0.25,0.3354512998197414,0.3354512998197414
5,coherent_2310,uniform_sixteen,0.0625,0.0625,0.0625,0.0625,0.0625,0.5229512998197414,0.5229512998197414
5,coherent_2310,slot_rule,0.59814453125,0.5810546875,0.61572265625,1.0,1.0,-0.4145487001802586,-0.4145487001802586
5,value_2310,semantic_original,0.07666015625,0.06591796875,0.087890625,1.0,0.0,-0.9249420348893498,0.5754949136831549
5,value_2310,uniform_displayed_four,0.211669921875,0.2080078125,0.2152099609375,0.25,0.25,-0.17494203488934973,0.32549491368315486
5,value_2310,uniform_sixteen,0.0625,0.0625,0.0625,0.0625,0.0625,0.012557965110650271,0.5129949136831549
5,value_2310,slot_rule,0.58056640625,0.5634765625,0.5966796875,0.0,1.0,0.07505796511065027,-0.42450508631684514
5,coherent_3012,semantic_original,0.60107421875,0.5849609375,0.61669921875,1.0,1.0,-0.40516393278985885,-0.40516393278985885
5,coherent_3012,uniform_displayed_four,0.2188720703125,0.2156951904296875,0.2220458984375,0.25,0.25,0.34483606721014115,0.34483606721014115
5,coherent_3012,uniform_sixteen,0.0625,0.0625,0.0625,0.0625,0.0625,0.5323360672101412,0.5323360672101412
5,coherent_3012,slot_rule,0.60107421875,0.5849609375,0.61669921875,1.0,1.0,-0.40516393278985885,-0.40516393278985885
5,value_3012,semantic_original,0.06884765625,0.05810546875,0.080078125,1.0,0.0,-0.9317164746904893,0.5753860428484261
5,value_3012,uniform_displayed_four,0.2113037109375,0.20751953125,0.2149658203125,0.25,0.25,-0.1817164746904894,0.3253860428484261
5,value_3012,uniform_sixteen,0.0625,0.0625,0.0625,0.0625,0.0625,0.005783525309510595,0.5128860428484261
5,value_3012,slot_rule,0.587890625,0.5703125,0.6045043945312499,0.0,1.0,0.0682835253095106,-0.4246139571515739
5,coherent_3021,semantic_original,0.59423828125,0.5771484375,0.611328125,1.0,1.0,-0.41326143997809417,-0.41326143997809417
5,coherent_3021,uniform_displayed_four,0.2186279296875,0.21533203125,0.2220458984375,0.25,0.25,0.33673856002190583,0.33673856002190583
5,coherent_3021,uniform_sixteen,0.0625,0.0625,0.0625,0.0625,0.0625,0.5242385600219058,0.5242385600219058
5,coherent_3021,slot_rule,0.59423828125,0.5771484375,0.611328125,1.0,1.0,-0.41326143997809417,-0.41326143997809417
5,value_3021,semantic_original,0.2724609375,0.2587890625,0.28565673828124993,1.0,0.25,-0.7275305541818787,0.3262560844873271
5,value_3021,uniform_displayed_four,0.211181640625,0.2075164794921875,0.2147216796875,0.25,0.25,0.02246944581812127,0.3262560844873271
5,value_3021,uniform_sixteen,0.0625,0.0625,0.0625,0.0625,0.0625,0.20996944581812127,0.5137560844873271
5,value_3021,slot_rule,0.59033203125,0.5732421875,0.607421875,0.25,1.0,0.02246944581812127,-0.4237439155126729
5,coherent_3102,semantic_original,0.58154296875,0.564453125,0.59765625,1.0,1.0,-0.4277217689138242,-0.4277217689138242
5,coherent_3102,uniform_displayed_four,0.2188720703125,0.215576171875,0.22216796875,0.25,0.25,0.3222782310861758,0.3222782310861758
5,coherent_3102,uniform_sixteen,0.0625,0.0625,0.0625,0.0625,0.0625,0.5097782310861758,0.5097782310861758
5,coherent_3102,slot_rule,0.58154296875,0.564453125,0.59765625,1.0,1.0,-0.4277217689138242,-0.4277217689138242
5,value_3102,semantic_original,0.19482421875,0.17919921875,0.2109375,1.0,0.25,-0.8121331113164649,0.32278501023962725
5,value_3102,uniform_displayed_four,0.2110595703125,0.2073974609375,0.214599609375,0.25,0.25,-0.06213311131646487,0.32278501023962725
5,value_3102,uniform_sixteen,0.0625,0.0625,0.0625,0.0625,0.0625,0.12536688868353513,0.5102850102396272
5,value_3102,slot_rule,0.58154296875,0.56494140625,0.59814453125,0.25,1.0,-0.06213311131646487,-0.42721498976037275
5,coherent_3120,semantic_original,0.57958984375,0.5634765625,0.5971801757812499,1.0,1.0,-0.4283954354231001,-0.4283954354231001
5,coherent_3120,uniform_displayed_four,0.218994140625,0.2156982421875,0.22216796875,0.25,0.25,0.3216045645768999,0.3216045645768999
5,coherent_3120,uniform_sixteen,0.0625,0.0625,0.0625,0.0625,0.0625,0.5091045645768999,0.5091045645768999
5,coherent_3120,slot_rule,0.57958984375,0.5634765625,0.5971801757812499,1.0,1.0,-0.4283954354231001,-0.4283954354231001
5,value_3120,semantic_original,0.3720703125,0.35595703125,0.38818359375,1.0,0.5,-0.6365373231430971,0.07251496746763819
5,value_3120,uniform_displayed_four,0.2105712890625,0.206787109375,0.2142333984375,0.25,0.25,0.11346267685690287,0.3225149674676382
5,value_3120,uniform_sixteen,0.0625,0.0625,0.0625,0.0625,0.0625,0.30096267685690287,0.5100149674676382
5,value_3120,slot_rule,0.58056640625,0.56396484375,0.59716796875,0.5,1.0,-0.13653732314309713,-0.4274850325323618
5,coherent_3201,semantic_original,0.60546875,0.5888671875,0.6220703125,1.0,1.0,-0.4070401567879318,-0.4070401567879318
5,coherent_3201,uniform_displayed_four,0.226806640625,0.223876953125,0.2298583984375,0.25,0.25,0.3429598432120682,0.3429598432120682
5,coherent_3201,uniform_sixteen,0.0625,0.0625,0.0625,0.0625,0.0625,0.5304598432120682,0.5304598432120682
5,coherent_3201,slot_rule,0.60546875,0.5888671875,0.6220703125,1.0,1.0,-0.4070401567879318,-0.4070401567879318
5,value_3201,semantic_original,0.1279296875,0.11376953125,0.14161376953124993,1.0,0.0,-0.8735332721845129,0.579822402753032
5,value_3201,uniform_displayed_four,0.2109375,0.207275390625,0.2144775390625,0.25,0.25,-0.12353327218451293,0.329822402753032
5,value_3201,uniform_sixteen,0.0625,0.0625,0.0625,0.0625,0.0625,0.06396672781548707,0.517322402753032
5,value_3201,slot_rule,0.58837890625,0.57176513671875,0.6044921875,0.0,1.0,0.12646672781548707,-0.420177597246968
5,coherent_3210,semantic_original,0.61279296875,0.59716796875,0.62939453125,1.0,1.0,-0.3947202270421881,-0.3947202270421881
5,coherent_3210,uniform_displayed_four,0.226806640625,0.2236328125,0.2298583984375,0.25,0.25,0.3552797729578119,0.3552797729578119
5,coherent_3210,uniform_sixteen,0.0625,0.0625,0.0625,0.0625,0.0625,0.5427797729578119,0.5427797729578119
5,coherent_3210,slot_rule,0.61279296875,0.59716796875,0.62939453125,1.0,1.0,-0.3947202270421881,-0.3947202270421881
5,value_3210,semantic_original,0.091796875,0.07958984375,0.10401611328124993,1.0,0.0,-0.9107932846269188,0.5768314824163278
5,value_3210,uniform_displayed_four,0.21142578125,0.207763671875,0.2149658203125,0.25,0.25,-0.16079328462691878,0.32683148241632776
5,value_3210,uniform_sixteen,0.0625,0.0625,0.0625,0.0625,0.0625,0.026706715373081225,0.5143314824163278
5,value_3210,slot_rule,0.5830078125,0.5673828125,0.5996215820312499,0.0,1.0,0.08920671537308122,-0.42316851758367224
