seed,condition,family,primary_group,metric,forecast,observed,error,absolute_error,within_tolerance
0,grouped_canonical,reference,,original_probability,0.95,0.5223412246901458,-0.4276587753098542,0.4276587753098542,False
0,grouped_canonical,reference,,slot_probability,0.95,0.5223412246901458,-0.4276587753098542,0.4276587753098542,False
0,grouped_canonical,reference,,original_accuracy,0.97,0.5390625,-0.4309375,0.4309375,False
0,grouped_canonical,reference,,slot_accuracy,0.97,0.5390625,-0.4309375,0.4309375,False
0,coherent_0132,coherent,,original_probability,0.95,0.5243331509893524,-0.42566684901064755,0.42566684901064755,False
0,coherent_0132,coherent,,slot_probability,0.95,0.5243331509893524,-0.42566684901064755,0.42566684901064755,False
0,coherent_0132,coherent,,original_accuracy,0.97,0.53369140625,-0.43630859375,0.43630859375,False
0,coherent_0132,coherent,,slot_accuracy,0.97,0.53369140625,-0.43630859375,0.43630859375,False
0,value_0132,value_only,,original_probability,0.49,0.16266353221135607,-0.3273364677886439,0.3273364677886439,False
0,value_0132,value_only,,slot_probability,0.95,0.5257477058190781,-0.4242522941809218,0.4242522941809218,False
0,value_0132,value_only,,original_accuracy,0.49,0.1728515625,-0.3171484375,0.3171484375,False
0,value_0132,value_only,,slot_accuracy,0.97,0.5439453125,-0.4260546875,0.4260546875,False
0,coherent_0213,coherent,,original_probability,0.95,0.5191370823365289,-0.43086291766347107,0.43086291766347107,False
0,coherent_0213,coherent,,slot_probability,0.95,0.5191370823365289,-0.43086291766347107,0.43086291766347107,False
0,coherent_0213,coherent,,original_accuracy,0.97,0.5322265625,-0.4377734375,0.4377734375,False
0,coherent_0213,coherent,,slot_accuracy,0.97,0.5322265625,-0.4377734375,0.4377734375,False
0,value_0213,value_only,,original_probability,0.49,0.26191253743495785,-0.22808746256504214,0.22808746256504214,False
0,value_0213,value_only,,slot_probability,0.95,0.5251768429343683,-0.4248231570656317,0.4248231570656317,False
0,value_0213,value_only,,original_accuracy,0.49,0.27197265625,-0.21802734375,0.21802734375,False
0,value_0213,value_only,,slot_accuracy,0.97,0.53515625,-0.43484375,0.43484375,False
0,coherent_0231,coherent,,original_probability,0.95,0.5078482826843654,-0.4421517173156345,0.4421517173156345,False
0,coherent_0231,coherent,,slot_probability,0.95,0.5078482826843654,-0.4421517173156345,0.4421517173156345,False
0,coherent_0231,coherent,,original_accuracy,0.97,0.517578125,-0.452421875,0.452421875,False
0,coherent_0231,coherent,,slot_accuracy,0.97,0.517578125,-0.452421875,0.452421875,False
0,value_0231,value_only,,slot_probability,0.95,0.5317640371989059,-0.4182359628010941,0.4182359628010941,False
0,value_0231,value_only,,slot_accuracy,0.97,0.54736328125,-0.42263671875,0.42263671875,False
0,coherent_0312,coherent,,original_probability,0.95,0.5284848096726165,-0.4215151903273835,0.4215151903273835,False
0,coherent_0312,coherent,,slot_probability,0.95,0.5284848096726165,-0.4215151903273835,0.4215151903273835,False
0,coherent_0312,coherent,,original_accuracy,0.97,0.541015625,-0.428984375,0.428984375,False
0,coherent_0312,coherent,,slot_accuracy,0.97,0.541015625,-0.428984375,0.428984375,False
0,value_0312,value_only,,original_probability,0.26,0.09137055444403702,-0.168629445555963,0.168629445555963,False
0,value_0312,value_only,,slot_probability,0.95,0.5280810147331927,-0.42191898526680727,0.42191898526680727,False
0,value_0312,value_only,,original_accuracy,0.25,0.09619140625,-0.15380859375,0.15380859375,False
0,value_0312,value_only,,slot_accuracy,0.97,0.54443359375,-0.42556640625,0.42556640625,False
0,coherent_0321,coherent,,original_probability,0.95,0.5193084715387118,-0.4306915284612881,0.4306915284612881,False
0,coherent_0321,coherent,,slot_probability,0.95,0.5193084715387118,-0.4306915284612881,0.4306915284612881,False
0,coherent_0321,coherent,,original_accuracy,0.97,0.53369140625,-0.43630859375,0.43630859375,False
0,coherent_0321,coherent,,slot_accuracy,0.97,0.53369140625,-0.43630859375,0.43630859375,False
0,value_0321,value_only,,original_probability,0.49,0.3174405026662135,-0.1725594973337865,0.1725594973337865,False
0,value_0321,value_only,,slot_probability,0.95,0.530572066975413,-0.4194279330245869,0.4194279330245869,False
0,value_0321,value_only,,original_accuracy,0.49,0.32568359375,-0.16431640625,0.16431640625,False
0,value_0321,value_only,,slot_accuracy,0.97,0.5498046875,-0.4201953125,0.4201953125,False
0,coherent_1023,coherent,,original_probability,0.95,0.49105055542388776,-0.4589494445761122,0.4589494445761122,False
0,coherent_1023,coherent,,slot_probability,0.95,0.49105055542388776,-0.4589494445761122,0.4589494445761122,False
0,coherent_1023,coherent,,original_accuracy,0.97,0.5009765625,-0.4690234375,0.4690234375,False
0,coherent_1023,coherent,,slot_accuracy,0.97,0.5009765625,-0.4690234375,0.4690234375,False
0,value_1023,value_only,,slot_probability,0.95,0.5299561466932088,-0.42004385330679117,0.42004385330679117,False
0,value_1023,value_only,,slot_accuracy,0.97,0.54150390625,-0.42849609375,0.42849609375,False
0,coherent_1032,coherent,coherent_control,original_probability,0.95,0.49843846722870566,-0.4515615327712943,0.4515615327712943,False
0,coherent_1032,coherent,coherent_control,slot_probability,0.95,0.49843846722870566,-0.4515615327712943,0.4515615327712943,False
0,coherent_1032,coherent,coherent_control,original_accuracy,0.97,0.51416015625,-0.45583984375,0.45583984375,False
0,coherent_1032,coherent,coherent_control,slot_accuracy,0.97,0.51416015625,-0.45583984375,0.45583984375,False
0,value_1032,value_only,value_derangement,slot_probability,0.95,0.5284461985885982,-0.42155380141140175,0.42155380141140175,False
0,value_1032,value_only,value_derangement,slot_accuracy,0.97,0.5439453125,-0.4260546875,0.4260546875,False
0,coherent_1203,coherent,,original_probability,0.95,0.49276729861068747,-0.4572327013893125,0.4572327013893125,False
0,coherent_1203,coherent,,slot_probability,0.95,0.49276729861068747,-0.4572327013893125,0.4572327013893125,False
0,coherent_1203,coherent,,original_accuracy,0.97,0.505859375,-0.464140625,0.464140625,False
0,coherent_1203,coherent,,slot_accuracy,0.97,0.505859375,-0.464140625,0.464140625,False
0,value_1203,value_only,,slot_probability,0.95,0.5369096491069802,-0.4130903508930197,0.4130903508930197,False
0,value_1203,value_only,,slot_accuracy,0.97,0.54345703125,-0.42654296875,0.42654296875,False
0,coherent_1230,coherent,coherent_control,original_probability,0.95,0.502186743039365,-0.447813256960635,0.447813256960635,False
0,coherent_1230,coherent,coherent_control,slot_probability,0.95,0.502186743039365,-0.447813256960635,0.447813256960635,False
0,coherent_1230,coherent,coherent_control,original_accuracy,0.97,0.517578125,-0.452421875,0.452421875,False
0,coherent_1230,coherent,coherent_control,slot_accuracy,0.97,0.517578125,-0.452421875,0.452421875,False
0,value_1230,value_only,value_derangement,slot_probability,0.95,0.5326423757817442,-0.41735762421825573,0.41735762421825573,False
0,value_1230,value_only,value_derangement,slot_accuracy,0.97,0.54296875,-0.42703125,0.42703125,False
0,coherent_1302,coherent,coherent_control,original_probability,0.95,0.5219519947832966,-0.4280480052167034,0.4280480052167034,False
0,coherent_1302,coherent,coherent_control,slot_probability,0.95,0.5219519947832966,-0.4280480052167034,0.4280480052167034,False
0,coherent_1302,coherent,coherent_control,original_accuracy,0.97,0.537109375,-0.432890625,0.432890625,False
0,coherent_1302,coherent,coherent_control,slot_accuracy,0.97,0.537109375,-0.432890625,0.432890625,False
0,value_1302,value_only,value_derangement,slot_probability,0.95,0.5322692308412604,-0.4177307691587395,0.4177307691587395,False
0,value_1302,value_only,value_derangement,slot_accuracy,0.97,0.54150390625,-0.42849609375,0.42849609375,False
0,coherent_1320,coherent,,original_probability,0.95,0.5005988328942922,-0.44940116710570777,0.44940116710570777,False
0,coherent_1320,coherent,,slot_probability,0.95,0.5005988328942922,-0.44940116710570777,0.44940116710570777,False
0,coherent_1320,coherent,,original_accuracy,0.97,0.51025390625,-0.45974609375,0.45974609375,False
0,coherent_1320,coherent,,slot_accuracy,0.97,0.51025390625,-0.45974609375,0.45974609375,False
0,value_1320,value_only,,slot_probability,0.95,0.5363217179865873,-0.4136782820134126,0.4136782820134126,False
0,value_1320,value_only,,slot_accuracy,0.97,0.55419921875,-0.41580078125,0.41580078125,False
0,coherent_2013,coherent,,original_probability,0.95,0.4776522062328926,-0.47234779376710734,0.47234779376710734,False
0,coherent_2013,coherent,,slot_probability,0.95,0.4776522062328926,-0.47234779376710734,0.47234779376710734,False
0,coherent_2013,coherent,,original_accuracy,0.97,0.4873046875,-0.4826953125,0.4826953125,False
0,coherent_2013,coherent,,slot_accuracy,0.97,0.4873046875,-0.4826953125,0.4826953125,False
0,value_2013,value_only,,slot_probability,0.95,0.5244567898758434,-0.4255432101241565,0.4255432101241565,False
0,value_2013,value_only,,slot_accuracy,0.97,0.53515625,-0.43484375,0.43484375,False
0,coherent_2031,coherent,coherent_control,original_probability,0.95,0.4818042391026598,-0.46819576089734016,0.46819576089734016,False
0,coherent_2031,coherent,coherent_control,slot_probability,0.95,0.4818042391026598,-0.46819576089734016,0.46819576089734016,False
0,coherent_2031,coherent,coherent_control,original_accuracy,0.97,0.5009765625,-0.4690234375,0.4690234375,False
0,coherent_2031,coherent,coherent_control,slot_accuracy,0.97,0.5009765625,-0.4690234375,0.4690234375,False
0,value_2031,value_only,value_derangement,slot_probability,0.95,0.5339087284782664,-0.41609127152173353,0.41609127152173353,False
0,value_2031,value_only,value_derangement,slot_accuracy,0.97,0.55078125,-0.41921875,0.41921875,False
0,coherent_2103,coherent,,original_probability,0.95,0.4915709221240878,-0.45842907787591214,0.45842907787591214,False
0,coherent_2103,coherent,,slot_probability,0.95,0.4915709221240878,-0.45842907787591214,0.45842907787591214,False
0,coherent_2103,coherent,,original_accuracy,0.97,0.505859375,-0.464140625,0.464140625,False
0,coherent_2103,coherent,,slot_accuracy,0.97,0.505859375,-0.464140625,0.464140625,False
0,value_2103,value_only,,original_probability,0.49,0.3100284087547366,-0.1799715912452634,0.1799715912452634,False
0,value_2103,value_only,,slot_probability,0.95,0.5344541470940919,-0.41554585290590806,0.41554585290590806,False
0,value_2103,value_only,,original_accuracy,0.49,0.32568359375,-0.16431640625,0.16431640625,False
0,value_2103,value_only,,slot_accuracy,0.97,0.552734375,-0.417265625,0.417265625,False
0,coherent_2130,coherent,,original_probability,0.95,0.49771412323821573,-0.4522858767617842,0.4522858767617842,False
0,coherent_2130,coherent,,slot_probability,0.95,0.49771412323821573,-0.4522858767617842,0.4522858767617842,False
0,coherent_2130,coherent,,original_accuracy,0.97,0.51220703125,-0.45779296875,0.45779296875,False
0,coherent_2130,coherent,,slot_accuracy,0.97,0.51220703125,-0.45779296875,0.45779296875,False
0,value_2130,value_only,,slot_probability,0.95,0.5347309347782354,-0.41526906522176454,0.41526906522176454,False
0,value_2130,value_only,,slot_accuracy,0.97,0.55419921875,-0.41580078125,0.41580078125,False
0,coherent_2301,coherent,coherent_control,original_probability,0.95,0.4855758126686207,-0.46442418733137925,0.46442418733137925,False
0,coherent_2301,coherent,coherent_control,slot_probability,0.95,0.4855758126686207,-0.46442418733137925,0.46442418733137925,False
0,coherent_2301,coherent,coherent_control,original_accuracy,0.97,0.49951171875,-0.47048828125,0.47048828125,False
0,coherent_2301,coherent,coherent_control,slot_accuracy,0.97,0.49951171875,-0.47048828125,0.47048828125,False
0,value_2301,value_only,value_derangement,slot_probability,0.95,0.5397284456880171,-0.4102715543119828,0.4102715543119828,False
0,value_2301,value_only,value_derangement,slot_accuracy,0.97,0.55322265625,-0.41677734375,0.41677734375,False
0,coherent_2310,coherent,coherent_control,original_probability,0.95,0.4806100385066384,-0.46938996149336154,0.46938996149336154,False
0,coherent_2310,coherent,coherent_control,slot_probability,0.95,0.4806100385066384,-0.46938996149336154,0.46938996149336154,False
0,coherent_2310,coherent,coherent_control,original_accuracy,0.97,0.4951171875,-0.4748828125,0.4748828125,False
0,coherent_2310,coherent,coherent_control,slot_accuracy,0.97,0.4951171875,-0.4748828125,0.4748828125,False
0,value_2310,value_only,value_derangement,slot_probability,0.95,0.5395608625762949,-0.4104391374237051,0.4104391374237051,False
0,value_2310,value_only,value_derangement,slot_accuracy,0.97,0.54931640625,-0.42068359375,0.42068359375,False
0,coherent_3012,coherent,coherent_control,original_probability,0.95,0.5172615371389833,-0.4327384628610167,0.4327384628610167,False
0,coherent_3012,coherent,coherent_control,slot_probability,0.95,0.5172615371389833,-0.4327384628610167,0.4327384628610167,False
0,coherent_3012,coherent,coherent_control,original_accuracy,0.97,0.52783203125,-0.44216796875,0.44216796875,False
0,coherent_3012,coherent,coherent_control,slot_accuracy,0.97,0.52783203125,-0.44216796875,0.44216796875,False
0,value_3012,value_only,value_derangement,slot_probability,0.95,0.5256324911393063,-0.42436750886069363,0.42436750886069363,False
0,value_3012,value_only,value_derangement,slot_accuracy,0.97,0.53466796875,-0.43533203125,0.43533203125,False
0,coherent_3021,coherent,,original_probability,0.95,0.531941446972902,-0.41805855302709793,0.41805855302709793,False
0,coherent_3021,coherent,,slot_probability,0.95,0.531941446972902,-0.41805855302709793,0.41805855302709793,False
0,coherent_3021,coherent,,original_accuracy,0.97,0.54248046875,-0.42751953125,0.42751953125,False
0,coherent_3021,coherent,,slot_accuracy,0.97,0.54248046875,-0.42751953125,0.42751953125,False
0,value_3021,value_only,,slot_probability,0.95,0.5338164380218107,-0.4161835619781893,0.4161835619781893,False
0,value_3021,value_only,,slot_accuracy,0.97,0.5498046875,-0.4201953125,0.4201953125,False
0,coherent_3102,coherent,,original_probability,0.95,0.5166576689616165,-0.4333423310383835,0.4333423310383835,False
0,coherent_3102,coherent,,slot_probability,0.95,0.5166576689616165,-0.4333423310383835,0.4333423310383835,False
0,coherent_3102,coherent,,original_accuracy,0.97,0.52880859375,-0.44119140625,0.44119140625,False
0,coherent_3102,coherent,,slot_accuracy,0.97,0.52880859375,-0.44119140625,0.44119140625,False
0,value_3102,value_only,,slot_probability,0.95,0.5295290145397838,-0.4204709854602161,0.4204709854602161,False
0,value_3102,value_only,,slot_accuracy,0.97,0.54150390625,-0.42849609375,0.42849609375,False
0,coherent_3120,coherent,,original_probability,0.95,0.5232581903901714,-0.42674180960982855,0.42674180960982855,False
0,coherent_3120,coherent,,slot_probability,0.95,0.5232581903901714,-0.42674180960982855,0.42674180960982855,False
0,coherent_3120,coherent,,original_accuracy,0.97,0.53955078125,-0.43044921875,0.43044921875,False
0,coherent_3120,coherent,,slot_accuracy,0.97,0.53955078125,-0.43044921875,0.43044921875,False
0,value_3120,value_only,,slot_probability,0.95,0.5350486782600844,-0.41495132173991556,0.41495132173991556,False
0,value_3120,value_only,,slot_accuracy,0.97,0.5537109375,-0.4162890625,0.4162890625,False
0,coherent_3201,coherent,coherent_control,original_probability,0.95,0.5176681792713054,-0.4323318207286946,0.4323318207286946,False
0,coherent_3201,coherent,coherent_control,slot_probability,0.95,0.5176681792713054,-0.4323318207286946,0.4323318207286946,False
0,coherent_3201,coherent,coherent_control,original_accuracy,0.97,0.53369140625,-0.43630859375,0.43630859375,False
0,coherent_3201,coherent,coherent_control,slot_accuracy,0.97,0.53369140625,-0.43630859375,0.43630859375,False
0,value_3201,value_only,value_derangement,slot_probability,0.95,0.5356357000492085,-0.4143642999507915,0.4143642999507915,False
0,value_3201,value_only,value_derangement,slot_accuracy,0.97,0.54833984375,-0.42166015625,0.42166015625,False
0,coherent_3210,coherent,coherent_control,original_probability,0.95,0.5153617954170856,-0.43463820458291436,0.43463820458291436,False
0,coherent_3210,coherent,coherent_control,slot_probability,0.95,0.5153617954170856,-0.43463820458291436,0.43463820458291436,False
0,coherent_3210,coherent,coherent_control,original_accuracy,0.97,0.53173828125,-0.43826171875,0.43826171875,False
0,coherent_3210,coherent,coherent_control,slot_accuracy,0.97,0.53173828125,-0.43826171875,0.43826171875,False
0,value_3210,value_only,value_derangement,slot_probability,0.95,0.5344481736881737,-0.4155518263118263,0.4155518263118263,False
0,value_3210,value_only,value_derangement,slot_accuracy,0.97,0.5419921875,-0.4280078125,0.4280078125,False
1,grouped_canonical,reference,,original_probability,0.95,0.5751796229619061,-0.3748203770380939,0.3748203770380939,False
1,grouped_canonical,reference,,slot_probability,0.95,0.5751796229619061,-0.3748203770380939,0.3748203770380939,False
1,grouped_canonical,reference,,original_accuracy,0.97,0.58837890625,-0.38162109375,0.38162109375,False
1,grouped_canonical,reference,,slot_accuracy,0.97,0.58837890625,-0.38162109375,0.38162109375,False
1,coherent_0132,coherent,,original_probability,0.95,0.5797859426174978,-0.3702140573825021,0.3702140573825021,False
1,coherent_0132,coherent,,slot_probability,0.95,0.5797859426174978,-0.3702140573825021,0.3702140573825021,False
1,coherent_0132,coherent,,original_accuracy,0.97,0.5888671875,-0.3811328125,0.3811328125,False
1,coherent_0132,coherent,,slot_accuracy,0.97,0.5888671875,-0.3811328125,0.3811328125,False
1,value_0132,value_only,,original_probability,0.49,0.1330909814774467,-0.3569090185225533,0.3569090185225533,False
1,value_0132,value_only,,slot_probability,0.95,0.5768153148960085,-0.3731846851039915,0.3731846851039915,False
1,value_0132,value_only,,original_accuracy,0.49,0.13818359375,-0.35181640625,0.35181640625,False
1,value_0132,value_only,,slot_accuracy,0.97,0.58544921875,-0.38455078125,0.38455078125,False
1,coherent_0213,coherent,,original_probability,0.95,0.5751573404774493,-0.3748426595225507,0.3748426595225507,False
1,coherent_0213,coherent,,slot_probability,0.95,0.5751573404774493,-0.3748426595225507,0.3748426595225507,False
1,coherent_0213,coherent,,original_accuracy,0.97,0.58447265625,-0.38552734375,0.38552734375,False
1,coherent_0213,coherent,,slot_accuracy,0.97,0.58447265625,-0.38552734375,0.38552734375,False
1,value_0213,value_only,,slot_probability,0.95,0.5798860983978249,-0.37011390160217505,0.37011390160217505,False
1,value_0213,value_only,,slot_accuracy,0.97,0.59130859375,-0.37869140625,0.37869140625,False
1,coherent_0231,coherent,,original_probability,0.95,0.5676073701405269,-0.3823926298594731,0.3823926298594731,False
1,coherent_0231,coherent,,slot_probability,0.95,0.5676073701405269,-0.3823926298594731,0.3823926298594731,False
1,coherent_0231,coherent,,original_accuracy,0.97,0.5732421875,-0.3967578125,0.3967578125,False
1,coherent_0231,coherent,,slot_accuracy,0.97,0.5732421875,-0.3967578125,0.3967578125,False
1,value_0231,value_only,,slot_probability,0.95,0.5775597209178605,-0.3724402790821395,0.3724402790821395,False
1,value_0231,value_only,,slot_accuracy,0.97,0.5849609375,-0.3850390625,0.3850390625,False
1,coherent_0312,coherent,,original_probability,0.95,0.5648670747058966,-0.38513292529410337,0.38513292529410337,False
1,coherent_0312,coherent,,slot_probability,0.95,0.5648670747058966,-0.38513292529410337,0.38513292529410337,False
1,coherent_0312,coherent,,original_accuracy,0.97,0.56982421875,-0.40017578125,0.40017578125,False
1,coherent_0312,coherent,,slot_accuracy,0.97,0.56982421875,-0.40017578125,0.40017578125,False
1,value_0312,value_only,,original_probability,0.26,0.10778824571055742,-0.15221175428944259,0.15221175428944259,False
1,value_0312,value_only,,slot_probability,0.95,0.5734919983623539,-0.3765080016376461,0.3765080016376461,False
1,value_0312,value_only,,slot_accuracy,0.97,0.57763671875,-0.39236328125,0.39236328125,False
1,coherent_0321,coherent,,original_probability,0.95,0.5675040196444378,-0.3824959803555622,0.3824959803555622,False
1,coherent_0321,coherent,,slot_probability,0.95,0.5675040196444378,-0.3824959803555622,0.3824959803555622,False
1,coherent_0321,coherent,,original_accuracy,0.97,0.57568359375,-0.39431640625,0.39431640625,False
1,coherent_0321,coherent,,slot_accuracy,0.97,0.57568359375,-0.39431640625,0.39431640625,False
1,value_0321,value_only,,slot_probability,0.95,0.5745534942885532,-0.3754465057114468,0.3754465057114468,False
1,value_0321,value_only,,slot_accuracy,0.97,0.58203125,-0.38796875,0.38796875,False
1,coherent_1023,coherent,,original_probability,0.95,0.5616416150777365,-0.3883583849222635,0.3883583849222635,False
1,coherent_1023,coherent,,slot_probability,0.95,0.5616416150777365,-0.3883583849222635,0.3883583849222635,False
1,coherent_1023,coherent,,original_accuracy,0.97,0.56640625,-0.40359375,0.40359375,False
1,coherent_1023,coherent,,slot_accuracy,0.97,0.56640625,-0.40359375,0.40359375,False
1,value_1023,value_only,,slot_probability,0.95,0.5723031357247997,-0.3776968642752002,0.3776968642752002,False
1,value_1023,value_only,,slot_accuracy,0.97,0.58203125,-0.38796875,0.38796875,False
1,coherent_1032,coherent,coherent_control,original_probability,0.95,0.5664752020949853,-0.3835247979050147,0.3835247979050147,False
1,coherent_1032,coherent,coherent_control,slot_probability,0.95,0.5664752020949853,-0.3835247979050147,0.3835247979050147,False
1,coherent_1032,coherent,coherent_control,original_accuracy,0.97,0.57421875,-0.39578125,0.39578125,False
1,coherent_1032,coherent,coherent_control,slot_accuracy,0.97,0.57421875,-0.39578125,0.39578125,False
1,value_1032,value_only,value_derangement,slot_probability,0.95,0.5697493979362449,-0.38025060206375505,0.38025060206375505,False
1,value_1032,value_only,value_derangement,slot_accuracy,0.97,0.57470703125,-0.39529296875,0.39529296875,False
1,coherent_1203,coherent,,original_probability,0.95,0.5691571858784363,-0.3808428141215636,0.3808428141215636,False
1,coherent_1203,coherent,,slot_probability,0.95,0.5691571858784363,-0.3808428141215636,0.3808428141215636,False
1,coherent_1203,coherent,,original_accuracy,0.97,0.57470703125,-0.39529296875,0.39529296875,False
1,coherent_1203,coherent,,slot_accuracy,0.97,0.57470703125,-0.39529296875,0.39529296875,False
1,value_1203,value_only,,slot_probability,0.95,0.5777561377576009,-0.372243862242399,0.372243862242399,False
1,value_1203,value_only,,slot_accuracy,0.97,0.58447265625,-0.38552734375,0.38552734375,False
1,coherent_1230,coherent,coherent_control,original_probability,0.95,0.5691192842321677,-0.3808807157678322,0.3808807157678322,False
1,coherent_1230,coherent,coherent_control,slot_probability,0.95,0.5691192842321677,-0.3808807157678322,0.3808807157678322,False
1,coherent_1230,coherent,coherent_control,original_accuracy,0.97,0.57861328125,-0.39138671875,0.39138671875,False
1,coherent_1230,coherent,coherent_control,slot_accuracy,0.97,0.57861328125,-0.39138671875,0.39138671875,False
1,value_1230,value_only,value_derangement,slot_probability,0.95,0.5738655304949313,-0.3761344695050687,0.3761344695050687,False
1,value_1230,value_only,value_derangement,slot_accuracy,0.97,0.5830078125,-0.3869921875,0.3869921875,False
1,coherent_1302,coherent,coherent_control,original_probability,0.95,0.5573721068081776,-0.39262789319182234,0.39262789319182234,False
1,coherent_1302,coherent,coherent_control,slot_probability,0.95,0.5573721068081776,-0.39262789319182234,0.39262789319182234,False
1,coherent_1302,coherent,coherent_control,original_accuracy,0.97,0.56396484375,-0.40603515625,0.40603515625,False
1,coherent_1302,coherent,coherent_control,slot_accuracy,0.97,0.56396484375,-0.40603515625,0.40603515625,False
1,value_1302,value_only,value_derangement,slot_probability,0.95,0.5767952121280527,-0.3732047878719472,0.3732047878719472,False
1,value_1302,value_only,value_derangement,slot_accuracy,0.97,0.58447265625,-0.38552734375,0.38552734375,False
1,coherent_1320,coherent,,original_probability,0.95,0.5531145448449901,-0.39688545515500984,0.39688545515500984,False
1,coherent_1320,coherent,,slot_probability,0.95,0.5531145448449901,-0.39688545515500984,0.39688545515500984,False
1,coherent_1320,coherent,,original_accuracy,0.97,0.55908203125,-0.41091796875,0.41091796875,False
1,coherent_1320,coherent,,slot_accuracy,0.97,0.55908203125,-0.41091796875,0.41091796875,False
1,value_1320,value_only,,slot_probability,0.95,0.57324658553197,-0.3767534144680299,0.3767534144680299,False
1,value_1320,value_only,,slot_accuracy,0.97,0.58056640625,-0.38943359375,0.38943359375,False
1,coherent_2013,coherent,,original_probability,0.95,0.5700604445342055,-0.3799395554657945,0.3799395554657945,False
1,coherent_2013,coherent,,slot_probability,0.95,0.5700604445342055,-0.3799395554657945,0.3799395554657945,False
1,coherent_2013,coherent,,original_accuracy,0.97,0.57568359375,-0.39431640625,0.39431640625,False
1,coherent_2013,coherent,,slot_accuracy,0.97,0.57568359375,-0.39431640625,0.39431640625,False
1,value_2013,value_only,,slot_probability,0.95,0.5710940748547013,-0.37890592514529864,0.37890592514529864,False
1,value_2013,value_only,,slot_accuracy,0.97,0.57861328125,-0.39138671875,0.39138671875,False
1,coherent_2031,coherent,coherent_control,original_probability,0.95,0.5782476394498915,-0.3717523605501084,0.3717523605501084,False
1,coherent_2031,coherent,coherent_control,slot_probability,0.95,0.5782476394498915,-0.3717523605501084,0.3717523605501084,False
1,coherent_2031,coherent,coherent_control,original_accuracy,0.97,0.58935546875,-0.38064453125,0.38064453125,False
1,coherent_2031,coherent,coherent_control,slot_accuracy,0.97,0.58935546875,-0.38064453125,0.38064453125,False
1,value_2031,value_only,value_derangement,slot_probability,0.95,0.5735374795619863,-0.37646252043801365,0.37646252043801365,False
1,value_2031,value_only,value_derangement,slot_accuracy,0.97,0.578125,-0.391875,0.391875,False
1,coherent_2103,coherent,,original_probability,0.95,0.5728707962234789,-0.37712920377652104,0.37712920377652104,False
1,coherent_2103,coherent,,slot_probability,0.95,0.5728707962234789,-0.37712920377652104,0.37712920377652104,False
1,coherent_2103,coherent,,original_accuracy,0.97,0.580078125,-0.389921875,0.389921875,False
1,coherent_2103,coherent,,slot_accuracy,0.97,0.580078125,-0.389921875,0.389921875,False
1,value_2103,value_only,,original_probability,0.49,0.31327898641136,-0.17672101358864,0.17672101358864,False
1,value_2103,value_only,,slot_probability,0.95,0.5739792058603027,-0.37602079413969725,0.37602079413969725,False
1,value_2103,value_only,,original_accuracy,0.49,0.31982421875,-0.17017578125,0.17017578125,False
1,value_2103,value_only,,slot_accuracy,0.97,0.58154296875,-0.38845703125,0.38845703125,False
1,coherent_2130,coherent,,original_probability,0.95,0.5731329810817695,-0.3768670189182305,0.3768670189182305,False
1,coherent_2130,coherent,,slot_probability,0.95,0.5731329810817695,-0.3768670189182305,0.3768670189182305,False
1,coherent_2130,coherent,,original_accuracy,0.97,0.5810546875,-0.3889453125,0.3889453125,False
1,coherent_2130,coherent,,slot_accuracy,0.97,0.5810546875,-0.3889453125,0.3889453125,False
1,value_2130,value_only,,slot_probability,0.95,0.5726411163215306,-0.37735888367846937,0.37735888367846937,False
1,value_2130,value_only,,slot_accuracy,0.97,0.58203125,-0.38796875,0.38796875,False
1,coherent_2301,coherent,coherent_control,original_probability,0.95,0.5777643259536551,-0.37223567404634483,0.37223567404634483,False
1,coherent_2301,coherent,coherent_control,slot_probability,0.95,0.5777643259536551,-0.37223567404634483,0.37223567404634483,False
1,coherent_2301,coherent,coherent_control,original_accuracy,0.97,0.58251953125,-0.38748046875,0.38748046875,False
1,coherent_2301,coherent,coherent_control,slot_accuracy,0.97,0.58251953125,-0.38748046875,0.38748046875,False
1,value_2301,value_only,value_derangement,slot_probability,0.95,0.5780328790402073,-0.3719671209597927,0.3719671209597927,False
1,value_2301,value_only,value_derangement,slot_accuracy,0.97,0.583984375,-0.386015625,0.386015625,False
1,coherent_2310,coherent,coherent_control,original_probability,0.95,0.5656083809985462,-0.3843916190014538,0.3843916190014538,False
1,coherent_2310,coherent,coherent_control,slot_probability,0.95,0.5656083809985462,-0.3843916190014538,0.3843916190014538,False
1,coherent_2310,coherent,coherent_control,original_accuracy,0.97,0.5693359375,-0.4006640625,0.4006640625,False
1,coherent_2310,coherent,coherent_control,slot_accuracy,0.97,0.5693359375,-0.4006640625,0.4006640625,False
1,value_2310,value_only,value_derangement,slot_probability,0.95,0.5722248774185057,-0.37777512258149426,0.37777512258149426,False
1,value_2310,value_only,value_derangement,slot_accuracy,0.97,0.57763671875,-0.39236328125,0.39236328125,False
1,coherent_3012,coherent,coherent_control,original_probability,0.95,0.5659008818364345,-0.38409911816356546,0.38409911816356546,False
1,coherent_3012,coherent,coherent_control,slot_probability,0.95,0.5659008818364345,-0.38409911816356546,0.38409911816356546,False
1,coherent_3012,coherent,coherent_control,original_accuracy,0.97,0.576171875,-0.393828125,0.393828125,False
1,coherent_3012,coherent,coherent_control,slot_accuracy,0.97,0.576171875,-0.393828125,0.393828125,False
1,value_3012,value_only,value_derangement,slot_probability,0.95,0.5731083273782628,-0.3768916726217372,0.3768916726217372,False
1,value_3012,value_only,value_derangement,slot_accuracy,0.97,0.57666015625,-0.39333984375,0.39333984375,False
1,coherent_3021,coherent,,original_probability,0.95,0.5644984238835133,-0.3855015761164866,0.3855015761164866,False
1,coherent_3021,coherent,,slot_probability,0.95,0.5644984238835133,-0.3855015761164866,0.3855015761164866,False
1,coherent_3021,coherent,,original_accuracy,0.97,0.57177734375,-0.39822265625,0.39822265625,False
1,coherent_3021,coherent,,slot_accuracy,0.97,0.57177734375,-0.39822265625,0.39822265625,False
1,value_3021,value_only,,slot_probability,0.95,0.5758752388819116,-0.37412476111808834,0.37412476111808834,False
1,value_3021,value_only,,slot_accuracy,0.97,0.58447265625,-0.38552734375,0.38552734375,False
1,coherent_3102,coherent,,original_probability,0.95,0.5651118668389293,-0.3848881331610706,0.3848881331610706,False
1,coherent_3102,coherent,,slot_probability,0.95,0.5651118668389293,-0.3848881331610706,0.3848881331610706,False
1,coherent_3102,coherent,,original_accuracy,0.97,0.57177734375,-0.39822265625,0.39822265625,False
1,coherent_3102,coherent,,slot_accuracy,0.97,0.57177734375,-0.39822265625,0.39822265625,False
1,value_3102,value_only,,original_probability,0.26,0.0831502006923878,-0.17684979930761222,0.17684979930761222,False
1,value_3102,value_only,,slot_probability,0.95,0.5743391868758452,-0.3756608131241548,0.3756608131241548,False
1,value_3102,value_only,,original_accuracy,0.25,0.0859375,-0.1640625,0.1640625,False
1,value_3102,value_only,,slot_accuracy,0.97,0.583984375,-0.386015625,0.386015625,False
1,coherent_3120,coherent,,original_probability,0.95,0.5714052403670551,-0.37859475963294487,0.37859475963294487,False
1,coherent_3120,coherent,,slot_probability,0.95,0.5714052403670551,-0.37859475963294487,0.37859475963294487,False
1,coherent_3120,coherent,,original_accuracy,0.97,0.58203125,-0.38796875,0.38796875,False
1,coherent_3120,coherent,,slot_accuracy,0.97,0.58203125,-0.38796875,0.38796875,False
1,value_3120,value_only,,slot_probability,0.95,0.5710761971295198,-0.3789238028704801,0.3789238028704801,False
1,value_3120,value_only,,slot_accuracy,0.97,0.580078125,-0.389921875,0.389921875,False
1,coherent_3201,coherent,coherent_control,original_probability,0.95,0.5599575756704751,-0.39004242432952485,0.39004242432952485,False
1,coherent_3201,coherent,coherent_control,slot_probability,0.95,0.5599575756704751,-0.39004242432952485,0.39004242432952485,False
1,coherent_3201,coherent,coherent_control,original_accuracy,0.97,0.56689453125,-0.40310546875,0.40310546875,False
1,coherent_3201,coherent,coherent_control,slot_accuracy,0.97,0.56689453125,-0.40310546875,0.40310546875,False
1,value_3201,value_only,value_derangement,slot_probability,0.95,0.5783977172692695,-0.3716022827307305,0.3716022827307305,False
1,value_3201,value_only,value_derangement,slot_accuracy,0.97,0.58740234375,-0.38259765625,0.38259765625,False
1,coherent_3210,coherent,coherent_control,original_probability,0.95,0.5827130110789798,-0.3672869889210202,0.3672869889210202,False
1,coherent_3210,coherent,coherent_control,slot_probability,0.95,0.5827130110789798,-0.3672869889210202,0.3672869889210202,False
1,coherent_3210,coherent,coherent_control,original_accuracy,0.97,0.591796875,-0.378203125,0.378203125,False
1,coherent_3210,coherent,coherent_control,slot_accuracy,0.97,0.591796875,-0.378203125,0.378203125,False
1,value_3210,value_only,value_derangement,slot_probability,0.95,0.5746906755364778,-0.37530932446352216,0.37530932446352216,False
1,value_3210,value_only,value_derangement,slot_accuracy,0.97,0.5859375,-0.3840625,0.3840625,False
2,grouped_canonical,reference,,original_probability,0.95,0.2772869207970492,-0.6727130792029508,0.6727130792029508,False
2,grouped_canonical,reference,,slot_probability,0.95,0.2772869207970492,-0.6727130792029508,0.6727130792029508,False
2,grouped_canonical,reference,,original_accuracy,0.97,0.28857421875,-0.68142578125,0.68142578125,False
2,grouped_canonical,reference,,slot_accuracy,0.97,0.28857421875,-0.68142578125,0.68142578125,False
2,coherent_0132,coherent,,original_probability,0.95,0.2869254604462491,-0.6630745395537508,0.6630745395537508,False
2,coherent_0132,coherent,,slot_probability,0.95,0.2869254604462491,-0.6630745395537508,0.6630745395537508,False
2,coherent_0132,coherent,,original_accuracy,0.97,0.294921875,-0.675078125,0.675078125,False
2,coherent_0132,coherent,,slot_accuracy,0.97,0.294921875,-0.675078125,0.675078125,False
2,value_0132,value_only,,original_probability,0.49,0.13342838912319313,-0.3565716108768069,0.3565716108768069,False
2,value_0132,value_only,,slot_probability,0.95,0.28015604618574685,-0.6698439538142531,0.6698439538142531,False
2,value_0132,value_only,,original_accuracy,0.49,0.1376953125,-0.3523046875,0.3523046875,False
2,value_0132,value_only,,slot_accuracy,0.97,0.291015625,-0.678984375,0.678984375,False
2,coherent_0213,coherent,,original_probability,0.95,0.27859734815507553,-0.6714026518449244,0.6714026518449244,False
2,coherent_0213,coherent,,slot_probability,0.95,0.27859734815507553,-0.6714026518449244,0.6714026518449244,False
2,coherent_0213,coherent,,original_accuracy,0.97,0.2841796875,-0.6858203125,0.6858203125,False
2,coherent_0213,coherent,,slot_accuracy,0.97,0.2841796875,-0.6858203125,0.6858203125,False
2,value_0213,value_only,,original_probability,0.49,0.23668019399895834,-0.25331980600104165,0.25331980600104165,False
2,value_0213,value_only,,slot_probability,0.95,0.2763621213365267,-0.6736378786634732,0.6736378786634732,False
2,value_0213,value_only,,original_accuracy,0.49,0.2421875,-0.2478125,0.2478125,False
2,value_0213,value_only,,slot_accuracy,0.97,0.2890625,-0.6809375,0.6809375,False
2,coherent_0231,coherent,,original_probability,0.95,0.29960351284108205,-0.6503964871589178,0.6503964871589178,False
2,coherent_0231,coherent,,slot_probability,0.95,0.29960351284108205,-0.6503964871589178,0.6503964871589178,False
2,coherent_0231,coherent,,original_accuracy,0.97,0.30712890625,-0.66287109375,0.66287109375,False
2,coherent_0231,coherent,,slot_accuracy,0.97,0.30712890625,-0.66287109375,0.66287109375,False
2,value_0231,value_only,,slot_probability,0.95,0.2789683283378144,-0.6710316716621856,0.6710316716621856,False
2,value_0231,value_only,,slot_accuracy,0.97,0.28759765625,-0.68240234375,0.68240234375,False
2,coherent_0312,coherent,,original_probability,0.95,0.30612348473509654,-0.6438765152649034,0.6438765152649034,False
2,coherent_0312,coherent,,slot_probability,0.95,0.30612348473509654,-0.6438765152649034,0.6438765152649034,False
2,coherent_0312,coherent,,original_accuracy,0.97,0.31787109375,-0.65212890625,0.65212890625,False
2,coherent_0312,coherent,,slot_accuracy,0.97,0.31787109375,-0.65212890625,0.65212890625,False
2,value_0312,value_only,,slot_probability,0.95,0.2804046419988696,-0.6695953580011303,0.6695953580011303,False
2,value_0312,value_only,,slot_accuracy,0.97,0.296875,-0.673125,0.673125,False
2,coherent_0321,coherent,,original_probability,0.95,0.30101782214798306,-0.6489821778520168,0.6489821778520168,False
2,coherent_0321,coherent,,slot_probability,0.95,0.30101782214798306,-0.6489821778520168,0.6489821778520168,False
2,coherent_0321,coherent,,original_accuracy,0.97,0.3134765625,-0.6565234375,0.6565234375,False
2,coherent_0321,coherent,,slot_accuracy,0.97,0.3134765625,-0.6565234375,0.6565234375,False
2,value_0321,value_only,,original_probability,0.49,0.23643901843064152,-0.25356098156935847,0.25356098156935847,False
2,value_0321,value_only,,slot_probability,0.95,0.27828820006890154,-0.6717117999310984,0.6717117999310984,False
2,value_0321,value_only,,original_accuracy,0.49,0.24755859375,-0.24244140625,0.24244140625,False
2,value_0321,value_only,,slot_accuracy,0.97,0.2841796875,-0.6858203125,0.6858203125,False
2,coherent_1023,coherent,,original_probability,0.95,0.2773347281191676,-0.6726652718808324,0.6726652718808324,False
2,coherent_1023,coherent,,slot_probability,0.95,0.2773347281191676,-0.6726652718808324,0.6726652718808324,False
2,coherent_1023,coherent,,original_accuracy,0.97,0.28466796875,-0.68533203125,0.68533203125,False
2,coherent_1023,coherent,,slot_accuracy,0.97,0.28466796875,-0.68533203125,0.68533203125,False
2,value_1023,value_only,,original_probability,0.49,0.2913425854635328,-0.19865741453646718,0.19865741453646718,False
2,value_1023,value_only,,slot_probability,0.95,0.2658995410995536,-0.6841004589004464,0.6841004589004464,False
2,value_1023,value_only,,original_accuracy,0.49,0.30322265625,-0.18677734375,0.18677734375,False
2,value_1023,value_only,,slot_accuracy,0.97,0.2734375,-0.6965625,0.6965625,False
2,coherent_1032,coherent,coherent_control,original_probability,0.95,0.296492953447295,-0.653507046552705,0.653507046552705,False
2,coherent_1032,coherent,coherent_control,slot_probability,0.95,0.296492953447295,-0.653507046552705,0.653507046552705,False
2,coherent_1032,coherent,coherent_control,original_accuracy,0.97,0.3046875,-0.6653125,0.6653125,False
2,coherent_1032,coherent,coherent_control,slot_accuracy,0.97,0.3046875,-0.6653125,0.6653125,False
2,value_1032,value_only,value_derangement,slot_probability,0.95,0.2687947163041143,-0.6812052836958857,0.6812052836958857,False
2,value_1032,value_only,value_derangement,slot_accuracy,0.97,0.27294921875,-0.69705078125,0.69705078125,False
2,coherent_1203,coherent,,original_probability,0.95,0.2757621819627339,-0.6742378180372661,0.6742378180372661,False
2,coherent_1203,coherent,,slot_probability,0.95,0.2757621819627339,-0.6742378180372661,0.6742378180372661,False
2,coherent_1203,coherent,,original_accuracy,0.97,0.2861328125,-0.6838671875,0.6838671875,False
2,coherent_1203,coherent,,slot_accuracy,0.97,0.2861328125,-0.6838671875,0.6838671875,False
2,value_1203,value_only,,slot_probability,0.95,0.26909717791902665,-0.6809028220809733,0.6809028220809733,False
2,value_1203,value_only,,slot_accuracy,0.97,0.27587890625,-0.69412109375,0.69412109375,False
2,coherent_1230,coherent,coherent_control,original_probability,0.95,0.30067044239837215,-0.6493295576016278,0.6493295576016278,False
2,coherent_1230,coherent,coherent_control,slot_probability,0.95,0.30067044239837215,-0.6493295576016278,0.6493295576016278,False
2,coherent_1230,coherent,coherent_control,original_accuracy,0.97,0.31103515625,-0.65896484375,0.65896484375,False
2,coherent_1230,coherent,coherent_control,slot_accuracy,0.97,0.31103515625,-0.65896484375,0.65896484375,False
2,value_1230,value_only,value_derangement,slot_probability,0.95,0.2727152211480406,-0.6772847788519594,0.6772847788519594,False
2,value_1230,value_only,value_derangement,slot_accuracy,0.97,0.27490234375,-0.69509765625,0.69509765625,False
2,coherent_1302,coherent,coherent_control,original_probability,0.95,0.32688698504418773,-0.6231130149558122,0.6231130149558122,False
2,coherent_1302,coherent,coherent_control,slot_probability,0.95,0.32688698504418773,-0.6231130149558122,0.6231130149558122,False
2,coherent_1302,coherent,coherent_control,original_accuracy,0.97,0.3349609375,-0.6350390625,0.6350390625,False
2,coherent_1302,coherent,coherent_control,slot_accuracy,0.97,0.3349609375,-0.6350390625,0.6350390625,False
2,value_1302,value_only,value_derangement,original_probability,0.03,0.18788245585075003,0.15788245585075003,0.15788245585075003,False
2,value_1302,value_only,value_derangement,slot_probability,0.95,0.26888458256157677,-0.6811154174384232,0.6811154174384232,False
2,value_1302,value_only,value_derangement,original_accuracy,0.01,0.189453125,0.179453125,0.179453125,False
2,value_1302,value_only,value_derangement,slot_accuracy,0.97,0.27490234375,-0.69509765625,0.69509765625,False
2,coherent_1320,coherent,,original_probability,0.95,0.3121632562129415,-0.6378367437870585,0.6378367437870585,False
2,coherent_1320,coherent,,slot_probability,0.95,0.3121632562129415,-0.6378367437870585,0.6378367437870585,False
2,coherent_1320,coherent,,original_accuracy,0.97,0.32763671875,-0.64236328125,0.64236328125,False
2,coherent_1320,coherent,,slot_accuracy,0.97,0.32763671875,-0.64236328125,0.64236328125,False
2,value_1320,value_only,,slot_probability,0.95,0.27505053039838856,-0.6749494696016114,0.6749494696016114,False
2,value_1320,value_only,,slot_accuracy,0.97,0.28125,-0.68875,0.68875,False
2,coherent_2013,coherent,,original_probability,0.95,0.2703031699936744,-0.6796968300063255,0.6796968300063255,False
2,coherent_2013,coherent,,slot_probability,0.95,0.2703031699936744,-0.6796968300063255,0.6796968300063255,False
2,coherent_2013,coherent,,original_accuracy,0.97,0.27783203125,-0.69216796875,0.69216796875,False
2,coherent_2013,coherent,,slot_accuracy,0.97,0.27783203125,-0.69216796875,0.69216796875,False
2,value_2013,value_only,,slot_probability,0.95,0.2674948894669955,-0.6825051105330044,0.6825051105330044,False
2,value_2013,value_only,,slot_accuracy,0.97,0.27490234375,-0.69509765625,0.69509765625,False
2,coherent_2031,coherent,coherent_control,original_probability,0.95,0.2831704335068393,-0.6668295664931607,0.6668295664931607,False
2,coherent_2031,coherent,coherent_control,slot_probability,0.95,0.2831704335068393,-0.6668295664931607,0.6668295664931607,False
2,coherent_2031,coherent,coherent_control,original_accuracy,0.97,0.28955078125,-0.68044921875,0.68044921875,False
2,coherent_2031,coherent,coherent_control,slot_accuracy,0.97,0.28955078125,-0.68044921875,0.68044921875,False
2,value_2031,value_only,value_derangement,original_probability,0.03,0.19164050750647982,0.16164050750647982,0.16164050750647982,False
2,value_2031,value_only,value_derangement,slot_probability,0.95,0.2731309636639856,-0.6768690363360144,0.6768690363360144,False
2,value_2031,value_only,value_derangement,original_accuracy,0.01,0.1953125,0.1853125,0.1853125,False
2,value_2031,value_only,value_derangement,slot_accuracy,0.97,0.28125,-0.68875,0.68875,False
2,coherent_2103,coherent,,original_probability,0.95,0.27166494328386925,-0.6783350567161307,0.6783350567161307,False
2,coherent_2103,coherent,,slot_probability,0.95,0.27166494328386925,-0.6783350567161307,0.6783350567161307,False
2,coherent_2103,coherent,,original_accuracy,0.97,0.28564453125,-0.68435546875,0.68435546875,False
2,coherent_2103,coherent,,slot_accuracy,0.97,0.28564453125,-0.68435546875,0.68435546875,False
2,value_2103,value_only,,original_probability,0.49,0.2759135778267283,-0.21408642217327167,0.21408642217327167,False
2,value_2103,value_only,,slot_probability,0.95,0.27325737643820736,-0.6767426235617926,0.6767426235617926,False
2,value_2103,value_only,,original_accuracy,0.49,0.28173828125,-0.20826171875,0.20826171875,False
2,value_2103,value_only,,slot_accuracy,0.97,0.27294921875,-0.69705078125,0.69705078125,False
2,coherent_2130,coherent,,original_probability,0.95,0.2840815920807367,-0.6659184079192633,0.6659184079192633,False
2,coherent_2130,coherent,,slot_probability,0.95,0.2840815920807367,-0.6659184079192633,0.6659184079192633,False
2,coherent_2130,coherent,,original_accuracy,0.97,0.2939453125,-0.6760546875,0.6760546875,False
2,coherent_2130,coherent,,slot_accuracy,0.97,0.2939453125,-0.6760546875,0.6760546875,False
2,value_2130,value_only,,slot_probability,0.95,0.27975120349448634,-0.6702487965055136,0.6702487965055136,False
2,value_2130,value_only,,slot_accuracy,0.97,0.287109375,-0.682890625,0.682890625,False
2,coherent_2301,coherent,coherent_control,original_probability,0.95,0.30039635656136265,-0.6496036434386373,0.6496036434386373,False
2,coherent_2301,coherent,coherent_control,slot_probability,0.95,0.30039635656136265,-0.6496036434386373,0.6496036434386373,False
2,coherent_2301,coherent,coherent_control,original_accuracy,0.97,0.306640625,-0.663359375,0.663359375,False
2,coherent_2301,coherent,coherent_control,slot_accuracy,0.97,0.306640625,-0.663359375,0.663359375,False
2,value_2301,value_only,value_derangement,original_probability,0.03,0.22971861647347513,0.19971861647347514,0.19971861647347514,False
2,value_2301,value_only,value_derangement,slot_probability,0.95,0.2761522470995444,-0.6738477529004556,0.6738477529004556,False
2,value_2301,value_only,value_derangement,original_accuracy,0.01,0.22900390625,0.21900390625,0.21900390625,False
2,value_2301,value_only,value_derangement,slot_accuracy,0.97,0.28466796875,-0.68533203125,0.68533203125,False
2,coherent_2310,coherent,coherent_control,original_probability,0.95,0.28942701431130746,-0.6605729856886925,0.6605729856886925,False
2,coherent_2310,coherent,coherent_control,slot_probability,0.95,0.28942701431130746,-0.6605729856886925,0.6605729856886925,False
2,coherent_2310,coherent,coherent_control,original_accuracy,0.97,0.2978515625,-0.6721484375,0.6721484375,False
2,coherent_2310,coherent,coherent_control,slot_accuracy,0.97,0.2978515625,-0.6721484375,0.6721484375,False
2,value_2310,value_only,value_derangement,slot_probability,0.95,0.28160029237798223,-0.6683997076220177,0.6683997076220177,False
2,value_2310,value_only,value_derangement,slot_accuracy,0.97,0.2919921875,-0.6780078125,0.6780078125,False
2,coherent_3012,coherent,coherent_control,original_probability,0.95,0.32735059873613614,-0.6226494012638638,0.6226494012638638,False
2,coherent_3012,coherent,coherent_control,slot_probability,0.95,0.32735059873613614,-0.6226494012638638,0.6226494012638638,False
2,coherent_3012,coherent,coherent_control,original_accuracy,0.97,0.33984375,-0.63015625,0.63015625,False
2,coherent_3012,coherent,coherent_control,slot_accuracy,0.97,0.33984375,-0.63015625,0.63015625,False
2,value_3012,value_only,value_derangement,slot_probability,0.95,0.27544783111536564,-0.6745521688846343,0.6745521688846343,False
2,value_3012,value_only,value_derangement,slot_accuracy,0.97,0.28662109375,-0.68337890625,0.68337890625,False
2,coherent_3021,coherent,,original_probability,0.95,0.31873266101144976,-0.6312673389885501,0.6312673389885501,False
2,coherent_3021,coherent,,slot_probability,0.95,0.31873266101144976,-0.6312673389885501,0.6312673389885501,False
2,coherent_3021,coherent,,original_accuracy,0.97,0.32666015625,-0.64333984375,0.64333984375,False
2,coherent_3021,coherent,,slot_accuracy,0.97,0.32666015625,-0.64333984375,0.64333984375,False
2,value_3021,value_only,,slot_probability,0.95,0.2787455820803115,-0.6712544179196884,0.6712544179196884,False
2,value_3021,value_only,,slot_accuracy,0.97,0.287109375,-0.682890625,0.682890625,False
2,coherent_3102,coherent,,original_probability,0.95,0.32083899182191267,-0.6291610081780873,0.6291610081780873,False
2,coherent_3102,coherent,,slot_probability,0.95,0.32083899182191267,-0.6291610081780873,0.6291610081780873,False
2,coherent_3102,coherent,,original_accuracy,0.97,0.33544921875,-0.63455078125,0.63455078125,False
2,coherent_3102,coherent,,slot_accuracy,0.97,0.33544921875,-0.63455078125,0.63455078125,False
2,value_3102,value_only,,slot_probability,0.95,0.27779902313620664,-0.6722009768637933,0.6722009768637933,False
2,value_3102,value_only,,slot_accuracy,0.97,0.283203125,-0.686796875,0.686796875,False
2,coherent_3120,coherent,,original_probability,0.95,0.30149209722464665,-0.6485079027753533,0.6485079027753533,False
2,coherent_3120,coherent,,slot_probability,0.95,0.30149209722464665,-0.6485079027753533,0.6485079027753533,False
2,coherent_3120,coherent,,original_accuracy,0.97,0.310546875,-0.659453125,0.659453125,False
2,coherent_3120,coherent,,slot_accuracy,0.97,0.310546875,-0.659453125,0.659453125,False
2,value_3120,value_only,,original_probability,0.49,0.16415991421290127,-0.3258400857870987,0.3258400857870987,False
2,value_3120,value_only,,slot_probability,0.95,0.28001053541290893,-0.669989464587091,0.669989464587091,False
2,value_3120,value_only,,original_accuracy,0.49,0.16650390625,-0.32349609375,0.32349609375,False
2,value_3120,value_only,,slot_accuracy,0.97,0.2841796875,-0.6858203125,0.6858203125,False
2,coherent_3201,coherent,coherent_control,original_probability,0.95,0.3283719141411514,-0.6216280858588485,0.6216280858588485,False
2,coherent_3201,coherent,coherent_control,slot_probability,0.95,0.3283719141411514,-0.6216280858588485,0.6216280858588485,False
2,coherent_3201,coherent,coherent_control,original_accuracy,0.97,0.33935546875,-0.63064453125,0.63064453125,False
2,coherent_3201,coherent,coherent_control,slot_accuracy,0.97,0.33935546875,-0.63064453125,0.63064453125,False
2,value_3201,value_only,value_derangement,original_probability,0.03,0.23718285392889493,0.20718285392889493,0.20718285392889493,False
2,value_3201,value_only,value_derangement,slot_probability,0.95,0.2786562104572639,-0.6713437895427361,0.6713437895427361,False
2,value_3201,value_only,value_derangement,original_accuracy,0.01,0.24267578125,0.23267578125,0.23267578125,False
2,value_3201,value_only,value_derangement,slot_accuracy,0.97,0.28857421875,-0.68142578125,0.68142578125,False
2,coherent_3210,coherent,coherent_control,original_probability,0.95,0.3164248934080135,-0.6335751065919865,0.6335751065919865,False
2,coherent_3210,coherent,coherent_control,slot_probability,0.95,0.3164248934080135,-0.6335751065919865,0.6335751065919865,False
2,coherent_3210,coherent,coherent_control,original_accuracy,0.97,0.33056640625,-0.63943359375,0.63943359375,False
2,coherent_3210,coherent,coherent_control,slot_accuracy,0.97,0.33056640625,-0.63943359375,0.63943359375,False
2,value_3210,value_only,value_derangement,slot_probability,0.95,0.27729666185125357,-0.6727033381487464,0.6727033381487464,False
2,value_3210,value_only,value_derangement,slot_accuracy,0.97,0.283203125,-0.686796875,0.686796875,False
3,grouped_canonical,reference,,original_probability,0.95,0.37540089507017627,-0.5745991049298237,0.5745991049298237,False
3,grouped_canonical,reference,,slot_probability,0.95,0.37540089507017627,-0.5745991049298237,0.5745991049298237,False
3,grouped_canonical,reference,,original_accuracy,0.97,0.384765625,-0.585234375,0.585234375,False
3,grouped_canonical,reference,,slot_accuracy,0.97,0.384765625,-0.585234375,0.585234375,False
3,coherent_0132,coherent,,original_probability,0.95,0.3797293722914826,-0.5702706277085173,0.5702706277085173,False
3,coherent_0132,coherent,,slot_probability,0.95,0.3797293722914826,-0.5702706277085173,0.5702706277085173,False
3,coherent_0132,coherent,,original_accuracy,0.97,0.3857421875,-0.5842578125,0.5842578125,False
3,coherent_0132,coherent,,slot_accuracy,0.97,0.3857421875,-0.5842578125,0.5842578125,False
3,value_0132,value_only,,original_probability,0.49,0.09746680017212436,-0.3925331998278756,0.3925331998278756,False
3,value_0132,value_only,,slot_probability,0.95,0.3756074019597687,-0.5743925980402312,0.5743925980402312,False
3,value_0132,value_only,,original_accuracy,0.49,0.10205078125,-0.38794921875,0.38794921875,False
3,value_0132,value_only,,slot_accuracy,0.97,0.38134765625,-0.58865234375,0.58865234375,False
3,coherent_0213,coherent,,original_probability,0.95,0.38289162689727396,-0.567108373102726,0.567108373102726,False
3,coherent_0213,coherent,,slot_probability,0.95,0.38289162689727396,-0.567108373102726,0.567108373102726,False
3,coherent_0213,coherent,,original_accuracy,0.97,0.38720703125,-0.58279296875,0.58279296875,False
3,coherent_0213,coherent,,slot_accuracy,0.97,0.38720703125,-0.58279296875,0.58279296875,False
3,value_0213,value_only,,slot_probability,0.95,0.3719870575597074,-0.5780129424402926,0.5780129424402926,False
3,value_0213,value_only,,slot_accuracy,0.97,0.37841796875,-0.59158203125,0.59158203125,False
3,coherent_0231,coherent,,original_probability,0.95,0.3842586259448254,-0.5657413740551746,0.5657413740551746,False
3,coherent_0231,coherent,,slot_probability,0.95,0.3842586259448254,-0.5657413740551746,0.5657413740551746,False
3,coherent_0231,coherent,,original_accuracy,0.97,0.38623046875,-0.58376953125,0.58376953125,False
3,coherent_0231,coherent,,slot_accuracy,0.97,0.38623046875,-0.58376953125,0.58376953125,False
3,value_0231,value_only,,original_probability,0.26,0.05225189678509132,-0.2077481032149087,0.2077481032149087,False
3,value_0231,value_only,,slot_probability,0.95,0.3762974566454948,-0.5737025433545051,0.5737025433545051,False
3,value_0231,value_only,,original_accuracy,0.25,0.05517578125,-0.19482421875,0.19482421875,False
3,value_0231,value_only,,slot_accuracy,0.97,0.38427734375,-0.58572265625,0.58572265625,False
3,coherent_0312,coherent,,original_probability,0.95,0.37262484869173285,-0.5773751513082671,0.5773751513082671,False
3,coherent_0312,coherent,,slot_probability,0.95,0.37262484869173285,-0.5773751513082671,0.5773751513082671,False
3,coherent_0312,coherent,,original_accuracy,0.97,0.37255859375,-0.59744140625,0.59744140625,False
3,coherent_0312,coherent,,slot_accuracy,0.97,0.37255859375,-0.59744140625,0.59744140625,False
3,value_0312,value_only,,slot_probability,0.95,0.37350294652255883,-0.5764970534774412,0.5764970534774412,False
3,value_0312,value_only,,slot_accuracy,0.97,0.37841796875,-0.59158203125,0.59158203125,False
3,coherent_0321,coherent,,original_probability,0.95,0.3764575550945781,-0.5735424449054218,0.5735424449054218,False
3,coherent_0321,coherent,,slot_probability,0.95,0.3764575550945781,-0.5735424449054218,0.5735424449054218,False
3,coherent_0321,coherent,,original_accuracy,0.97,0.3759765625,-0.5940234375,0.5940234375,False
3,coherent_0321,coherent,,slot_accuracy,0.97,0.3759765625,-0.5940234375,0.5940234375,False
3,value_0321,value_only,,original_probability,0.49,0.12997779352264666,-0.36002220647735333,0.36002220647735333,False
3,value_0321,value_only,,slot_probability,0.95,0.3810010406140547,-0.5689989593859452,0.5689989593859452,False
3,value_0321,value_only,,original_accuracy,0.49,0.1357421875,-0.3542578125,0.3542578125,False
3,value_0321,value_only,,slot_accuracy,0.97,0.38720703125,-0.58279296875,0.58279296875,False
3,coherent_1023,coherent,,original_probability,0.95,0.3810470385172895,-0.5689529614827105,0.5689529614827105,False
3,coherent_1023,coherent,,slot_probability,0.95,0.3810470385172895,-0.5689529614827105,0.5689529614827105,False
3,coherent_1023,coherent,,original_accuracy,0.97,0.3818359375,-0.5881640625,0.5881640625,False
3,coherent_1023,coherent,,slot_accuracy,0.97,0.3818359375,-0.5881640625,0.5881640625,False
3,value_1023,value_only,,slot_probability,0.95,0.37820813319882696,-0.571791866801173,0.571791866801173,False
3,value_1023,value_only,,slot_accuracy,0.97,0.380859375,-0.589140625,0.589140625,False
3,coherent_1032,coherent,coherent_control,original_probability,0.95,0.3760195600468244,-0.5739804399531756,0.5739804399531756,False
3,coherent_1032,coherent,coherent_control,slot_probability,0.95,0.3760195600468244,-0.5739804399531756,0.5739804399531756,False
3,coherent_1032,coherent,coherent_control,original_accuracy,0.97,0.3798828125,-0.5901171875,0.5901171875,False
3,coherent_1032,coherent,coherent_control,slot_accuracy,0.97,0.3798828125,-0.5901171875,0.5901171875,False
3,value_1032,value_only,value_derangement,slot_probability,0.95,0.381410548519884,-0.568589451480116,0.568589451480116,False
3,value_1032,value_only,value_derangement,slot_accuracy,0.97,0.3837890625,-0.5862109375,0.5862109375,False
3,coherent_1203,coherent,,original_probability,0.95,0.37688772525402636,-0.5731122747459736,0.5731122747459736,False
3,coherent_1203,coherent,,slot_probability,0.95,0.37688772525402636,-0.5731122747459736,0.5731122747459736,False
3,coherent_1203,coherent,,original_accuracy,0.97,0.38134765625,-0.58865234375,0.58865234375,False
3,coherent_1203,coherent,,slot_accuracy,0.97,0.38134765625,-0.58865234375,0.58865234375,False
3,value_1203,value_only,,slot_probability,0.95,0.37528682410966263,-0.5747131758903373,0.5747131758903373,False
3,value_1203,value_only,,slot_accuracy,0.97,0.38232421875,-0.58767578125,0.58767578125,False
3,coherent_1230,coherent,coherent_control,original_probability,0.95,0.3869901525509851,-0.5630098474490148,0.5630098474490148,False
3,coherent_1230,coherent,coherent_control,slot_probability,0.95,0.3869901525509851,-0.5630098474490148,0.5630098474490148,False
3,coherent_1230,coherent,coherent_control,original_accuracy,0.97,0.39453125,-0.57546875,0.57546875,False
3,coherent_1230,coherent,coherent_control,slot_accuracy,0.97,0.39453125,-0.57546875,0.57546875,False
3,value_1230,value_only,value_derangement,slot_probability,0.95,0.37940971620916525,-0.5705902837908348,0.5705902837908348,False
3,value_1230,value_only,value_derangement,slot_accuracy,0.97,0.38427734375,-0.58572265625,0.58572265625,False
3,coherent_1302,coherent,coherent_control,original_probability,0.95,0.38083379413118057,-0.5691662058688194,0.5691662058688194,False
3,coherent_1302,coherent,coherent_control,slot_probability,0.95,0.38083379413118057,-0.5691662058688194,0.5691662058688194,False
3,coherent_1302,coherent,coherent_control,original_accuracy,0.97,0.38232421875,-0.58767578125,0.58767578125,False
3,coherent_1302,coherent,coherent_control,slot_accuracy,0.97,0.38232421875,-0.58767578125,0.58767578125,False
3,value_1302,value_only,value_derangement,slot_probability,0.95,0.38065936175382586,-0.5693406382461741,0.5693406382461741,False
3,value_1302,value_only,value_derangement,original_accuracy,0.01,0.1748046875,0.1648046875,0.1648046875,False
3,value_1302,value_only,value_derangement,slot_accuracy,0.97,0.3857421875,-0.5842578125,0.5842578125,False
3,coherent_1320,coherent,,original_probability,0.95,0.39121453129250827,-0.5587854687074917,0.5587854687074917,False
3,coherent_1320,coherent,,slot_probability,0.95,0.39121453129250827,-0.5587854687074917,0.5587854687074917,False
3,coherent_1320,coherent,,original_accuracy,0.97,0.39501953125,-0.57498046875,0.57498046875,False
3,coherent_1320,coherent,,slot_accuracy,0.97,0.39501953125,-0.57498046875,0.57498046875,False
3,value_1320,value_only,,slot_probability,0.95,0.38343856857681624,-0.5665614314231837,0.5665614314231837,False
3,value_1320,value_only,,slot_accuracy,0.97,0.38330078125,-0.58669921875,0.58669921875,False
3,coherent_2013,coherent,,original_probability,0.95,0.3972516606710859,-0.5527483393289141,0.5527483393289141,False
3,coherent_2013,coherent,,slot_probability,0.95,0.3972516606710859,-0.5527483393289141,0.5527483393289141,False
3,coherent_2013,coherent,,original_accuracy,0.97,0.3984375,-0.5715625,0.5715625,False
3,coherent_2013,coherent,,slot_accuracy,0.97,0.3984375,-0.5715625,0.5715625,False
3,value_2013,value_only,,original_probability,0.26,0.4878466569493404,0.22784665694934036,0.22784665694934036,False
3,value_2013,value_only,,slot_probability,0.95,0.37622996732322633,-0.5737700326767736,0.5737700326767736,False
3,value_2013,value_only,,original_accuracy,0.25,0.49267578125,0.24267578125,0.24267578125,False
3,value_2013,value_only,,slot_accuracy,0.97,0.37890625,-0.59109375,0.59109375,False
3,coherent_2031,coherent,coherent_control,original_probability,0.95,0.4032120299033437,-0.5467879700966563,0.5467879700966563,False
3,coherent_2031,coherent,coherent_control,slot_probability,0.95,0.4032120299033437,-0.5467879700966563,0.5467879700966563,False
3,coherent_2031,coherent,coherent_control,original_accuracy,0.97,0.40966796875,-0.56033203125,0.56033203125,False
3,coherent_2031,coherent,coherent_control,slot_accuracy,0.97,0.40966796875,-0.56033203125,0.56033203125,False
3,value_2031,value_only,value_derangement,slot_probability,0.95,0.3848220122563802,-0.5651779877436198,0.5651779877436198,False
3,value_2031,value_only,value_derangement,slot_accuracy,0.97,0.392578125,-0.577421875,0.577421875,False
3,coherent_2103,coherent,,original_probability,0.95,0.39055442297633525,-0.5594455770236647,0.5594455770236647,False
3,coherent_2103,coherent,,slot_probability,0.95,0.39055442297633525,-0.5594455770236647,0.5594455770236647,False
3,coherent_2103,coherent,,original_accuracy,0.97,0.3994140625,-0.5705859375,0.5705859375,False
3,coherent_2103,coherent,,slot_accuracy,0.97,0.3994140625,-0.5705859375,0.5705859375,False
3,value_2103,value_only,,slot_probability,0.95,0.37587263969084145,-0.5741273603091586,0.5741273603091586,False
3,value_2103,value_only,,slot_accuracy,0.97,0.3818359375,-0.5881640625,0.5881640625,False
3,coherent_2130,coherent,,original_probability,0.95,0.39618043926375457,-0.5538195607362454,0.5538195607362454,False
3,coherent_2130,coherent,,slot_probability,0.95,0.39618043926375457,-0.5538195607362454,0.5538195607362454,False
3,coherent_2130,coherent,,original_accuracy,0.97,0.39892578125,-0.57107421875,0.57107421875,False
3,coherent_2130,coherent,,slot_accuracy,0.97,0.39892578125,-0.57107421875,0.57107421875,False
3,value_2130,value_only,,original_probability,0.26,0.08900212936369825,-0.17099787063630176,0.17099787063630176,False
3,value_2130,value_only,,slot_probability,0.95,0.3798378578598065,-0.5701621421401935,0.5701621421401935,False
3,value_2130,value_only,,original_accuracy,0.25,0.0966796875,-0.1533203125,0.1533203125,False
3,value_2130,value_only,,slot_accuracy,0.97,0.388671875,-0.581328125,0.581328125,False
3,coherent_2301,coherent,coherent_control,original_probability,0.95,0.3931491262091582,-0.5568508737908417,0.5568508737908417,False
3,coherent_2301,coherent,coherent_control,slot_probability,0.95,0.3931491262091582,-0.5568508737908417,0.5568508737908417,False
3,coherent_2301,coherent,coherent_control,original_accuracy,0.97,0.3935546875,-0.5764453125,0.5764453125,False
3,coherent_2301,coherent,coherent_control,slot_accuracy,0.97,0.3935546875,-0.5764453125,0.5764453125,False
3,value_2301,value_only,value_derangement,slot_probability,0.95,0.38118531907310715,-0.5688146809268928,0.5688146809268928,False
3,value_2301,value_only,value_derangement,original_accuracy,0.01,0.177734375,0.167734375,0.167734375,False
3,value_2301,value_only,value_derangement,slot_accuracy,0.97,0.388671875,-0.581328125,0.581328125,False
3,coherent_2310,coherent,coherent_control,original_probability,0.95,0.40315866156902574,-0.5468413384309743,0.5468413384309743,False
3,coherent_2310,coherent,coherent_control,slot_probability,0.95,0.40315866156902574,-0.5468413384309743,0.5468413384309743,False
3,coherent_2310,coherent,coherent_control,original_accuracy,0.97,0.41015625,-0.55984375,0.55984375,False
3,coherent_2310,coherent,coherent_control,slot_accuracy,0.97,0.41015625,-0.55984375,0.55984375,False
3,value_2310,value_only,value_derangement,original_probability,0.03,0.217080589507321,0.187080589507321,0.187080589507321,False
3,value_2310,value_only,value_derangement,slot_probability,0.95,0.3808784549249809,-0.5691215450750191,0.5691215450750191,False
3,value_2310,value_only,value_derangement,original_accuracy,0.01,0.2177734375,0.2077734375,0.2077734375,False
3,value_2310,value_only,value_derangement,slot_accuracy,0.97,0.384765625,-0.585234375,0.585234375,False
3,coherent_3012,coherent,coherent_control,original_probability,0.95,0.38250466877959605,-0.5674953312204039,0.5674953312204039,False
3,coherent_3012,coherent,coherent_control,slot_probability,0.95,0.38250466877959605,-0.5674953312204039,0.5674953312204039,False
3,coherent_3012,coherent,coherent_control,original_accuracy,0.97,0.388671875,-0.581328125,0.581328125,False
3,coherent_3012,coherent,coherent_control,slot_accuracy,0.97,0.388671875,-0.581328125,0.581328125,False
3,value_3012,value_only,value_derangement,original_probability,0.03,0.2831377563937534,0.25313775639375335,0.25313775639375335,False
3,value_3012,value_only,value_derangement,slot_probability,0.95,0.37969079185056953,-0.5703092081494304,0.5703092081494304,False
3,value_3012,value_only,value_derangement,original_accuracy,0.01,0.29296875,0.28296875,0.28296875,False
3,value_3012,value_only,value_derangement,slot_accuracy,0.97,0.38232421875,-0.58767578125,0.58767578125,False
3,coherent_3021,coherent,,original_probability,0.95,0.3973427919771818,-0.5526572080228181,0.5526572080228181,False
3,coherent_3021,coherent,,slot_probability,0.95,0.3973427919771818,-0.5526572080228181,0.5526572080228181,False
3,coherent_3021,coherent,,original_accuracy,0.97,0.40087890625,-0.56912109375,0.56912109375,False
3,coherent_3021,coherent,,slot_accuracy,0.97,0.40087890625,-0.56912109375,0.56912109375,False
3,value_3021,value_only,,slot_probability,0.95,0.3872413458781569,-0.562758654121843,0.562758654121843,False
3,value_3021,value_only,,slot_accuracy,0.97,0.39501953125,-0.57498046875,0.57498046875,False
3,coherent_3102,coherent,,original_probability,0.95,0.3892493312042069,-0.560750668795793,0.560750668795793,False
3,coherent_3102,coherent,,slot_probability,0.95,0.3892493312042069,-0.560750668795793,0.560750668795793,False
3,coherent_3102,coherent,,original_accuracy,0.97,0.396484375,-0.573515625,0.573515625,False
3,coherent_3102,coherent,,slot_accuracy,0.97,0.396484375,-0.573515625,0.573515625,False
3,value_3102,value_only,,slot_probability,0.95,0.3794021729902591,-0.5705978270097409,0.5705978270097409,False
3,value_3102,value_only,,slot_accuracy,0.97,0.388671875,-0.581328125,0.581328125,False
3,coherent_3120,coherent,,original_probability,0.95,0.3940405999334786,-0.5559594000665213,0.5559594000665213,False
3,coherent_3120,coherent,,slot_probability,0.95,0.3940405999334786,-0.5559594000665213,0.5559594000665213,False
3,coherent_3120,coherent,,original_accuracy,0.97,0.39697265625,-0.57302734375,0.57302734375,False
3,coherent_3120,coherent,,slot_accuracy,0.97,0.39697265625,-0.57302734375,0.57302734375,False
3,value_3120,value_only,,original_probability,0.49,0.16430957865524878,-0.32569042134475124,0.32569042134475124,False
3,value_3120,value_only,,slot_probability,0.95,0.38062857823208457,-0.5693714217679153,0.5693714217679153,False
3,value_3120,value_only,,original_accuracy,0.49,0.1708984375,-0.3191015625,0.3191015625,False
3,value_3120,value_only,,slot_accuracy,0.97,0.38427734375,-0.58572265625,0.58572265625,False
3,coherent_3201,coherent,coherent_control,original_probability,0.95,0.4012362828617416,-0.5487637171382583,0.5487637171382583,False
3,coherent_3201,coherent,coherent_control,slot_probability,0.95,0.4012362828617416,-0.5487637171382583,0.5487637171382583,False
3,coherent_3201,coherent,coherent_control,original_accuracy,0.97,0.40087890625,-0.56912109375,0.56912109375,False
3,coherent_3201,coherent,coherent_control,slot_accuracy,0.97,0.40087890625,-0.56912109375,0.56912109375,False
3,value_3201,value_only,value_derangement,slot_probability,0.95,0.3791221912304047,-0.5708778087695953,0.5708778087695953,False
3,value_3201,value_only,value_derangement,original_accuracy,0.01,0.1787109375,0.1687109375,0.1687109375,False
3,value_3201,value_only,value_derangement,slot_accuracy,0.97,0.3857421875,-0.5842578125,0.5842578125,False
3,coherent_3210,coherent,coherent_control,original_probability,0.95,0.41155179490555593,-0.538448205094444,0.538448205094444,False
3,coherent_3210,coherent,coherent_control,slot_probability,0.95,0.41155179490555593,-0.538448205094444,0.538448205094444,False
3,coherent_3210,coherent,coherent_control,original_accuracy,0.97,0.41552734375,-0.55447265625,0.55447265625,False
3,coherent_3210,coherent,coherent_control,slot_accuracy,0.97,0.41552734375,-0.55447265625,0.55447265625,False
3,value_3210,value_only,value_derangement,original_probability,0.03,0.21812608137275022,0.18812608137275022,0.18812608137275022,False
3,value_3210,value_only,value_derangement,slot_probability,0.95,0.37653707185589186,-0.5734629281441082,0.5734629281441082,False
3,value_3210,value_only,value_derangement,original_accuracy,0.01,0.21923828125,0.20923828125,0.20923828125,False
3,value_3210,value_only,value_derangement,slot_accuracy,0.97,0.38232421875,-0.58767578125,0.58767578125,False
4,grouped_canonical,reference,,original_probability,0.95,0.3302904932679759,-0.6197095067320241,0.6197095067320241,False
4,grouped_canonical,reference,,slot_probability,0.95,0.3302904932679759,-0.6197095067320241,0.6197095067320241,False
4,grouped_canonical,reference,,original_accuracy,0.97,0.33154296875,-0.63845703125,0.63845703125,False
4,grouped_canonical,reference,,slot_accuracy,0.97,0.33154296875,-0.63845703125,0.63845703125,False
4,coherent_0132,coherent,,original_probability,0.95,0.3164720189248198,-0.6335279810751802,0.6335279810751802,False
4,coherent_0132,coherent,,slot_probability,0.95,0.3164720189248198,-0.6335279810751802,0.6335279810751802,False
4,coherent_0132,coherent,,original_accuracy,0.97,0.3232421875,-0.6467578125,0.6467578125,False
4,coherent_0132,coherent,,slot_accuracy,0.97,0.3232421875,-0.6467578125,0.6467578125,False
4,value_0132,value_only,,original_probability,0.49,0.1367427563660082,-0.3532572436339918,0.3532572436339918,False
4,value_0132,value_only,,slot_probability,0.95,0.32574725336162924,-0.6242527466383707,0.6242527466383707,False
4,value_0132,value_only,,original_accuracy,0.49,0.13037109375,-0.35962890625,0.35962890625,False
4,value_0132,value_only,,slot_accuracy,0.97,0.330078125,-0.639921875,0.639921875,False
4,coherent_0213,coherent,,original_probability,0.95,0.32048855742541826,-0.6295114425745817,0.6295114425745817,False
4,coherent_0213,coherent,,slot_probability,0.95,0.32048855742541826,-0.6295114425745817,0.6295114425745817,False
4,coherent_0213,coherent,,original_accuracy,0.97,0.326171875,-0.643828125,0.643828125,False
4,coherent_0213,coherent,,slot_accuracy,0.97,0.326171875,-0.643828125,0.643828125,False
4,value_0213,value_only,,original_probability,0.49,0.24710384590140866,-0.24289615409859133,0.24289615409859133,False
4,value_0213,value_only,,slot_probability,0.95,0.3175847058108334,-0.6324152941891665,0.6324152941891665,False
4,value_0213,value_only,,original_accuracy,0.49,0.2529296875,-0.2370703125,0.2370703125,False
4,value_0213,value_only,,slot_accuracy,0.97,0.32763671875,-0.64236328125,0.64236328125,False
4,coherent_0231,coherent,,original_probability,0.95,0.3242215209020888,-0.6257784790979112,0.6257784790979112,False
4,coherent_0231,coherent,,slot_probability,0.95,0.3242215209020888,-0.6257784790979112,0.6257784790979112,False
4,coherent_0231,coherent,,original_accuracy,0.97,0.330078125,-0.639921875,0.639921875,False
4,coherent_0231,coherent,,slot_accuracy,0.97,0.330078125,-0.639921875,0.639921875,False
4,value_0231,value_only,,slot_probability,0.95,0.32321701949211484,-0.6267829805078851,0.6267829805078851,False
4,value_0231,value_only,,slot_accuracy,0.97,0.3310546875,-0.6389453125,0.6389453125,False
4,coherent_0312,coherent,,original_probability,0.95,0.3367551311704411,-0.6132448688295589,0.6132448688295589,False
4,coherent_0312,coherent,,slot_probability,0.95,0.3367551311704411,-0.6132448688295589,0.6132448688295589,False
4,coherent_0312,coherent,,original_accuracy,0.97,0.3447265625,-0.6252734375,0.6252734375,False
4,coherent_0312,coherent,,slot_accuracy,0.97,0.3447265625,-0.6252734375,0.6252734375,False
4,value_0312,value_only,,slot_probability,0.95,0.3250506532155426,-0.6249493467844573,0.6249493467844573,False
4,value_0312,value_only,,slot_accuracy,0.97,0.33203125,-0.63796875,0.63796875,False
4,coherent_0321,coherent,,original_probability,0.95,0.3398825441699247,-0.6101174558300753,0.6101174558300753,False
4,coherent_0321,coherent,,slot_probability,0.95,0.3398825441699247,-0.6101174558300753,0.6101174558300753,False
4,coherent_0321,coherent,,original_accuracy,0.97,0.3486328125,-0.6213671875,0.6213671875,False
4,coherent_0321,coherent,,slot_accuracy,0.97,0.3486328125,-0.6213671875,0.6213671875,False
4,value_0321,value_only,,original_probability,0.49,0.24319218193635989,-0.2468078180636401,0.2468078180636401,False
4,value_0321,value_only,,slot_probability,0.95,0.3278209616452462,-0.6221790383547537,0.6221790383547537,False
4,value_0321,value_only,,original_accuracy,0.49,0.2421875,-0.2478125,0.2478125,False
4,value_0321,value_only,,slot_accuracy,0.97,0.330078125,-0.639921875,0.639921875,False
4,coherent_1023,coherent,,original_probability,0.95,0.34169636028275086,-0.6083036397172491,0.6083036397172491,False
4,coherent_1023,coherent,,slot_probability,0.95,0.34169636028275086,-0.6083036397172491,0.6083036397172491,False
4,coherent_1023,coherent,,original_accuracy,0.97,0.34423828125,-0.62576171875,0.62576171875,False
4,coherent_1023,coherent,,slot_accuracy,0.97,0.34423828125,-0.62576171875,0.62576171875,False
4,value_1023,value_only,,original_probability,0.49,0.32796978055577886,-0.16203021944422114,0.16203021944422114,False
4,value_1023,value_only,,slot_probability,0.95,0.32869650497339764,-0.6213034950266023,0.6213034950266023,False
4,value_1023,value_only,,original_accuracy,0.49,0.3349609375,-0.1550390625,0.1550390625,False
4,value_1023,value_only,,slot_accuracy,0.97,0.333984375,-0.636015625,0.636015625,False
4,coherent_1032,coherent,coherent_control,original_probability,0.95,0.3258306126652797,-0.6241693873347203,0.6241693873347203,False
4,coherent_1032,coherent,coherent_control,slot_probability,0.95,0.3258306126652797,-0.6241693873347203,0.6241693873347203,False
4,coherent_1032,coherent,coherent_control,original_accuracy,0.97,0.33349609375,-0.63650390625,0.63650390625,False
4,coherent_1032,coherent,coherent_control,slot_accuracy,0.97,0.33349609375,-0.63650390625,0.63650390625,False
4,value_1032,value_only,value_derangement,slot_probability,0.95,0.32144552925933156,-0.6285544707406684,0.6285544707406684,False
4,value_1032,value_only,value_derangement,slot_accuracy,0.97,0.3310546875,-0.6389453125,0.6389453125,False
4,coherent_1203,coherent,,original_probability,0.95,0.326013911770332,-0.623986088229668,0.623986088229668,False
4,coherent_1203,coherent,,slot_probability,0.95,0.326013911770332,-0.623986088229668,0.623986088229668,False
4,coherent_1203,coherent,,original_accuracy,0.97,0.33056640625,-0.63943359375,0.63943359375,False
4,coherent_1203,coherent,,slot_accuracy,0.97,0.33056640625,-0.63943359375,0.63943359375,False
4,value_1203,value_only,,slot_probability,0.95,0.32283715417880576,-0.6271628458211942,0.6271628458211942,False
4,value_1203,value_only,,slot_accuracy,0.97,0.33056640625,-0.63943359375,0.63943359375,False
4,coherent_1230,coherent,coherent_control,original_probability,0.95,0.3210644937174757,-0.6289355062825243,0.6289355062825243,False
4,coherent_1230,coherent,coherent_control,slot_probability,0.95,0.3210644937174757,-0.6289355062825243,0.6289355062825243,False
4,coherent_1230,coherent,coherent_control,original_accuracy,0.97,0.330078125,-0.639921875,0.639921875,False
4,coherent_1230,coherent,coherent_control,slot_accuracy,0.97,0.330078125,-0.639921875,0.639921875,False
4,value_1230,value_only,value_derangement,slot_probability,0.95,0.3288554870039344,-0.6211445129960655,0.6211445129960655,False
4,value_1230,value_only,value_derangement,slot_accuracy,0.97,0.33837890625,-0.63162109375,0.63162109375,False
4,coherent_1302,coherent,coherent_control,original_probability,0.95,0.33706386510618214,-0.6129361348938178,0.6129361348938178,False
4,coherent_1302,coherent,coherent_control,slot_probability,0.95,0.33706386510618214,-0.6129361348938178,0.6129361348938178,False
4,coherent_1302,coherent,coherent_control,original_accuracy,0.97,0.3408203125,-0.6291796875,0.6291796875,False
4,coherent_1302,coherent,coherent_control,slot_accuracy,0.97,0.3408203125,-0.6291796875,0.6291796875,False
4,value_1302,value_only,value_derangement,slot_probability,0.95,0.3255346107110295,-0.6244653892889704,0.6244653892889704,False
4,value_1302,value_only,value_derangement,slot_accuracy,0.97,0.33642578125,-0.63357421875,0.63357421875,False
4,coherent_1320,coherent,,original_probability,0.95,0.3344486011651122,-0.6155513988348877,0.6155513988348877,False
4,coherent_1320,coherent,,slot_probability,0.95,0.3344486011651122,-0.6155513988348877,0.6155513988348877,False
4,coherent_1320,coherent,,original_accuracy,0.97,0.3515625,-0.6184375,0.6184375,False
4,coherent_1320,coherent,,slot_accuracy,0.97,0.3515625,-0.6184375,0.6184375,False
4,value_1320,value_only,,slot_probability,0.95,0.3359553849446957,-0.6140446150553043,0.6140446150553043,False
4,value_1320,value_only,,slot_accuracy,0.97,0.34423828125,-0.62576171875,0.62576171875,False
4,coherent_2013,coherent,,original_probability,0.95,0.30008909719613075,-0.6499109028038692,0.6499109028038692,False
4,coherent_2013,coherent,,slot_probability,0.95,0.30008909719613075,-0.6499109028038692,0.6499109028038692,False
4,coherent_2013,coherent,,original_accuracy,0.97,0.30322265625,-0.66677734375,0.66677734375,False
4,coherent_2013,coherent,,slot_accuracy,0.97,0.30322265625,-0.66677734375,0.66677734375,False
4,value_2013,value_only,,slot_probability,0.95,0.31563933435534075,-0.6343606656446592,0.6343606656446592,False
4,value_2013,value_only,,slot_accuracy,0.97,0.31640625,-0.65359375,0.65359375,False
4,coherent_2031,coherent,coherent_control,original_probability,0.95,0.29637483872451487,-0.6536251612754851,0.6536251612754851,False
4,coherent_2031,coherent,coherent_control,slot_probability,0.95,0.29637483872451487,-0.6536251612754851,0.6536251612754851,False
4,coherent_2031,coherent,coherent_control,original_accuracy,0.97,0.302734375,-0.667265625,0.667265625,False
4,coherent_2031,coherent,coherent_control,slot_accuracy,0.97,0.302734375,-0.667265625,0.667265625,False
4,value_2031,value_only,value_derangement,slot_probability,0.95,0.3212167584301013,-0.6287832415698986,0.6287832415698986,False
4,value_2031,value_only,value_derangement,original_accuracy,0.01,0.16796875,0.15796875,0.15796875,False
4,value_2031,value_only,value_derangement,slot_accuracy,0.97,0.32763671875,-0.64236328125,0.64236328125,False
4,coherent_2103,coherent,,original_probability,0.95,0.30348266246114197,-0.646517337538858,0.646517337538858,False
4,coherent_2103,coherent,,slot_probability,0.95,0.30348266246114197,-0.646517337538858,0.646517337538858,False
4,coherent_2103,coherent,,original_accuracy,0.97,0.314453125,-0.655546875,0.655546875,False
4,coherent_2103,coherent,,slot_accuracy,0.97,0.314453125,-0.655546875,0.655546875,False
4,value_2103,value_only,,original_probability,0.49,0.28816841929338255,-0.20183158070661744,0.20183158070661744,False
4,value_2103,value_only,,slot_probability,0.95,0.32269020982256214,-0.6273097901774378,0.6273097901774378,False
4,value_2103,value_only,,original_accuracy,0.49,0.2919921875,-0.1980078125,0.1980078125,False
4,value_2103,value_only,,slot_accuracy,0.97,0.3310546875,-0.6389453125,0.6389453125,False
4,coherent_2130,coherent,,original_probability,0.95,0.2831683088984621,-0.6668316911015378,0.6668316911015378,False
4,coherent_2130,coherent,,slot_probability,0.95,0.2831683088984621,-0.6668316911015378,0.6668316911015378,False
4,coherent_2130,coherent,,original_accuracy,0.97,0.28564453125,-0.68435546875,0.68435546875,False
4,coherent_2130,coherent,,slot_accuracy,0.97,0.28564453125,-0.68435546875,0.68435546875,False
4,value_2130,value_only,,slot_probability,0.95,0.3322676577512915,-0.6177323422487084,0.6177323422487084,False
4,value_2130,value_only,,slot_accuracy,0.97,0.3408203125,-0.6291796875,0.6291796875,False
4,coherent_2301,coherent,coherent_control,original_probability,0.95,0.3130286696599127,-0.6369713303400872,0.6369713303400872,False
4,coherent_2301,coherent,coherent_control,slot_probability,0.95,0.3130286696599127,-0.6369713303400872,0.6369713303400872,False
4,coherent_2301,coherent,coherent_control,original_accuracy,0.97,0.32470703125,-0.64529296875,0.64529296875,False
4,coherent_2301,coherent,coherent_control,slot_accuracy,0.97,0.32470703125,-0.64529296875,0.64529296875,False
4,value_2301,value_only,value_derangement,original_probability,0.03,0.20141350415262121,0.17141350415262122,0.17141350415262122,False
4,value_2301,value_only,value_derangement,slot_probability,0.95,0.32328462508469125,-0.6267153749153087,0.6267153749153087,False
4,value_2301,value_only,value_derangement,original_accuracy,0.01,0.19287109375,0.18287109375,0.18287109375,False
4,value_2301,value_only,value_derangement,slot_accuracy,0.97,0.333984375,-0.636015625,0.636015625,False
4,coherent_2310,coherent,coherent_control,original_probability,0.95,0.30298028653848474,-0.6470197134615152,0.6470197134615152,False
4,coherent_2310,coherent,coherent_control,slot_probability,0.95,0.30298028653848474,-0.6470197134615152,0.6470197134615152,False
4,coherent_2310,coherent,coherent_control,original_accuracy,0.97,0.310546875,-0.659453125,0.659453125,False
4,coherent_2310,coherent,coherent_control,slot_accuracy,0.97,0.310546875,-0.659453125,0.659453125,False
4,value_2310,value_only,value_derangement,slot_probability,0.95,0.33084094149410465,-0.6191590585058953,0.6191590585058953,False
4,value_2310,value_only,value_derangement,slot_accuracy,0.97,0.34130859375,-0.62869140625,0.62869140625,False
4,coherent_3012,coherent,coherent_control,original_probability,0.95,0.3375404328319054,-0.6124595671680946,0.6124595671680946,False
4,coherent_3012,coherent,coherent_control,slot_probability,0.95,0.3375404328319054,-0.6124595671680946,0.6124595671680946,False
4,coherent_3012,coherent,coherent_control,original_accuracy,0.97,0.34326171875,-0.62673828125,0.62673828125,False
4,coherent_3012,coherent,coherent_control,slot_accuracy,0.97,0.34326171875,-0.62673828125,0.62673828125,False
4,value_3012,value_only,value_derangement,slot_probability,0.95,0.3169379921723199,-0.6330620078276801,0.6330620078276801,False
4,value_3012,value_only,value_derangement,slot_accuracy,0.97,0.33251953125,-0.63748046875,0.63748046875,False
4,coherent_3021,coherent,,original_probability,0.95,0.34879199726929466,-0.6012080027307053,0.6012080027307053,False
4,coherent_3021,coherent,,slot_probability,0.95,0.34879199726929466,-0.6012080027307053,0.6012080027307053,False
4,coherent_3021,coherent,,original_accuracy,0.97,0.3623046875,-0.6076953125,0.6076953125,False
4,coherent_3021,coherent,,slot_accuracy,0.97,0.3623046875,-0.6076953125,0.6076953125,False
4,value_3021,value_only,,slot_probability,0.95,0.3291296101441478,-0.6208703898558521,0.6208703898558521,False
4,value_3021,value_only,,slot_accuracy,0.97,0.33837890625,-0.63162109375,0.63162109375,False
4,coherent_3102,coherent,,original_probability,0.95,0.34476614745754164,-0.6052338525424583,0.6052338525424583,False
4,coherent_3102,coherent,,slot_probability,0.95,0.34476614745754164,-0.6052338525424583,0.6052338525424583,False
4,coherent_3102,coherent,,original_accuracy,0.97,0.3505859375,-0.6194140625,0.6194140625,False
4,coherent_3102,coherent,,slot_accuracy,0.97,0.3505859375,-0.6194140625,0.6194140625,False
4,value_3102,value_only,,slot_probability,0.95,0.3209469880609551,-0.6290530119390448,0.6290530119390448,False
4,value_3102,value_only,,slot_accuracy,0.97,0.326171875,-0.643828125,0.643828125,False
4,coherent_3120,coherent,,original_probability,0.95,0.3366776846995957,-0.6133223153004043,0.6133223153004043,False
4,coherent_3120,coherent,,slot_probability,0.95,0.3366776846995957,-0.6133223153004043,0.6133223153004043,False
4,coherent_3120,coherent,,original_accuracy,0.97,0.34716796875,-0.62283203125,0.62283203125,False
4,coherent_3120,coherent,,slot_accuracy,0.97,0.34716796875,-0.62283203125,0.62283203125,False
4,value_3120,value_only,,original_probability,0.49,0.2039349251219149,-0.2860650748780851,0.2860650748780851,False
4,value_3120,value_only,,slot_probability,0.95,0.33490777513565406,-0.6150922248643459,0.6150922248643459,False
4,value_3120,value_only,,original_accuracy,0.49,0.20556640625,-0.28443359375,0.28443359375,False
4,value_3120,value_only,,slot_accuracy,0.97,0.34423828125,-0.62576171875,0.62576171875,False
4,coherent_3201,coherent,coherent_control,original_probability,0.95,0.348310656106231,-0.6016893438937689,0.6016893438937689,False
4,coherent_3201,coherent,coherent_control,slot_probability,0.95,0.348310656106231,-0.6016893438937689,0.6016893438937689,False
4,coherent_3201,coherent,coherent_control,original_accuracy,0.97,0.35498046875,-0.61501953125,0.61501953125,False
4,coherent_3201,coherent,coherent_control,slot_accuracy,0.97,0.35498046875,-0.61501953125,0.61501953125,False
4,value_3201,value_only,value_derangement,original_probability,0.03,0.21299394363957125,0.18299394363957125,0.18299394363957125,False
4,value_3201,value_only,value_derangement,slot_probability,0.95,0.3190077257240733,-0.6309922742759266,0.6309922742759266,False
4,value_3201,value_only,value_derangement,original_accuracy,0.01,0.20947265625,0.19947265625,0.19947265625,False
4,value_3201,value_only,value_derangement,slot_accuracy,0.97,0.3291015625,-0.6408984375,0.6408984375,False
4,coherent_3210,coherent,coherent_control,original_probability,0.95,0.3209870782521135,-0.6290129217478865,0.6290129217478865,False
4,coherent_3210,coherent,coherent_control,slot_probability,0.95,0.3209870782521135,-0.6290129217478865,0.6290129217478865,False
4,coherent_3210,coherent,coherent_control,original_accuracy,0.97,0.32666015625,-0.64333984375,0.64333984375,False
4,coherent_3210,coherent,coherent_control,slot_accuracy,0.97,0.32666015625,-0.64333984375,0.64333984375,False
4,value_3210,value_only,value_derangement,slot_probability,0.95,0.3203278714276437,-0.6296721285723563,0.6296721285723563,False
4,value_3210,value_only,value_derangement,slot_accuracy,0.97,0.33056640625,-0.63943359375,0.63943359375,False
5,grouped_canonical,reference,,original_probability,0.95,0.5721981659849689,-0.3778018340150311,0.3778018340150311,False
5,grouped_canonical,reference,,slot_probability,0.95,0.5721981659849689,-0.3778018340150311,0.3778018340150311,False
5,grouped_canonical,reference,,original_accuracy,0.97,0.58447265625,-0.38552734375,0.38552734375,False
5,grouped_canonical,reference,,slot_accuracy,0.97,0.58447265625,-0.38552734375,0.38552734375,False
5,coherent_0132,coherent,,original_probability,0.95,0.5846504743821168,-0.36534952561788314,0.36534952561788314,False
5,coherent_0132,coherent,,slot_probability,0.95,0.5846504743821168,-0.36534952561788314,0.36534952561788314,False
5,coherent_0132,coherent,,original_accuracy,0.97,0.59814453125,-0.37185546875,0.37185546875,False
5,coherent_0132,coherent,,slot_accuracy,0.97,0.59814453125,-0.37185546875,0.37185546875,False
5,value_0132,value_only,,original_probability,0.49,0.15178396505766836,-0.33821603494233166,0.33821603494233166,False
5,value_0132,value_only,,slot_probability,0.95,0.5727732713768008,-0.37722672862319917,0.37722672862319917,False
5,value_0132,value_only,,original_accuracy,0.49,0.1552734375,-0.3347265625,0.3347265625,False
5,value_0132,value_only,,slot_accuracy,0.97,0.5849609375,-0.3850390625,0.3850390625,False
5,coherent_0213,coherent,,original_probability,0.95,0.592435704517865,-0.357564295482135,0.357564295482135,False
5,coherent_0213,coherent,,slot_probability,0.95,0.592435704517865,-0.357564295482135,0.357564295482135,False
5,coherent_0213,coherent,,original_accuracy,0.97,0.609375,-0.360625,0.360625,False
5,coherent_0213,coherent,,slot_accuracy,0.97,0.609375,-0.360625,0.360625,False
5,value_0213,value_only,,original_probability,0.49,0.30900643720077353,-0.18099356279922646,0.18099356279922646,False
5,value_0213,value_only,,slot_probability,0.95,0.5825497572349072,-0.36745024276509275,0.36745024276509275,False
5,value_0213,value_only,,original_accuracy,0.49,0.3154296875,-0.1745703125,0.1745703125,False
5,value_0213,value_only,,slot_accuracy,0.97,0.591796875,-0.378203125,0.378203125,False
5,coherent_0231,coherent,,original_probability,0.95,0.5820969999060979,-0.3679030000939021,0.3679030000939021,False
5,coherent_0231,coherent,,slot_probability,0.95,0.5820969999060979,-0.3679030000939021,0.3679030000939021,False
5,coherent_0231,coherent,,original_accuracy,0.97,0.5947265625,-0.3752734375,0.3752734375,False
5,coherent_0231,coherent,,slot_accuracy,0.97,0.5947265625,-0.3752734375,0.3752734375,False
5,value_0231,value_only,,original_probability,0.26,0.09213530232486605,-0.16786469767513396,0.16786469767513396,False
5,value_0231,value_only,,slot_probability,0.95,0.5811651866173552,-0.3688348133826448,0.3688348133826448,False
5,value_0231,value_only,,original_accuracy,0.25,0.0888671875,-0.1611328125,0.1611328125,False
5,value_0231,value_only,,slot_accuracy,0.97,0.58935546875,-0.38064453125,0.38064453125,False
5,coherent_0312,coherent,,original_probability,0.95,0.5954661443219305,-0.3545338556780695,0.3545338556780695,False
5,coherent_0312,coherent,,slot_probability,0.95,0.5954661443219305,-0.3545338556780695,0.3545338556780695,False
5,coherent_0312,coherent,,original_accuracy,0.97,0.60595703125,-0.36404296875,0.36404296875,False
5,coherent_0312,coherent,,slot_accuracy,0.97,0.60595703125,-0.36404296875,0.36404296875,False
5,value_0312,value_only,,original_probability,0.26,0.05660139110803675,-0.20339860889196326,0.20339860889196326,False
5,value_0312,value_only,,slot_probability,0.95,0.5787200466439649,-0.37127995335603503,0.37127995335603503,False
5,value_0312,value_only,,original_accuracy,0.25,0.05712890625,-0.19287109375,0.19287109375,False
5,value_0312,value_only,,slot_accuracy,0.97,0.587890625,-0.382109375,0.382109375,False
5,coherent_0321,coherent,,original_probability,0.95,0.5863679681620526,-0.36363203183794734,0.36363203183794734,False
5,coherent_0321,coherent,,slot_probability,0.95,0.5863679681620526,-0.36363203183794734,0.36363203183794734,False
5,coherent_0321,coherent,,original_accuracy,0.97,0.591796875,-0.378203125,0.378203125,False
5,coherent_0321,coherent,,slot_accuracy,0.97,0.591796875,-0.378203125,0.378203125,False
5,value_0321,value_only,,original_probability,0.49,0.2611338242681184,-0.22886617573188162,0.22886617573188162,False
5,value_0321,value_only,,slot_probability,0.95,0.5751688459385347,-0.3748311540614653,0.3748311540614653,False
5,value_0321,value_only,,original_accuracy,0.49,0.25732421875,-0.23267578125,0.23267578125,False
5,value_0321,value_only,,slot_accuracy,0.97,0.58349609375,-0.38650390625,0.38650390625,False
5,coherent_1023,coherent,,original_probability,0.95,0.5370638141134348,-0.4129361858865651,0.4129361858865651,False
5,coherent_1023,coherent,,slot_probability,0.95,0.5370638141134348,-0.4129361858865651,0.4129361858865651,False
5,coherent_1023,coherent,,original_accuracy,0.97,0.54638671875,-0.42361328125,0.42361328125,False
5,coherent_1023,coherent,,slot_accuracy,0.97,0.54638671875,-0.42361328125,0.42361328125,False
5,value_1023,value_only,,slot_probability,0.95,0.574074721101479,-0.375925278898521,0.375925278898521,False
5,value_1023,value_only,,slot_accuracy,0.97,0.58642578125,-0.38357421875,0.38357421875,False
5,coherent_1032,coherent,coherent_control,original_probability,0.95,0.5505050171773354,-0.3994949828226646,0.3994949828226646,False
5,coherent_1032,coherent,coherent_control,slot_probability,0.95,0.5505050171773354,-0.3994949828226646,0.3994949828226646,False
5,coherent_1032,coherent,coherent_control,original_accuracy,0.97,0.56689453125,-0.40310546875,0.40310546875,False
5,coherent_1032,coherent,coherent_control,slot_accuracy,0.97,0.56689453125,-0.40310546875,0.40310546875,False
5,value_1032,value_only,value_derangement,slot_probability,0.95,0.575464737765105,-0.374535262234895,0.374535262234895,False
5,value_1032,value_only,value_derangement,slot_accuracy,0.97,0.58935546875,-0.38064453125,0.38064453125,False
5,coherent_1203,coherent,,original_probability,0.95,0.5539407093635078,-0.39605929063649215,0.39605929063649215,False
5,coherent_1203,coherent,,slot_probability,0.95,0.5539407093635078,-0.39605929063649215,0.39605929063649215,False
5,coherent_1203,coherent,,original_accuracy,0.97,0.564453125,-0.405546875,0.405546875,False
5,coherent_1203,coherent,,slot_accuracy,0.97,0.564453125,-0.405546875,0.405546875,False
5,value_1203,value_only,,slot_probability,0.95,0.5785684184437595,-0.37143158155624045,0.37143158155624045,False
5,value_1203,value_only,,slot_accuracy,0.97,0.587890625,-0.382109375,0.382109375,False
5,coherent_1230,coherent,coherent_control,original_probability,0.95,0.5454718589735057,-0.40452814102649426,0.40452814102649426,False
5,coherent_1230,coherent,coherent_control,slot_probability,0.95,0.5454718589735057,-0.40452814102649426,0.40452814102649426,False
5,coherent_1230,coherent,coherent_control,original_accuracy,0.97,0.55517578125,-0.41482421875,0.41482421875,False
5,coherent_1230,coherent,coherent_control,slot_accuracy,0.97,0.55517578125,-0.41482421875,0.41482421875,False
5,value_1230,value_only,value_derangement,slot_probability,0.95,0.5743346211627289,-0.375665378837271,0.375665378837271,False
5,value_1230,value_only,value_derangement,slot_accuracy,0.97,0.58349609375,-0.38650390625,0.38650390625,False
5,coherent_1302,coherent,coherent_control,original_probability,0.95,0.5624142038194828,-0.38758579618051714,0.38758579618051714,False
5,coherent_1302,coherent,coherent_control,slot_probability,0.95,0.5624142038194828,-0.38758579618051714,0.38758579618051714,False
5,coherent_1302,coherent,coherent_control,original_accuracy,0.97,0.57470703125,-0.39529296875,0.39529296875,False
5,coherent_1302,coherent,coherent_control,slot_accuracy,0.97,0.57470703125,-0.39529296875,0.39529296875,False
5,value_1302,value_only,value_derangement,slot_probability,0.95,0.5767741318629136,-0.37322586813708636,0.37322586813708636,False
5,value_1302,value_only,value_derangement,slot_accuracy,0.97,0.58642578125,-0.38357421875,0.38357421875,False
5,coherent_1320,coherent,,original_probability,0.95,0.5577799415348195,-0.3922200584651805,0.3922200584651805,False
5,coherent_1320,coherent,,slot_probability,0.95,0.5577799415348195,-0.3922200584651805,0.3922200584651805,False
5,coherent_1320,coherent,,original_accuracy,0.97,0.5673828125,-0.4026171875,0.4026171875,False
5,coherent_1320,coherent,,slot_accuracy,0.97,0.5673828125,-0.4026171875,0.4026171875,False
5,value_1320,value_only,,slot_probability,0.95,0.5743375143178684,-0.37566248568213156,0.37566248568213156,False
5,value_1320,value_only,,slot_accuracy,0.97,0.58154296875,-0.38845703125,0.38845703125,False
5,coherent_2013,coherent,,original_probability,0.95,0.5840439427241272,-0.36595605727587277,0.36595605727587277,False
5,coherent_2013,coherent,,slot_probability,0.95,0.5840439427241272,-0.36595605727587277,0.36595605727587277,False
5,coherent_2013,coherent,,original_accuracy,0.97,0.59326171875,-0.37673828125,0.37673828125,False
5,coherent_2013,coherent,,slot_accuracy,0.97,0.59326171875,-0.37673828125,0.37673828125,False
5,value_2013,value_only,,slot_probability,0.95,0.573615615537755,-0.376384384462245,0.376384384462245,False
5,value_2013,value_only,,slot_accuracy,0.97,0.58740234375,-0.38259765625,0.38259765625,False
5,coherent_2031,coherent,coherent_control,original_probability,0.95,0.5740797826556517,-0.3759202173443482,0.3759202173443482,False
5,coherent_2031,coherent,coherent_control,slot_probability,0.95,0.5740797826556517,-0.3759202173443482,0.3759202173443482,False
5,coherent_2031,coherent,coherent_control,original_accuracy,0.97,0.58251953125,-0.38748046875,0.38748046875,False
5,coherent_2031,coherent,coherent_control,slot_accuracy,0.97,0.58251953125,-0.38748046875,0.38748046875,False
5,value_2031,value_only,value_derangement,slot_probability,0.95,0.5722941804193975,-0.37770581958060245,0.37770581958060245,False
5,value_2031,value_only,value_derangement,slot_accuracy,0.97,0.58837890625,-0.38162109375,0.38162109375,False
5,coherent_2103,coherent,,original_probability,0.95,0.5729647481449633,-0.3770352518550366,0.3770352518550366,False
5,coherent_2103,coherent,,slot_probability,0.95,0.5729647481449633,-0.3770352518550366,0.3770352518550366,False
5,coherent_2103,coherent,,original_accuracy,0.97,0.58544921875,-0.38455078125,0.38455078125,False
5,coherent_2103,coherent,,slot_accuracy,0.97,0.58544921875,-0.38455078125,0.38455078125,False
5,value_2103,value_only,,slot_probability,0.95,0.568226251557517,-0.3817737484424829,0.3817737484424829,False
5,value_2103,value_only,,slot_accuracy,0.97,0.57861328125,-0.39138671875,0.39138671875,False
5,coherent_2130,coherent,,original_probability,0.95,0.5716584998539704,-0.3783415001460295,0.3783415001460295,False
5,coherent_2130,coherent,,slot_probability,0.95,0.5716584998539704,-0.3783415001460295,0.3783415001460295,False
5,coherent_2130,coherent,,original_accuracy,0.97,0.57861328125,-0.39138671875,0.39138671875,False
5,coherent_2130,coherent,,slot_accuracy,0.97,0.57861328125,-0.39138671875,0.39138671875,False
5,value_2130,value_only,,slot_probability,0.95,0.5688495360154209,-0.3811504639845791,0.3811504639845791,False
5,value_2130,value_only,,slot_accuracy,0.97,0.57421875,-0.39578125,0.39578125,False
5,coherent_2301,coherent,coherent_control,original_probability,0.95,0.6000232561322696,-0.34997674386773037,0.34997674386773037,False
5,coherent_2301,coherent,coherent_control,slot_probability,0.95,0.6000232561322696,-0.34997674386773037,0.34997674386773037,False
5,coherent_2301,coherent,coherent_control,original_accuracy,0.97,0.60986328125,-0.36013671875,0.36013671875,False
5,coherent_2301,coherent,coherent_control,slot_accuracy,0.97,0.60986328125,-0.36013671875,0.36013671875,False
5,value_2301,value_only,value_derangement,slot_probability,0.95,0.5713875915211835,-0.3786124084788165,0.3786124084788165,False
5,value_2301,value_only,value_derangement,slot_accuracy,0.97,0.58447265625,-0.38552734375,0.38552734375,False
5,coherent_2310,coherent,coherent_control,original_probability,0.95,0.5854512998197414,-0.36454870018025853,0.36454870018025853,False
5,coherent_2310,coherent,coherent_control,slot_probability,0.95,0.5854512998197414,-0.36454870018025853,0.36454870018025853,False
5,coherent_2310,coherent,coherent_control,original_accuracy,0.97,0.59814453125,-0.37185546875,0.37185546875,False
5,coherent_2310,coherent,coherent_control,slot_accuracy,0.97,0.59814453125,-0.37185546875,0.37185546875,False
5,value_2310,value_only,value_derangement,slot_probability,0.95,0.5754949136831549,-0.3745050863168451,0.3745050863168451,False
5,value_2310,value_only,value_derangement,slot_accuracy,0.97,0.58056640625,-0.38943359375,0.38943359375,False
5,coherent_3012,coherent,coherent_control,original_probability,0.95,0.5948360672101412,-0.3551639327898588,0.3551639327898588,False
5,coherent_3012,coherent,coherent_control,slot_probability,0.95,0.5948360672101412,-0.3551639327898588,0.3551639327898588,False
5,coherent_3012,coherent,coherent_control,original_accuracy,0.97,0.60107421875,-0.36892578125,0.36892578125,False
5,coherent_3012,coherent,coherent_control,slot_accuracy,0.97,0.60107421875,-0.36892578125,0.36892578125,False
5,value_3012,value_only,value_derangement,slot_probability,0.95,0.5753860428484261,-0.37461395715157386,0.37461395715157386,False
5,value_3012,value_only,value_derangement,slot_accuracy,0.97,0.587890625,-0.382109375,0.382109375,False
5,coherent_3021,coherent,,original_probability,0.95,0.5867385600219058,-0.3632614399780941,0.3632614399780941,False
5,coherent_3021,coherent,,slot_probability,0.95,0.5867385600219058,-0.3632614399780941,0.3632614399780941,False
5,coherent_3021,coherent,,original_accuracy,0.97,0.59423828125,-0.37576171875,0.37576171875,False
5,coherent_3021,coherent,,slot_accuracy,0.97,0.59423828125,-0.37576171875,0.37576171875,False
5,value_3021,value_only,,slot_probability,0.95,0.5762560844873271,-0.37374391551267283,0.37374391551267283,False
5,value_3021,value_only,,slot_accuracy,0.97,0.59033203125,-0.37966796875,0.37966796875,False
5,coherent_3102,coherent,,original_probability,0.95,0.5722782310861758,-0.37772176891382414,0.37772176891382414,False
5,coherent_3102,coherent,,slot_probability,0.95,0.5722782310861758,-0.37772176891382414,0.37772176891382414,False
5,coherent_3102,coherent,,original_accuracy,0.97,0.58154296875,-0.38845703125,0.38845703125,False
5,coherent_3102,coherent,,slot_accuracy,0.97,0.58154296875,-0.38845703125,0.38845703125,False
5,value_3102,value_only,,slot_probability,0.95,0.5727850102396272,-0.3772149897603727,0.3772149897603727,False
5,value_3102,value_only,,slot_accuracy,0.97,0.58154296875,-0.38845703125,0.38845703125,False
5,coherent_3120,coherent,,original_probability,0.95,0.5716045645768999,-0.37839543542310006,0.37839543542310006,False
5,coherent_3120,coherent,,slot_probability,0.95,0.5716045645768999,-0.37839543542310006,0.37839543542310006,False
5,coherent_3120,coherent,,original_accuracy,0.97,0.57958984375,-0.39041015625,0.39041015625,False
5,coherent_3120,coherent,,slot_accuracy,0.97,0.57958984375,-0.39041015625,0.39041015625,False
5,value_3120,value_only,,slot_probability,0.95,0.5725149674676382,-0.37748503253236176,0.37748503253236176,False
5,value_3120,value_only,,slot_accuracy,0.97,0.58056640625,-0.38943359375,0.38943359375,False
5,coherent_3201,coherent,coherent_control,original_probability,0.95,0.5929598432120682,-0.3570401567879318,0.3570401567879318,False
5,coherent_3201,coherent,coherent_control,slot_probability,0.95,0.5929598432120682,-0.3570401567879318,0.3570401567879318,False
5,coherent_3201,coherent,coherent_control,original_accuracy,0.97,0.60546875,-0.36453125,0.36453125,False
5,coherent_3201,coherent,coherent_control,slot_accuracy,0.97,0.60546875,-0.36453125,0.36453125,False
5,value_3201,value_only,value_derangement,slot_probability,0.95,0.579822402753032,-0.37017759724696797,0.37017759724696797,False
5,value_3201,value_only,value_derangement,slot_accuracy,0.97,0.58837890625,-0.38162109375,0.38162109375,False
5,coherent_3210,coherent,coherent_control,original_probability,0.95,0.6052797729578119,-0.3447202270421881,0.3447202270421881,False
5,coherent_3210,coherent,coherent_control,slot_probability,0.95,0.6052797729578119,-0.3447202270421881,0.3447202270421881,False
5,coherent_3210,coherent,coherent_control,original_accuracy,0.97,0.61279296875,-0.35720703125,0.35720703125,False
5,coherent_3210,coherent,coherent_control,slot_accuracy,0.97,0.61279296875,-0.35720703125,0.35720703125,False
5,value_3210,value_only,value_derangement,slot_probability,0.95,0.5768314824163278,-0.3731685175836722,0.3731685175836722,False
5,value_3210,value_only,value_derangement,slot_accuracy,0.97,0.5830078125,-0.3869921875,0.3869921875,False
