seed,cohort,condition,group,novel,predicted_probability,observed_probability,observed_ci95_low,observed_ci95_high,signed_error,absolute_error,accuracy,within_0_10,baseline_zero_effect,baseline_additive,baseline_multiplicative,baseline_count_linear,baseline_count_logit,baseline_case_logit_additive,baseline_case_logit_count,operations_json
0,reused,clean,reference,False,0.9992838746984489,0.9992867220717017,0.9992772946387791,0.9992961495046242,2.847373252734542e-06,2.847373252734542e-06,1.0,True,0.9992838746984489,0.9992838746984489,0.9992838746984489,0.9992838746984489,0.9992838746984489,0.9992838746984489,0.9992838746984489,[]
0,reused,L1_mean_h0,familiar,False,0.9187488079472814,0.9213588388343794,0.9111143237342985,0.9316033539344604,0.0026100308870979916,0.0026100308870979916,0.93310546875,True,0.9992838746984489,0.9187488079472814,0.9187488079472814,0.9187488079472814,0.9187488079472814,0.9187488079472814,0.9187488079472814,"[{""layer"":0,""component"":""z"",""positions"":[1,3,5,7],""heads"":[0],""kind"":""mean""}]"
0,reused,L1_mean_h1,familiar,False,0.9992633297224529,0.9992620518023614,0.9992467036569515,0.9992773999477713,-1.2779200915247202e-06,1.2779200915247202e-06,1.0,True,0.9992838746984489,0.9992633297224529,0.9992633297224529,0.9992633297224529,0.9992633297224529,0.9992633297224529,0.9992633297224529,"[{""layer"":0,""component"":""z"",""positions"":[1,3,5,7],""heads"":[1],""kind"":""mean""}]"
0,reused,L1_mean_h2,familiar,False,0.9992614546790719,0.9992621203127783,0.9992485074208534,0.9992757332047032,6.656337063759565e-07,6.656337063759565e-07,1.0,True,0.9992838746984489,0.9992614546790719,0.9992614546790719,0.9992614546790719,0.9992614546790719,0.9992614546790719,0.9992614546790719,"[{""layer"":0,""component"":""z"",""positions"":[1,3,5,7],""heads"":[2],""kind"":""mean""}]"
0,reused,L1_mean_h3,familiar,False,0.9606678462588434,0.9631238151573882,0.9564761060996587,0.9697715242151177,0.0024559688985448247,0.0024559688985448247,0.97119140625,True,0.9992838746984489,0.9606678462588434,0.9606678462588434,0.9606678462588434,0.9606678462588434,0.9606678462588434,0.9606678462588434,"[{""layer"":0,""component"":""z"",""positions"":[1,3,5,7],""heads"":[3],""kind"":""mean""}]"
0,reused,L1_mean_all,familiar,False,0.18037912830701153,0.1825666529502532,0.1700325048672976,0.19510080103320881,0.0021875246432416784,0.0021875246432416784,0.19140625,True,0.9992838746984489,0.18037912830701153,0.18037912830701153,0.18037912830701153,0.18037912830701153,0.18037912830701153,0.18037912830701153,"[{""layer"":0,""component"":""z"",""positions"":[1,3,5,7],""heads"":[0,1,2,3],""kind"":""mean""}]"
0,reused,L1_mean_wrong_position,control,False,0.999323928495869,0.999322429910535,0.9993139199194448,0.9993309399016251,-1.4985853340476751e-06,1.4985853340476751e-06,1.0,True,0.9992838746984489,0.999323928495869,0.999323928495869,0.999323928495869,0.999323928495869,0.999323928495869,0.999323928495869,"[{""layer"":0,""component"":""z"",""positions"":[8],""heads"":[0,1,2,3],""kind"":""mean""}]"
0,reused,L1_zero_h0,familiar,False,0.898006101492971,0.8930240976047319,0.881136847411027,0.9049113477984367,-0.004982003888239106,0.004982003888239106,0.9033203125,True,0.9992838746984489,0.898006101492971,0.898006101492971,0.898006101492971,0.898006101492971,0.898006101492971,0.898006101492971,"[{""layer"":0,""component"":""z"",""positions"":[1,3,5,7],""heads"":[0],""kind"":""zero""}]"
0,reused,L1_zero_h1,familiar,False,0.9992277435958385,0.9992171381600201,0.9991970811927466,0.9992371951272936,-1.0605435818433762e-05,1.0605435818433762e-05,1.0,True,0.9992838746984489,0.9992277435958385,0.9992277435958385,0.9992277435958385,0.9992277435958385,0.9992277435958385,0.9992277435958385,"[{""layer"":0,""component"":""z"",""positions"":[1,3,5,7],""heads"":[1],""kind"":""zero""}]"
0,reused,L1_zero_h2,familiar,False,0.9992466202238575,0.9992481202352792,0.9992325694762446,0.9992636709943138,1.500011421740055e-06,1.500011421740055e-06,1.0,True,0.9992838746984489,0.9992466202238575,0.9992466202238575,0.9992466202238575,0.9992466202238575,0.9992466202238575,0.9992466202238575,"[{""layer"":0,""component"":""z"",""positions"":[1,3,5,7],""heads"":[2],""kind"":""zero""}]"
0,reused,L1_zero_h3,familiar,False,0.9280097207009419,0.9352283004883875,0.9262457725774178,0.9442108283993571,0.007218579787445556,0.007218579787445556,0.94384765625,True,0.9992838746984489,0.9280097207009419,0.9280097207009419,0.9280097207009419,0.9280097207009419,0.9280097207009419,0.9280097207009419,"[{""layer"":0,""component"":""z"",""positions"":[1,3,5,7],""heads"":[3],""kind"":""zero""}]"
0,reused,L1_zero_all,familiar,False,0.1806191821501537,0.17875978060096254,0.16469713026969884,0.19282243093222623,-0.0018594015491911753,0.0018594015491911753,0.18505859375,True,0.9992838746984489,0.1806191821501537,0.1806191821501537,0.1806191821501537,0.1806191821501537,0.1806191821501537,0.1806191821501537,"[{""layer"":0,""component"":""z"",""positions"":[1,3,5,7],""heads"":[0,1,2,3],""kind"":""zero""}]"
0,reused,L1_zero_wrong_position,control,False,0.9992480678483844,0.9992355020658579,0.9992149993460704,0.9992560047856454,-1.2565782526507974e-05,1.2565782526507974e-05,1.0,True,0.9992838746984489,0.9992480678483844,0.9992480678483844,0.9992480678483844,0.9992480678483844,0.9992480678483844,0.9992480678483844,"[{""layer"":0,""component"":""z"",""positions"":[8],""heads"":[0,1,2,3],""kind"":""zero""}]"
0,reused,L1_resample_h0,familiar,False,0.997392589750234,0.9981015686511796,0.9969963397233756,0.9992067975789836,0.0007089789009455671,0.0007089789009455671,0.99951171875,True,0.9992838746984489,0.997392589750234,0.997392589750234,0.997392589750234,0.997392589750234,0.997392589750234,0.997392589750234,"[{""layer"":0,""component"":""z"",""positions"":[1,3,5,7],""heads"":[0],""kind"":""resample""}]"
0,reused,L1_resample_h1,familiar,False,0.9992846150998957,0.999284909805283,0.9992715657726525,0.9992982538379134,2.947053872048855e-07,2.947053872048855e-07,1.0,True,0.9992838746984489,0.9992846150998957,0.9992846150998957,0.9992846150998957,0.9992846150998957,0.9992846150998957,0.9992846150998957,"[{""layer"":0,""component"":""z"",""positions"":[1,3,5,7],""heads"":[1],""kind"":""resample""}]"
0,reused,L1_resample_h2,familiar,False,0.9992875478928909,0.9992947069986258,0.999285464785717,0.9993039492115345,7.15910573489964e-06,7.15910573489964e-06,1.0,True,0.9992838746984489,0.9992875478928909,0.9992875478928909,0.9992875478928909,0.9992875478928909,0.9992875478928909,0.9992875478928909,"[{""layer"":0,""component"":""z"",""positions"":[1,3,5,7],""heads"":[2],""kind"":""resample""}]"
0,reused,L1_resample_h3,familiar,False,0.9989305046037771,0.9983407881081803,0.9972581806323161,0.9994233955840445,-0.0005897164955968037,0.0005897164955968037,0.99951171875,True,0.9992838746984489,0.9989305046037771,0.9989305046037771,0.9989305046037771,0.9989305046037771,0.9989305046037771,0.9989305046037771,"[{""layer"":0,""component"":""z"",""positions"":[1,3,5,7],""heads"":[3],""kind"":""resample""}]"
0,reused,L1_resample_all,familiar,False,0.9992689256323501,0.9992855754389893,0.9992762021551962,0.9992949487227825,1.6649806639179587e-05,1.6649806639179587e-05,1.0,True,0.9992838746984489,0.9992689256323501,0.9992689256323501,0.9992689256323501,0.9992689256323501,0.9992689256323501,0.9992689256323501,"[{""layer"":0,""component"":""z"",""positions"":[1,3,5,7],""heads"":[0,1,2,3],""kind"":""resample""}]"
0,reused,L1_resample_wrong_position,control,False,0.9992429689737037,0.9992524106055498,0.9992421043619325,0.9992627168491671,9.441631846129894e-06,9.441631846129894e-06,1.0,True,0.9992838746984489,0.9992429689737037,0.9992429689737037,0.9992429689737037,0.9992429689737037,0.9992429689737037,0.9992429689737037,"[{""layer"":0,""component"":""z"",""positions"":[8],""heads"":[0,1,2,3],""kind"":""resample""}]"
0,reused,L1_matched_h0,control,False,0.997368471493246,0.9980976402703732,0.9969809680593269,0.9992143124814195,0.0007291687771271427,0.0007291687771271427,0.99951171875,True,0.9992838746984489,0.997368471493246,0.997368471493246,0.997368471493246,0.997368471493246,0.997368471493246,0.997368471493246,"[{""layer"":0,""component"":""z"",""positions"":[1,3,5,7],""heads"":[0],""kind"":""resample"",""donor"":""matched_donor_tokens""}]"
0,reused,L1_matched_h1,control,False,0.9992855209857225,0.9992848857946228,0.9992709232747756,0.99929884831447,-6.351910997182131e-07,6.351910997182131e-07,1.0,True,0.9992838746984489,0.9992855209857225,0.9992855209857225,0.9992855209857225,0.9992855209857225,0.9992855209857225,0.9992855209857225,"[{""layer"":0,""component"":""z"",""positions"":[1,3,5,7],""heads"":[1],""kind"":""resample"",""donor"":""matched_donor_tokens""}]"
0,reused,L1_matched_h2,control,False,0.9992885823594406,0.9992953065957408,0.9992859701493153,0.9993046430421664,6.724236300215125e-06,6.724236300215125e-06,1.0,True,0.9992838746984489,0.9992885823594406,0.9992885823594406,0.9992885823594406,0.9992885823594406,0.9992885823594406,0.9992885823594406,"[{""layer"":0,""component"":""z"",""positions"":[1,3,5,7],""heads"":[2],""kind"":""resample"",""donor"":""matched_donor_tokens""}]"
0,reused,L1_matched_h3,control,False,0.9989285776973702,0.9983732076289016,0.9973184286972762,0.999427986560527,-0.0005553700684686191,0.0005553700684686191,0.99951171875,True,0.9992838746984489,0.9989285776973702,0.9989285776973702,0.9989285776973702,0.9989285776973702,0.9989285776973702,0.9989285776973702,"[{""layer"":0,""component"":""z"",""positions"":[1,3,5,7],""heads"":[3],""kind"":""resample"",""donor"":""matched_donor_tokens""}]"
0,reused,L1_matched_all,control,False,0.9992782365879975,0.9992877891054377,0.9992783602367339,0.9992972179741415,9.55251744017005e-06,9.55251744017005e-06,1.0,True,0.9992838746984489,0.9992782365879975,0.9992782365879975,0.9992782365879975,0.9992782365879975,0.9992782365879975,0.9992782365879975,"[{""layer"":0,""component"":""z"",""positions"":[1,3,5,7],""heads"":[0,1,2,3],""kind"":""resample"",""donor"":""matched_donor_tokens""}]"
0,reused,L1_noop,control,False,0.9992838746984489,0.9992867220717017,0.9992772946387791,0.9992961495046242,2.847373252734542e-06,2.847373252734542e-06,1.0,True,0.9992838746984489,0.9992838746984489,0.9992838746984489,0.9992838746984489,0.9992838746984489,0.9992838746984489,0.9992838746984489,"[{""layer"":0,""component"":""z"",""positions"":[1,3,5,7],""heads"":[0,1,2,3],""kind"":""noop""}]"
0,reused,L1_mlp_zero,control,False,0.9626701131845721,0.9673642395157134,0.9609911249132284,0.9737373541181984,0.004694126331141302,0.004694126331141302,0.9736328125,True,0.9992838746984489,0.9626701131845721,0.9626701131845721,0.9626701131845721,0.9626701131845721,0.9626701131845721,0.9626701131845721,"[{""layer"":0,""component"":""mlp_out"",""positions"":[1,3,5,7],""kind"":""zero""}]"
0,reused,L1_mlp_mean,control,False,0.9910526610579495,0.9921696560284659,0.9894780295462576,0.9948612825106741,0.0011169949705163162,0.0011169949705163162,0.99560546875,True,0.9992838746984489,0.9910526610579495,0.9910526610579495,0.9910526610579495,0.9910526610579495,0.9910526610579495,0.9910526610579495,"[{""layer"":0,""component"":""mlp_out"",""positions"":[1,3,5,7],""kind"":""mean""}]"
0,reused,L2_mean_h0,familiar,False,0.9319660820765421,0.9295294237424514,0.921110475162484,0.9379483723224188,-0.00243665833409068,0.00243665833409068,0.9580078125,True,0.9992838746984489,0.9319660820765421,0.9319660820765421,0.9319660820765421,0.9319660820765421,0.9319660820765421,0.9319660820765421,"[{""layer"":1,""component"":""z"",""positions"":[8],""heads"":[0],""kind"":""mean""}]"
0,reused,L2_mean_h1,familiar,False,0.918987767776116,0.9219245667647442,0.9118447860999745,0.9320043474295139,0.0029367989886281975,0.0029367989886281975,0.93701171875,True,0.9992838746984489,0.918987767776116,0.918987767776116,0.918987767776116,0.918987767776116,0.918987767776116,0.918987767776116,"[{""layer"":1,""component"":""z"",""positions"":[8],""heads"":[1],""kind"":""mean""}]"
0,reused,L2_mean_h2,familiar,False,0.9754506257086177,0.9759752823047165,0.9721818082387962,0.9797687563706369,0.0005246565960987937,0.0005246565960987937,0.99462890625,True,0.9992838746984489,0.9754506257086177,0.9754506257086177,0.9754506257086177,0.9754506257086177,0.9754506257086177,0.9754506257086177,"[{""layer"":1,""component"":""z"",""positions"":[8],""heads"":[2],""kind"":""mean""}]"
0,reused,L2_mean_h3,familiar,False,0.9651326054727178,0.960756482954821,0.9534294264740254,0.9680835394356165,-0.004376122517896874,0.004376122517896874,0.962890625,True,0.9992838746984489,0.9651326054727178,0.9651326054727178,0.9651326054727178,0.9651326054727178,0.9651326054727178,0.9651326054727178,"[{""layer"":1,""component"":""z"",""positions"":[8],""heads"":[3],""kind"":""mean""}]"
0,reused,L2_mean_all,familiar,False,0.11980849852205289,0.11192817943466604,0.10360668533544615,0.12024967353388594,-0.007880319087386845,0.007880319087386845,0.12255859375,True,0.9992838746984489,0.11980849852205289,0.11980849852205289,0.11980849852205289,0.11980849852205289,0.11980849852205289,0.11980849852205289,"[{""layer"":1,""component"":""z"",""positions"":[8],""heads"":[0,1,2,3],""kind"":""mean""}]"
0,reused,L2_mean_wrong_position,control,False,0.9992838746984489,0.9992867220717017,0.9992772946387791,0.9992961495046242,2.847373252734542e-06,2.847373252734542e-06,1.0,True,0.9992838746984489,0.9992838746984489,0.9992838746984489,0.9992838746984489,0.9992838746984489,0.9992838746984489,0.9992838746984489,"[{""layer"":1,""component"":""z"",""positions"":[1,3,5,7],""heads"":[0,1,2,3],""kind"":""mean""}]"
0,reused,L2_zero_h0,familiar,False,0.932499416408973,0.9305837023212007,0.9221167939053087,0.9390506107370927,-0.0019157140877723577,0.0019157140877723577,0.9541015625,True,0.9992838746984489,0.932499416408973,0.932499416408973,0.932499416408973,0.932499416408973,0.932499416408973,0.932499416408973,"[{""layer"":1,""component"":""z"",""positions"":[8],""heads"":[0],""kind"":""zero""}]"
0,reused,L2_zero_h1,familiar,False,0.9142242600966028,0.9181156731347073,0.9075430129595206,0.9286883333098941,0.0038914130381044743,0.0038914130381044743,0.931640625,True,0.9992838746984489,0.9142242600966028,0.9142242600966028,0.9142242600966028,0.9142242600966028,0.9142242600966028,0.9142242600966028,"[{""layer"":1,""component"":""z"",""positions"":[8],""heads"":[1],""kind"":""zero""}]"
0,reused,L2_zero_h2,familiar,False,0.9760108732443769,0.977043434024381,0.9735064000680044,0.9805804679807576,0.0010325607800041325,0.0010325607800041325,0.99560546875,True,0.9992838746984489,0.9760108732443769,0.9760108732443769,0.9760108732443769,0.9760108732443769,0.9760108732443769,0.9760108732443769,"[{""layer"":1,""component"":""z"",""positions"":[8],""heads"":[2],""kind"":""zero""}]"
0,reused,L2_zero_h3,familiar,False,0.9702803948257497,0.9661012047581607,0.9596639491058515,0.97253846041047,-0.004179190067588934,0.004179190067588934,0.9736328125,True,0.9992838746984489,0.9702803948257497,0.9702803948257497,0.9702803948257497,0.9702803948257497,0.9702803948257497,0.9702803948257497,"[{""layer"":1,""component"":""z"",""positions"":[8],""heads"":[3],""kind"":""zero""}]"
0,reused,L2_zero_all,familiar,False,0.11746729955180868,0.1098061828074508,0.10146799718709601,0.1181443684278056,-0.0076611167443578765,0.0076611167443578765,0.12353515625,True,0.9992838746984489,0.11746729955180868,0.11746729955180868,0.11746729955180868,0.11746729955180868,0.11746729955180868,0.11746729955180868,"[{""layer"":1,""component"":""z"",""positions"":[8],""heads"":[0,1,2,3],""kind"":""zero""}]"
0,reused,L2_zero_wrong_position,control,False,0.9992838746984489,0.9992867220717017,0.9992772946387791,0.9992961495046242,2.847373252734542e-06,2.847373252734542e-06,1.0,True,0.9992838746984489,0.9992838746984489,0.9992838746984489,0.9992838746984489,0.9992838746984489,0.9992838746984489,0.9992838746984489,"[{""layer"":1,""component"":""z"",""positions"":[1,3,5,7],""heads"":[0,1,2,3],""kind"":""zero""}]"
0,reused,L2_resample_h0,familiar,False,0.821980453661638,0.8248724110412606,0.8102812418096172,0.839463580272904,0.002891957379622667,0.002891957379622667,0.8369140625,True,0.9992838746984489,0.821980453661638,0.821980453661638,0.821980453661638,0.821980453661638,0.821980453661638,0.821980453661638,"[{""layer"":1,""component"":""z"",""positions"":[8],""heads"":[0],""kind"":""resample""}]"
0,reused,L2_resample_h1,familiar,False,0.778435569588801,0.7855026619896304,0.7696622765692933,0.8013430474099674,0.007067092400829367,0.007067092400829367,0.79833984375,True,0.9992838746984489,0.778435569588801,0.778435569588801,0.778435569588801,0.778435569588801,0.778435569588801,0.778435569588801,"[{""layer"":1,""component"":""z"",""positions"":[8],""heads"":[1],""kind"":""resample""}]"
0,reused,L2_resample_h2,familiar,False,0.841635696446815,0.8302937909080015,0.8166058934323619,0.8439816883836411,-0.011341905538813535,0.011341905538813535,0.84521484375,True,0.9992838746984489,0.841635696446815,0.841635696446815,0.841635696446815,0.841635696446815,0.841635696446815,0.841635696446815,"[{""layer"":1,""component"":""z"",""positions"":[8],""heads"":[2],""kind"":""resample""}]"
0,reused,L2_resample_h3,familiar,False,0.9140264002260494,0.91588414620756,0.9053422135141215,0.9264260789009985,0.0018577459815105613,0.0018577459815105613,0.9228515625,True,0.9992838746984489,0.9140264002260494,0.9140264002260494,0.9140264002260494,0.9140264002260494,0.9140264002260494,0.9140264002260494,"[{""layer"":1,""component"":""z"",""positions"":[8],""heads"":[3],""kind"":""resample""}]"
0,reused,L2_resample_all,familiar,False,6.419549283298576e-05,6.891244137946506e-05,6.38562787849955e-05,7.396860397393462e-05,4.716948546479305e-06,4.716948546479305e-06,0.0,True,0.9992838746984489,6.419549283298576e-05,6.419549283298576e-05,6.419549283298576e-05,6.419549283298576e-05,6.419549283298576e-05,6.419549283298576e-05,"[{""layer"":1,""component"":""z"",""positions"":[8],""heads"":[0,1,2,3],""kind"":""resample""}]"
0,reused,L2_resample_wrong_position,control,False,0.9992838746984489,0.9992867220717017,0.9992772946387791,0.9992961495046242,2.847373252734542e-06,2.847373252734542e-06,1.0,True,0.9992838746984489,0.9992838746984489,0.9992838746984489,0.9992838746984489,0.9992838746984489,0.9992838746984489,0.9992838746984489,"[{""layer"":1,""component"":""z"",""positions"":[1,3,5,7],""heads"":[0,1,2,3],""kind"":""resample""}]"
0,reused,L2_matched_h0,control,False,0.9992944079567678,0.9992986357829068,0.9992905227842762,0.9993067487815374,4.227826138958335e-06,4.227826138958335e-06,1.0,True,0.9992838746984489,0.9992944079567678,0.9992944079567678,0.9992944079567678,0.9992944079567678,0.9992944079567678,0.9992944079567678,"[{""layer"":1,""component"":""z"",""positions"":[8],""heads"":[0],""kind"":""resample"",""donor"":""matched_donor_tokens""}]"
0,reused,L2_matched_h1,control,False,0.9992986356373876,0.9993009392346721,0.9992930986697918,0.9993087797995525,2.3035972844809294e-06,2.3035972844809294e-06,1.0,True,0.9992838746984489,0.9992986356373876,0.9992986356373876,0.9992986356373876,0.9992986356373876,0.9992986356373876,0.9992986356373876,"[{""layer"":1,""component"":""z"",""positions"":[8],""heads"":[1],""kind"":""resample"",""donor"":""matched_donor_tokens""}]"
0,reused,L2_matched_h2,control,False,0.9992935016634874,0.9992977084184531,0.999288855459865,0.9993065613770412,4.20675496570766e-06,4.20675496570766e-06,1.0,True,0.9992838746984489,0.9992935016634874,0.9992935016634874,0.9992935016634874,0.9992935016634874,0.9992935016634874,0.9992935016634874,"[{""layer"":1,""component"":""z"",""positions"":[8],""heads"":[2],""kind"":""resample"",""donor"":""matched_donor_tokens""}]"
0,reused,L2_matched_h3,control,False,0.9992913049063645,0.9992997862282209,0.9992918792193245,0.9993076932371173,8.481321856379509e-06,8.481321856379509e-06,1.0,True,0.9992838746984489,0.9992913049063645,0.9992913049063645,0.9992913049063645,0.9992913049063645,0.9992913049063645,0.9992913049063645,"[{""layer"":1,""component"":""z"",""positions"":[8],""heads"":[3],""kind"":""resample"",""donor"":""matched_donor_tokens""}]"
0,reused,L2_matched_all,control,False,0.999302645737771,0.9993038146931212,0.9992936314401127,0.9993139979461297,1.1689553502947092e-06,1.1689553502947092e-06,1.0,True,0.9992838746984489,0.999302645737771,0.999302645737771,0.999302645737771,0.999302645737771,0.999302645737771,0.999302645737771,"[{""layer"":1,""component"":""z"",""positions"":[8],""heads"":[0,1,2,3],""kind"":""resample"",""donor"":""matched_donor_tokens""}]"
0,reused,L2_noop,control,False,0.9992838746984489,0.9992867220717017,0.9992772946387791,0.9992961495046242,2.847373252734542e-06,2.847373252734542e-06,1.0,True,0.9992838746984489,0.9992838746984489,0.9992838746984489,0.9992838746984489,0.9992838746984489,0.9992838746984489,0.9992838746984489,"[{""layer"":1,""component"":""z"",""positions"":[8],""heads"":[0,1,2,3],""kind"":""noop""}]"
0,reused,L2_mlp_zero,control,False,0.9923538293223828,0.992178184853401,0.9914215373398553,0.9929348323669468,-0.00017564446898177266,0.00017564446898177266,1.0,True,0.9992838746984489,0.9923538293223828,0.9923538293223828,0.9923538293223828,0.9923538293223828,0.9923538293223828,0.9923538293223828,"[{""layer"":1,""component"":""mlp_out"",""positions"":[8],""kind"":""zero""}]"
0,reused,L2_mlp_mean,control,False,0.9935185107169673,0.9935405004071072,0.9928491451376739,0.9942318556765405,2.1989690139889717e-05,2.1989690139889717e-05,1.0,True,0.9992838746984489,0.9935185107169673,0.9935185107169673,0.9935185107169673,0.9935185107169673,0.9935185107169673,0.9935185107169673,"[{""layer"":1,""component"":""mlp_out"",""positions"":[8],""kind"":""mean""}]"
0,reused,L1_mean_pair01,pair,True,0.9172994430482824,0.9001972423838414,0.888751154438215,0.9116433303294678,-0.017102200664441014,0.017102200664441014,0.91259765625,True,0.9992838746984489,0.9187282629712854,0.9187299187480423,0.699463755325582,0.9375032985203522,0.9180802119255851,0.8986200105964389,"[{""layer"":0,""component"":""z"",""positions"":[1,3,5,7],""heads"":[0,1],""kind"":""mean""}]"
0,reused,L1_mean_pair02,pair,True,0.9173891863706249,0.8868587410909754,0.8745711036313423,0.8991463785506085,-0.030530445279649543,0.030530445279649543,0.89794921875,True,0.9992838746984489,0.9187263879279044,0.9187281948196224,0.6994631303111217,0.9374535962438449,0.9180484289876172,0.8986741588114548,"[{""layer"":0,""component"":""z"",""positions"":[1,3,5,7],""heads"":[0,2],""kind"":""mean""}]"
0,reused,L1_mean_pair03,pair,True,0.202520405911247,0.44915654958426354,0.4309440714817589,0.4673690276867682,0.24663614367301653,0.24663614367301653,0.48583984375,False,0.9992838746984489,0.8801327795076759,0.8832449526416486,0.6865985941710455,0.7972332325476438,0.8574521456452984,0.8587057275872751,"[{""layer"":0,""component"":""z"",""positions"":[1,3,5,7],""heads"":[0,3],""kind"":""mean""}]"
0,reused,L1_mean_pair12,pair,True,0.9992317253086793,0.9991959394246805,0.9991596881359885,0.9992321907133725,-3.578588399877347e-05,3.578588399877347e-05,1.0,True,0.9992838746984489,0.9992409097030759,0.9992409101640248,0.7263013042361789,0.9866523907152348,0.9992325308680495,0.95838160657498,"[{""layer"":0,""component"":""z"",""positions"":[1,3,5,7],""heads"":[1,2],""kind"":""mean""}]"
0,reused,L1_mean_pair13,pair,True,0.9596113034716377,0.9385055930613682,0.9300226151149054,0.946988571007831,-0.02110571041026954,0.02110571041026954,0.95166015625,True,0.9992838746984489,0.9606473012828474,0.9606480952167809,0.7134367680961027,0.9509589347521981,0.9600288735240949,0.9256657831203502,"[{""layer"":0,""component"":""z"",""positions"":[1,3,5,7],""heads"":[1,3],""kind"":""mean""}]"
0,reused,L1_mean_pair23,pair,True,0.9592419871898805,0.9366890396830811,0.9280249181846726,0.9453531611814897,-0.02255294750679937,0.02255294750679937,0.9541015625,True,0.9992838746984489,0.9606454262394664,0.960646292632018,0.7134361430816424,0.9509193732297697,0.9595974171782378,0.9256237457096237,"[{""layer"":0,""component"":""z"",""positions"":[1,3,5,7],""heads"":[2,3],""kind"":""mean""}]"
0,reused,L1_mean_rescue0,triple_rescue,True,0.9581273198271314,0.8895226336437458,0.8780109582624769,0.9010343090250148,-0.06860468618338555,0.06860468618338555,0.90771484375,True,0.9992838746984489,0.9606248812634703,0.9606265420330916,0.4490519333891598,0.7207938052421139,0.9589383891610497,0.48281984228531755,"[{""layer"":0,""component"":""z"",""positions"":[1,3,5,7],""heads"":[0],""kind"":""rescue"",""corruption"":""mean""}]"
0,reused,L1_mean_rescue1,triple_rescue,True,0.1918056434169782,0.3182887760917219,0.30178856584383856,0.33478898633960524,0.1264831326747437,0.1264831326747437,0.33935546875,False,0.9992838746984489,0.8801103594882989,0.8832251360815557,0.4401058754141407,0.6026442848619673,0.8554665653561138,0.4601957520992023,"[{""layer"":0,""component"":""z"",""positions"":[1,3,5,7],""heads"":[1],""kind"":""rescue"",""corruption"":""mean""}]"
0,reused,L1_mean_rescue2,triple_rescue,True,0.19011805807588328,0.32169875460025565,0.3052234623798554,0.3381740468206559,0.13158069652437238,0.13158069652437238,0.34375,False,0.9992838746984489,0.8801122345316799,0.8832267933909992,0.44010608375229415,0.6027119697795416,0.8558933977556173,0.4601721839942722,"[{""layer"":0,""component"":""z"",""positions"":[1,3,5,7],""heads"":[2],""kind"":""rescue"",""corruption"":""mean""}]"
0,reused,L1_mean_rescue3,triple_rescue,True,0.9157535456675117,0.8606416527324745,0.8472922079122266,0.8739910975527224,-0.055111892935037154,0.055111892935037154,0.8759765625,True,0.9992838746984489,0.9187058429519084,0.918709306044183,0.4443942624656529,0.7032523686150012,0.9172748752231608,0.476398318079331,"[{""layer"":0,""component"":""z"",""positions"":[1,3,5,7],""heads"":[3],""kind"":""rescue"",""corruption"":""mean""}]"
0,reused,L1_zero_pair01,pair,True,0.8939436237766499,0.8554799250948024,0.8420230978169102,0.8689367523726946,-0.038463698681847514,0.038463698681847514,0.86865234375,True,0.9992838746984489,0.8979499703903606,0.8979556592974108,0.6926176757463212,0.9314710640779779,0.8960361987958976,0.8572133457300828,"[{""layer"":0,""component"":""z"",""positions"":[1,3,5,7],""heads"":[0,1],""kind"":""zero""}]"
0,reused,L1_zero_pair02,pair,True,0.895709827113307,0.852902226143982,0.8390764649357165,0.8667279873522475,-0.04280760096932501,0.04280760096932501,0.86474609375,True,0.9992838746984489,0.8979688470183795,0.8979726227725212,0.6926239679556608,0.9319961525135753,0.8968515806290704,0.8579851748111678,"[{""layer"":0,""component"":""z"",""positions"":[1,3,5,7],""heads"":[0,2],""kind"":""zero""}]"
0,reused,L1_zero_pair03,pair,True,0.20491923646401428,0.34630571626729256,0.32811156514688955,0.3644998673876956,0.1413864798032783,0.1413864798032783,0.35888671875,False,0.9992838746984489,0.826731947495464,0.8339556081455972,0.6688783347813556,0.7452060586861058,0.8049678076711873,0.7910837742178783,"[{""layer"":0,""component"":""z"",""positions"":[1,3,5,7],""heads"":[0,3],""kind"":""zero""}]"
0,reused,L1_zero_pair12,pair,True,0.9991730719113365,0.9990722457005177,0.9990200232556267,0.9991244681454087,-0.00010082621081886067,0.00010082621081886067,1.0,True,0.9992838746984489,0.9991904891212471,0.9991904912138805,0.7263645153232833,0.9863618227736521,0.9991757451639427,0.9360331895017258,"[{""layer"":0,""component"":""z"",""positions"":[1,3,5,7],""heads"":[1,2],""kind"":""zero""}]"
0,reused,L1_zero_pair13,pair,True,0.9246468920209048,0.8907938435745413,0.8794356154890773,0.9021520716600052,-0.0338530484463635,0.0338530484463635,0.90576171875,True,0.9992838746984489,0.9279535895983315,0.9279575931622365,0.7026188821489782,0.9391516040229261,0.9256873696507979,0.8778726263493272,"[{""layer"":0,""component"":""z"",""positions"":[1,3,5,7],""heads"":[1,3],""kind"":""zero""}]"
0,reused,L1_zero_pair23,pair,True,0.9260064026254748,0.895967914462994,0.8845523959051744,0.9073834330208135,-0.030038488162480892,0.030038488162480892,0.9072265625,True,0.9992838746984489,0.9279724662263504,0.9279751234103863,0.7026251743583177,0.9396216566648559,0.9265761566679328,0.8786077392881178,"[{""layer"":0,""component"":""z"",""positions"":[1,3,5,7],""heads"":[2,3],""kind"":""zero""}]"
0,reused,L1_zero_rescue0,triple_rescue,True,0.922378778022442,0.8223214577848568,0.8078699346660072,0.8367729809037063,-0.10005732023758518,0.10005732023758518,0.83447265625,False,0.9992838746984489,0.92791633512374,0.9279229978150567,0.4455776863801734,0.7049576932171582,0.9241642289215939,0.38854442164100333,"[{""layer"":0,""component"":""z"",""positions"":[1,3,5,7],""heads"":[0],""kind"":""rescue"",""corruption"":""zero""}]"
0,reused,L1_zero_rescue1,triple_rescue,True,0.19476533027833637,0.25302793387528977,0.2366726349569851,0.26938323279359444,0.0582626035969534,0.0582626035969534,0.26513671875,True,0.9992838746984489,0.8266946930208725,0.8339245173026438,0.43433083725763255,0.5784849595040995,0.8029553853810565,0.3656855453957769,"[{""layer"":0,""component"":""z"",""positions"":[1,3,5,7],""heads"":[1],""kind"":""rescue"",""corruption"":""zero""}]"
0,reused,L1_zero_rescue2,triple_rescue,True,0.18898615725269444,0.2574705569603605,0.2410423868540707,0.27389872706665025,0.06848439970766604,0.06848439970766604,0.26904296875,True,0.9992838746984489,0.8266758163928536,0.8339087637513278,0.4343287398545193,0.5778138194399492,0.802136587289573,0.3655175614003888,"[{""layer"":0,""component"":""z"",""positions"":[1,3,5,7],""heads"":[2],""kind"":""rescue"",""corruption"":""zero""}]"
0,reused,L1_zero_rescue3,triple_rescue,True,0.8912845393302973,0.7895978191568869,0.7737792947385969,0.8054163435751769,-0.1016867201734104,0.1016867201734104,0.8037109375,False,0.9992838746984489,0.8979127159157692,0.8979221824575052,0.4422439509126211,0.6960711445363632,0.89482878071597,0.383229747755478,"[{""layer"":0,""component"":""z"",""positions"":[1,3,5,7],""heads"":[3],""kind"":""rescue"",""corruption"":""zero""}]"
0,reused,L1_resample_pair01,pair,True,0.9977075040219439,0.9983566272418471,0.9972809624990983,0.999432291984596,0.0006491232199032915,0.0006491232199032915,0.99951171875,True,0.9992838746984489,0.9973933301516809,0.9973933287503673,0.9986487101608267,0.9988908021846697,0.9973764070786679,0.9992439347296839,"[{""layer"":0,""component"":""z"",""positions"":[1,3,5,7],""heads"":[0,1],""kind"":""resample""}]"
0,reused,L1_resample_pair02,pair,True,0.9977109462157501,0.997973311979635,0.996719847262709,0.999226776696561,0.00026236576388494193,0.00026236576388494193,0.99853515625,True,0.9992838746984489,0.997396262944676,0.99739625599264,0.9986496877584917,0.9988923194182324,0.9973780130829093,0.9992446870618482,"[{""layer"":0,""component"":""z"",""positions"":[1,3,5,7],""heads"":[0,2],""kind"":""resample""}]"
0,reused,L1_resample_pair03,pair,True,0.9992530011500667,0.9992919011274353,0.9992790162017453,0.9993047860531252,3.8899977368611616e-05,3.8899977368611616e-05,1.0,True,0.9992838746984489,0.9970392196555622,0.9970398884580498,0.9985306733287872,0.9987317519380844,0.9970416827398174,0.9992302368028534,"[{""layer"":0,""component"":""z"",""positions"":[1,3,5,7],""heads"":[0,3],""kind"":""resample""}]"
0,reused,L1_resample_pair12,pair,True,0.9992878221797237,0.9992783113848418,0.9992586053664436,0.99929801740324,-9.510794881872897e-06,9.510794881872897e-06,1.0,True,0.9992838746984489,0.9992882882943377,0.9992882882970594,0.9992803628750456,0.9992804090590603,0.9992877487608389,0.9992873668655886,"[{""layer"":0,""component"":""z"",""positions"":[1,3,5,7],""heads"":[1,2],""kind"":""resample""}]"
0,reused,L1_resample_pair13,pair,True,0.9989422886217898,0.9982497406836046,0.997148141422262,0.9993513399449472,-0.000692547938185184,0.000692547938185184,0.99951171875,True,0.9992838746984489,0.9989312450052239,0.9989312447434007,0.9991613484453411,0.9991760519845271,0.9989158449622295,0.999272165417216,"[{""layer"":0,""component"":""z"",""positions"":[1,3,5,7],""heads"":[1,3],""kind"":""resample""}]"
0,reused,L1_resample_pair23,pair,True,0.9989450972979466,0.9985201394920296,0.9975438700531706,0.9994964089308885,-0.0004249578059170034,0.0004249578059170034,0.99951171875,True,0.9992838746984489,0.998934177798219,0.9989341764992917,0.9991623260430061,0.9991771793561013,0.9989186607446086,0.9992731242763704,"[{""layer"":0,""component"":""z"",""positions"":[1,3,5,7],""heads"":[2,3],""kind"":""resample""}]"
0,reused,L1_resample_rescue0,triple_rescue,True,0.9989581079919008,0.9982760656375831,0.9972200909159395,0.9993320403592266,-0.0006820423543176801,0.0006820423543176801,0.99951171875,True,0.9992838746984489,0.9989349181996658,0.998934916641636,0.9992351357100739,0.9992413703877487,0.9989033099820356,0.9992791567818605,"[{""layer"":0,""component"":""z"",""positions"":[1,3,5,7],""heads"":[0],""kind"":""rescue"",""corruption"":""resample""}]"
0,reused,L1_resample_rescue1,triple_rescue,True,0.9992635108080488,0.9992917663184926,0.9992824347577736,0.9993010978792116,2.82555104438309e-05,2.82555104438309e-05,1.0,True,0.9992838746984489,0.9970428928500041,0.997043553403987,0.9990249106712226,0.9991240526893516,0.9970107458286339,0.9992721854304578,"[{""layer"":0,""component"":""z"",""positions"":[1,3,5,7],""heads"":[1],""kind"":""rescue"",""corruption"":""resample""}]"
0,reused,L1_resample_rescue2,triple_rescue,True,0.9992614267873294,0.9992980328388512,0.9992892738141348,0.9993067918635676,3.6606051521781424e-05,3.6606051521781424e-05,1.0,True,0.9992838746984489,0.997039960057009,0.9970406271968553,0.9990245848053343,0.9991236528390302,0.9970162906466864,0.999271938077579,"[{""layer"":0,""component"":""z"",""positions"":[1,3,5,7],""heads"":[2],""kind"":""rescue"",""corruption"":""resample""}]"
0,reused,L1_resample_rescue3,triple_rescue,True,0.9980307856505245,0.9983386551204205,0.9972178141957176,0.9994594960451234,0.00030786946989602715,0.00030786946989602715,0.9990234375,True,0.9992838746984489,0.9973970033461228,0.9973969949954898,0.9990642562819024,0.9991623296019938,0.9973623459865096,0.9992747469953974,"[{""layer"":0,""component"":""z"",""positions"":[1,3,5,7],""heads"":[3],""kind"":""rescue"",""corruption"":""resample""}]"
0,reused,L2_mean_pair01,pair,True,0.7873094494221977,0.8126166189831565,0.7991886512377085,0.8260445867286045,0.025307169560958798,0.025307169560958798,0.8564453125,True,0.9992838746984489,0.8516699751542092,0.8570792055150767,0.6569207827915704,0.7344344949415218,0.8480026431550794,0.8800748018126593,"[{""layer"":1,""component"":""z"",""positions"":[8],""heads"":[0,1],""kind"":""mean""}]"
0,reused,L2_mean_pair02,pair,True,0.8485365883762215,0.8047261682869475,0.7906194464335391,0.818832890140356,-0.04381042008927394,0.04381042008927394,0.84521484375,True,0.9992838746984489,0.9081328330867109,0.9097383845757588,0.6757417354357377,0.8076925547973122,0.8983791600946329,0.897215926493216,"[{""layer"":1,""component"":""z"",""positions"":[8],""heads"":[0,2],""kind"":""mean""}]"
0,reused,L2_mean_pair03,pair,True,0.8740361650230503,0.8474381162441205,0.8335668814709001,0.8613093510173409,-0.026598048778929795,0.026598048778929795,0.85107421875,True,0.9992838746984489,0.897814812850811,0.9001154484536886,0.6723023953571043,0.7882795777779722,0.892514402879948,0.9050954524062746,"[{""layer"":1,""component"":""z"",""positions"":[8],""heads"":[0,3],""kind"":""mean""}]"
0,reused,L2_mean_pair12,pair,True,0.8337601046232573,0.7962276937783557,0.7821440000674909,0.8103113874892205,-0.037532410844901665,0.037532410844901665,0.845703125,True,0.9992838746984489,0.8951545187862848,0.8970696073388461,0.671415630668929,0.7977375668396605,0.8885476829108021,0.889168048636051,"[{""layer"":1,""component"":""z"",""positions"":[8],""heads"":[1,2],""kind"":""mean""}]"
0,reused,L2_mean_pair13,pair,True,0.866322770544152,0.8515826469209884,0.8379465053904792,0.8652187884514976,-0.01474012362316357,0.01474012362316357,0.8623046875,True,0.9992838746984489,0.8848364985503849,0.8875806776917828,0.6679762905902956,0.7775963724910808,0.8836617378637508,0.8976218084770788,"[{""layer"":1,""component"":""z"",""positions"":[8],""heads"":[1,3],""kind"":""mean""}]"
0,reused,L2_mean_pair23,pair,True,0.9246590240949482,0.9257343011736339,0.9175757820481055,0.9338928202991622,0.0010752770786857102,0.0010752770786857102,0.96142578125,True,0.9992838746984489,0.9412993564828867,0.9421138754833271,0.6867972432344629,0.8415172231364475,0.9403279186811742,0.916258703955459,"[{""layer"":1,""component"":""z"",""positions"":[8],""heads"":[2,3],""kind"":""mean""}]"
0,reused,L2_mean_rescue0,triple_rescue,True,0.6306455063315946,0.6022927366939701,0.5851274769791331,0.619457996408807,-0.028352769637624453,0.028352769637624453,0.66552734375,True,0.9992838746984489,0.8610032495605537,0.8664115866801071,0.3976024433433077,0.43007599105941186,0.8501408923465419,0.45088694759721565,"[{""layer"":1,""component"":""z"",""positions"":[8],""heads"":[0],""kind"":""rescue"",""corruption"":""mean""}]"
0,reused,L2_mean_rescue1,triple_rescue,True,0.6697160340238635,0.6215399811338074,0.6039997343474057,0.639080227920209,-0.04817605289005611,0.04817605289005611,0.67529296875,True,0.9992838746984489,0.8739815638609798,0.8786473990377365,0.39904447826557726,0.4352202445311731,0.8559463011998598,0.452215758227087,"[{""layer"":1,""component"":""z"",""positions"":[8],""heads"":[1],""kind"":""rescue"",""corruption"":""mean""}]"
0,reused,L2_mean_rescue2,triple_rescue,True,0.568119408163446,0.6386608955036621,0.6215693644968153,0.6557524265105089,0.07054148734021615,0.07054148734021615,0.6845703125,True,0.9992838746984489,0.8175187059284781,0.8277878865651398,0.39277082738418817,0.4013445568646055,0.8060793944095019,0.4445572760337103,"[{""layer"":1,""component"":""z"",""positions"":[8],""heads"":[2],""kind"":""rescue"",""corruption"":""mean""}]"
0,reused,L2_mean_rescue3,triple_rescue,True,0.39401322891180446,0.49397917333755714,0.47685655529732834,0.5111017913777859,0.09996594442575268,0.09996594442575268,0.56787109375,True,0.9992838746984489,0.827836726164378,0.8366375846441187,0.39391727407706595,0.4110323674489866,0.8032487566256079,0.43617286753848306,"[{""layer"":1,""component"":""z"",""positions"":[8],""heads"":[3],""kind"":""rescue"",""corruption"":""mean""}]"
0,reused,L2_zero_pair01,pair,True,0.788301506377341,0.8125842811183475,0.7988660994123998,0.8263024628242951,0.024282774741006485,0.024282774741006485,0.85302734375,True,0.9992838746984489,0.847439801807127,0.8531245330705131,0.6547303253524617,0.7294456855972992,0.843990942479,0.874969516797959,"[{""layer"":1,""component"":""z"",""positions"":[8],""heads"":[0,1],""kind"":""zero""}]"
0,reused,L2_zero_pair02,pair,True,0.8500865719065447,0.8034138596476623,0.7894163974088508,0.8174113218864738,-0.046672712258882365,0.046672712258882365,0.84521484375,True,0.9992838746984489,0.909226414954901,0.9107818036029459,0.6753258630683863,0.8081948490440188,0.9004526560431929,0.8968230550382511,"[{""layer"":1,""component"":""z"",""positions"":[8],""heads"":[0,2],""kind"":""zero""}]"
0,reused,L2_zero_pair03,pair,True,0.8798715352128683,0.8546895159357746,0.841302176077099,0.8680768557944502,-0.025182019277093737,0.025182019277093737,0.86572265625,True,0.9992838746984489,0.9034959365362738,0.9054343063437447,0.6734157035955106,0.7965643532000726,0.8975565981863455,0.9093715481422723,"[{""layer"":1,""component"":""z"",""positions"":[8],""heads"":[0,3],""kind"":""zero""}]"
0,reused,L2_zero_pair12,pair,True,0.8274011196894981,0.7878951851081339,0.7733303745442084,0.8024599956720595,-0.0395059345813642,0.0395059345813642,0.83251953125,True,0.9992838746984489,0.8909512586425308,0.8929322698290756,0.6692341442975962,0.7944333797577283,0.8837272932551088,0.8809059945929001,"[{""layer"":1,""component"":""z"",""positions"":[8],""heads"":[1,2],""kind"":""zero""}]"
0,reused,L2_zero_pair13,pair,True,0.8673034624331142,0.851211836591574,0.8376364876720243,0.8647871855111237,-0.016091625841540225,0.016091625841540225,0.86328125,True,0.9992838746984489,0.8852207802239036,0.8876895730089654,0.6673239848247206,0.7821933128652104,0.8839306900504926,0.8945160999654546,"[{""layer"":1,""component"":""z"",""positions"":[8],""heads"":[1,3],""kind"":""zero""}]"
0,reused,L2_zero_pair23,pair,True,0.9292640714863794,0.9317844607649022,0.9243070091755292,0.9392619123542751,0.0025203892785228277,0.0025203892785228277,0.96923828125,True,0.9992838746984489,0.9470073933716776,0.9476828751305063,0.6879195225406451,0.8487724048332724,0.9456338447673884,0.9178563740775445,"[{""layer"":1,""component"":""z"",""positions"":[8],""heads"":[2,3],""kind"":""zero""}]"
0,reused,L2_zero_rescue0,triple_rescue,True,0.6260455840607888,0.5992703478361365,0.5820731410254443,0.6164675546468288,-0.026775236224652277,0.026775236224652277,0.6669921875,True,0.9992838746984489,0.8619477787698315,0.8670155671068521,0.3961465917197313,0.42985937745756686,0.8498462755234935,0.4455810035787497,"[{""layer"":1,""component"":""z"",""positions"":[8],""heads"":[0],""kind"":""rescue"",""corruption"":""zero""}]"
0,reused,L2_zero_rescue1,triple_rescue,True,0.6704308612579848,0.6227773361538809,0.6054114388402275,0.6401432334675342,-0.04765352510410392,0.04765352510410392,0.67724609375,True,0.9992838746984489,0.8802229350822017,0.8843470312844292,0.398177164643328,0.4369367518259732,0.8622187085390172,0.44405421741156326,"[{""layer"":1,""component"":""z"",""positions"":[8],""heads"":[1],""kind"":""rescue"",""corruption"":""zero""}]"
0,reused,L2_zero_rescue2,triple_rescue,True,0.5725245157530632,0.6394946646408712,0.6224059469366503,0.6565833823450922,0.06697014888780806,0.06697014888780806,0.6923828125,True,0.9992838746984489,0.8184363219344277,0.8283632206443686,0.3913119854046865,0.40072611262720603,0.8064806639770078,0.4381207864761377,"[{""layer"":1,""component"":""z"",""positions"":[8],""heads"":[2],""kind"":""rescue"",""corruption"":""zero""}]"
0,reused,L2_zero_rescue3,triple_rescue,True,0.38721694092534475,0.48911216836620497,0.47193615743873724,0.5062881792936726,0.10189522744086021,0.10189522744086021,0.5625,False,0.9992838746984489,0.8241668003530549,0.833255535880254,0.3919487052289784,0.4066128462949528,0.8004885995167847,0.43143902872740597,"[{""layer"":1,""component"":""z"",""positions"":[8],""heads"":[3],""kind"":""rescue"",""corruption"":""zero""}]"
0,reused,L2_resample_pair01,pair,True,0.46445049787951287,0.43372067929826486,0.4148127658657812,0.4526285927307485,-0.030729818581248014,0.030729818581248014,0.43994140625,True,0.9992838746984489,0.60113214855199,0.6403173701067142,0.5334934062477573,0.0920348154867327,0.5476573311298252,0.3759964046303396,"[{""layer"":1,""component"":""z"",""positions"":[8],""heads"":[0,1],""kind"":""resample""}]"
0,reused,L2_resample_pair02,pair,True,0.5315785131125251,0.4466858322296994,0.42764628943481064,0.4657253750245881,-0.08489268088282576,0.08489268088282576,0.4599609375,True,0.9992838746984489,0.6643322754100041,0.692303867899346,0.5545601152004287,0.10423031512073495,0.6039210461911801,0.41037478628220464,"[{""layer"":1,""component"":""z"",""positions"":[8],""heads"":[0,2],""kind"":""resample""}]"
0,reused,L2_resample_pair03,pair,True,0.6709902662477788,0.6153387001757409,0.5969549239666546,0.6337224763848271,-0.05565156607203792,0.05565156607203792,0.63525390625,True,0.9992838746984489,0.7367229791892385,0.7518502541064652,0.5786903497935069,0.1278663647589926,0.7037655962059991,0.486533679528369,"[{""layer"":1,""component"":""z"",""positions"":[8],""heads"":[0,3],""kind"":""resample""}]"
0,reused,L2_resample_pair12,pair,True,0.4539175994636983,0.3702758953913642,0.3520410933534261,0.3885106974293023,-0.08364170407233412,0.08364170407233412,0.37353515625,True,0.9992838746984489,0.6207873913371671,0.6556286750324568,0.5400451538428164,0.0960275459999192,0.5520849240470829,0.36917732677790804,"[{""layer"":1,""component"":""z"",""positions"":[8],""heads"":[1,2],""kind"":""resample""}]"
0,reused,L2_resample_pair13,pair,True,0.5969593574383381,0.5398647440449524,0.5206703545333259,0.559059133556579,-0.05709461339338562,0.05709461339338562,0.546875,True,0.9992838746984489,0.6931780951164015,0.7120205574155559,0.5641753884358945,0.11804860935574461,0.6412129722401922,0.4431651917625762,"[{""layer"":1,""component"":""z"",""positions"":[8],""heads"":[1,3],""kind"":""resample""}]"
0,reused,L2_resample_pair23,pair,True,0.6643108155272717,0.562102100079171,0.5436517773653687,0.5805524227929734,-0.10220871544810062,0.10220871544810062,0.57666015625,False,0.9992838746984489,0.7563782219744155,0.7698285396201043,0.5852420973885658,0.13318555002357851,0.7074019903823937,0.4697609587714335,"[{""layer"":1,""component"":""z"",""positions"":[8],""heads"":[2,3],""kind"":""resample""}]"
0,reused,L2_resample_rescue0,triple_rescue,True,0.17261051992512763,0.12692096993686838,0.11469311728203903,0.13914882259169775,-0.04568954998825925,0.04568954998825925,0.12109375,True,0.9992838746984489,0.5355299168647676,0.5996913718894228,0.28160920435762926,0.002877923056434221,0.37740527119500344,0.006872421249103488,"[{""layer"":1,""component"":""z"",""positions"":[8],""heads"":[0],""kind"":""rescue"",""corruption"":""resample""}]"
0,reused,L2_resample_rescue1,triple_rescue,True,0.24133941283005741,0.18687959285094347,0.17208620012444928,0.20167298557743765,-0.05445981997911395,0.05445981997911395,0.18408203125,True,0.9992838746984489,0.5790748009376046,0.6332374896268221,0.2864475248101667,0.0029663769399893548,0.44366465161090307,0.007588954010332819,"[{""layer"":1,""component"":""z"",""positions"":[8],""heads"":[1],""kind"":""rescue"",""corruption"":""resample""}]"
0,reused,L2_resample_rescue2,triple_rescue,True,0.1745497173535725,0.16774097395658227,0.15392405901827672,0.18155788889488783,-0.0068087433969902245,0.0068087433969902245,0.1630859375,True,0.9992838746984489,0.5158746740795905,0.5856864056547147,0.2794252884926096,0.0028334311353975204,0.3872449992803854,0.007226493170972089,"[{""layer"":1,""component"":""z"",""positions"":[8],""heads"":[2],""kind"":""rescue"",""corruption"":""resample""}]"
0,reused,L2_resample_rescue3,triple_rescue,True,0.06698834035145448,0.06028822612801349,0.05162019824676786,0.06895625400925912,-0.006700114223440995,0.006700114223440995,0.05419921875,True,0.9992838746984489,0.44348397030035613,0.5393001622280594,0.27138187696158356,0.002623888543582519,0.2912426065473118,0.006223689041400989,"[{""layer"":1,""component"":""z"",""positions"":[8],""heads"":[3],""kind"":""rescue"",""corruption"":""resample""}]"
0,reused,cross_mean_00,cross_layer,True,0.8309767567760061,0.8335954356551358,0.8197306019200826,0.847460269390189,0.002618678879129699,0.002618678879129699,0.85595703125,True,0.9992838746984489,0.8514310153253746,0.8568563434624693,0.8568563434624693,0.8568563434624693,0.8309767567760061,0.8309767567760061,"[{""layer"":0,""component"":""z"",""positions"":[1,3,5,7],""heads"":[0],""kind"":""mean""},{""layer"":1,""component"":""z"",""positions"":[8],""heads"":[0],""kind"":""mean""}]"
0,reused,cross_mean_01,cross_layer,True,0.8235417602419122,0.8268883620412986,0.8121588686722213,0.8416178554103758,0.003346601799386395,0.003346601799386395,0.8427734375,True,0.9992838746984489,0.8384527010249485,0.8449239876078531,0.8449239876078531,0.8449239876078531,0.8235417602419122,0.8235417602419122,"[{""layer"":0,""component"":""z"",""positions"":[1,3,5,7],""heads"":[0],""kind"":""mean""},{""layer"":1,""component"":""z"",""positions"":[8],""heads"":[1],""kind"":""mean""}]"
0,reused,cross_mean_02,cross_layer,True,0.8684564914407344,0.8810342452034217,0.8690815905346222,0.8929868998722211,0.012577753762687216,0.012577753762687216,0.90771484375,True,0.9992838746984489,0.8949155589574502,0.8968363467805025,0.8968363467805025,0.8968363467805026,0.8684564914407344,0.8684564914407344,"[{""layer"":0,""component"":""z"",""positions"":[1,3,5,7],""heads"":[0],""kind"":""mean""},{""layer"":1,""component"":""z"",""positions"":[8],""heads"":[2],""kind"":""mean""}]"
0,reused,cross_mean_03,cross_layer,True,0.8781797561490117,0.8796584701775938,0.8672225000657,0.8920944402894876,0.0014787140285821287,0.0014787140285821287,0.892578125,True,0.9992838746984489,0.8845975387215503,0.8873498844927271,0.8873498844927271,0.8873498844927271,0.8781797561490117,0.8781797561490117,"[{""layer"":0,""component"":""z"",""positions"":[1,3,5,7],""heads"":[0],""kind"":""mean""},{""layer"":1,""component"":""z"",""positions"":[8],""heads"":[3],""kind"":""mean""}]"
0,reused,cross_mean_10,cross_layer,True,0.9314972934858918,0.929111741617362,0.9206439921152754,0.9375794911194486,-0.002385551868529845,0.002385551868529845,0.95361328125,True,0.9992838746984489,0.9319455371005461,0.9319469211341209,0.9319469211341209,0.9319469211341208,0.9314972934858918,0.9314972934858918,"[{""layer"":0,""component"":""z"",""positions"":[1,3,5,7],""heads"":[1],""kind"":""mean""},{""layer"":1,""component"":""z"",""positions"":[8],""heads"":[0],""kind"":""mean""}]"
0,reused,cross_mean_11,cross_layer,True,0.9184580700587177,0.9194116241801567,0.9090992135162067,0.9297240348441066,0.0009535541214389376,0.0009535541214389376,0.931640625,True,0.9992838746984489,0.91896722280012,0.9189688736639346,0.9189688736639346,0.9189688736639346,0.9184580700587178,0.9184580700587178,"[{""layer"":0,""component"":""z"",""positions"":[1,3,5,7],""heads"":[1],""kind"":""mean""},{""layer"":1,""component"":""z"",""positions"":[8],""heads"":[1],""kind"":""mean""}]"
0,reused,cross_mean_12,cross_layer,True,0.9750729631518715,0.9761464560178865,0.972344856058049,0.979948055977724,0.0010734928660149912,0.0010734928660149912,0.9951171875,True,0.9992838746984489,0.9754300807326217,0.9754305707370546,0.9754305707370546,0.9754305707370547,0.9750729631518715,0.9750729631518715,"[{""layer"":0,""component"":""z"",""positions"":[1,3,5,7],""heads"":[1],""kind"":""mean""},{""layer"":1,""component"":""z"",""positions"":[8],""heads"":[2],""kind"":""mean""}]"
0,reused,cross_mean_13,cross_layer,True,0.9650132192571248,0.9607679217378973,0.9534444835789194,0.9680913598968751,-0.004245297519227531,0.004245297519227531,0.96240234375,True,0.9992838746984489,0.9651120604967218,0.9651127626365484,0.9651127626365484,0.9651127626365484,0.9650132192571248,0.9650132192571248,"[{""layer"":0,""component"":""z"",""positions"":[1,3,5,7],""heads"":[1],""kind"":""mean""},{""layer"":1,""component"":""z"",""positions"":[8],""heads"":[3],""kind"":""mean""}]"
0,reused,cross_mean_20,cross_layer,True,0.931903175970769,0.9287962535095176,0.9202896912131953,0.9373028158058399,-0.003106922461251438,0.003106922461251438,0.955078125,True,0.9992838746984489,0.9319436620571651,0.9319451724049783,0.9319451724049783,0.9319451724049782,0.931903175970769,0.931903175970769,"[{""layer"":0,""component"":""z"",""positions"":[1,3,5,7],""heads"":[2],""kind"":""mean""},{""layer"":1,""component"":""z"",""positions"":[8],""heads"":[0],""kind"":""mean""}]"
0,reused,cross_mean_21,cross_layer,True,0.9185188684724592,0.9206970178388474,0.9105002620275134,0.9308937736501813,0.00217814936638816,0.00217814936638816,0.93505859375,True,0.9992838746984489,0.918965347756739,0.9189671492871336,0.9189671492871336,0.9189671492871336,0.9185188684724592,0.9185188684724592,"[{""layer"":0,""component"":""z"",""positions"":[1,3,5,7],""heads"":[2],""kind"":""mean""},{""layer"":1,""component"":""z"",""positions"":[8],""heads"":[1],""kind"":""mean""}]"
0,reused,cross_mean_22,cross_layer,True,0.9750236652235986,0.9751502259614426,0.9710854888397155,0.9792149630831698,0.0001265607378440059,0.0001265607378440059,0.9921875,True,0.9992838746984489,0.9754282056892407,0.9754287404140749,0.9754287404140749,0.975428740414075,0.9750236652235986,0.9750236652235986,"[{""layer"":0,""component"":""z"",""positions"":[1,3,5,7],""heads"":[2],""kind"":""mean""},{""layer"":1,""component"":""z"",""positions"":[8],""heads"":[2],""kind"":""mean""}]"
0,reused,cross_mean_23,cross_layer,True,0.9650467083727794,0.9614117970504594,0.9542126218847111,0.9686109722162077,-0.003634911322319967,0.003634911322319967,0.9638671875,True,0.9992838746984489,0.9651101854533408,0.9651109516741687,0.9651109516741687,0.9651109516741687,0.9650467083727794,0.9650467083727794,"[{""layer"":0,""component"":""z"",""positions"":[1,3,5,7],""heads"":[2],""kind"":""mean""},{""layer"":1,""component"":""z"",""positions"":[8],""heads"":[3],""kind"":""mean""}]"
0,reused,cross_mean_30,cross_layer,True,0.874643462618769,0.87479785100561,0.862808128735076,0.8867875732761441,0.00015438838684100897,0.00015438838684100897,0.8974609375,True,0.9992838746984489,0.8933500536369365,0.8959514623659262,0.8959514623659262,0.8959514623659262,0.874643462618769,0.874643462618769,"[{""layer"":0,""component"":""z"",""positions"":[1,3,5,7],""heads"":[3],""kind"":""mean""},{""layer"":1,""component"":""z"",""positions"":[8],""heads"":[0],""kind"":""mean""}]"
0,reused,cross_mean_31,cross_layer,True,0.8626147951268807,0.8613491447362236,0.8479608876930392,0.874737401779408,-0.0012656503906570693,0.0012656503906570693,0.8740234375,True,0.9992838746984489,0.8803717393365105,0.8834746781780266,0.8834746781780266,0.8834746781780267,0.8626147951268807,0.8626147951268807,"[{""layer"":0,""component"":""z"",""positions"":[1,3,5,7],""heads"":[3],""kind"":""mean""},{""layer"":1,""component"":""z"",""positions"":[8],""heads"":[1],""kind"":""mean""}]"
0,reused,cross_mean_32,cross_layer,True,0.9142320423063444,0.9150488515873221,0.905063284270372,0.9250344189042722,0.000816809280977715,0.000816809280977715,0.93359375,True,0.9992838746984489,0.9368345972690122,0.9377556022447777,0.9377556022447777,0.9377556022447779,0.9142320423063444,0.9142320423063444,"[{""layer"":0,""component"":""z"",""positions"":[1,3,5,7],""heads"":[3],""kind"":""mean""},{""layer"":1,""component"":""z"",""positions"":[8],""heads"":[2],""kind"":""mean""}]"
0,reused,cross_mean_33,cross_layer,True,0.9208461280031766,0.923865919786202,0.9139823784979716,0.9337494610744325,0.0030197917830254717,0.0030197917830254717,0.93603515625,True,0.9992838746984489,0.9265165770331123,0.9278363085098836,0.9278363085098836,0.9278363085098837,0.9208461280031766,0.9208461280031766,"[{""layer"":0,""component"":""z"",""positions"":[1,3,5,7],""heads"":[3],""kind"":""mean""},{""layer"":1,""component"":""z"",""positions"":[8],""heads"":[3],""kind"":""mean""}]"
0,reused,cross_resample_00,cross_layer,True,0.8173610997147635,0.8246823386125186,0.810086415347157,0.8392782618778802,0.007321238897755156,0.007321238897755156,0.83642578125,True,0.9992838746984489,0.8200891687134231,0.8204247403162122,0.8204247403162122,0.8204247403162122,0.8173610997147635,0.8173610997147635,"[{""layer"":0,""component"":""z"",""positions"":[1,3,5,7],""heads"":[0],""kind"":""resample""},{""layer"":1,""component"":""z"",""positions"":[8],""heads"":[0],""kind"":""resample""}]"
0,reused,cross_resample_01,cross_layer,True,0.7766551761523515,0.784842956887255,0.7690030802448107,0.8006828335296994,0.00818778073490356,0.00818778073490356,0.79736328125,True,0.9992838746984489,0.7765442846405861,0.7769622710465197,0.7769622710465197,0.7769622710465198,0.7766551761523515,0.7766551761523515,"[{""layer"":0,""component"":""z"",""positions"":[1,3,5,7],""heads"":[0],""kind"":""resample""},{""layer"":1,""component"":""z"",""positions"":[8],""heads"":[1],""kind"":""resample""}]"
0,reused,cross_resample_02,cross_layer,True,0.8376051321848914,0.8309743067751789,0.8173018153015068,0.844646798248851,-0.006630825409712493,0.006630825409712493,0.8466796875,True,0.9992838746984489,0.8397444114986001,0.8400427827964765,0.8400427827964765,0.8400427827964765,0.8376051321848914,0.8376051321848914,"[{""layer"":0,""component"":""z"",""positions"":[1,3,5,7],""heads"":[0],""kind"":""resample""},{""layer"":1,""component"":""z"",""positions"":[8],""heads"":[2],""kind"":""resample""}]"
0,reused,cross_resample_03,cross_layer,True,0.9109593742863018,0.916166621171131,0.9056659826176381,0.9266672597246239,0.005207246884829209,0.005207246884829209,0.92578125,True,0.9992838746984489,0.9121351152778345,0.9122964770112469,0.9122964770112469,0.9122964770112469,0.9109593742863018,0.9109593742863018,"[{""layer"":0,""component"":""z"",""positions"":[1,3,5,7],""heads"":[0],""kind"":""resample""},{""layer"":1,""component"":""z"",""positions"":[8],""heads"":[3],""kind"":""resample""}]"
0,reused,cross_resample_10,cross_layer,True,0.8219601541743066,0.8243889962407165,0.8097783545759601,0.8389996379054728,0.0024288420664099197,0.0024288420664099197,0.83642578125,True,0.9992838746984489,0.8219811940630848,0.8219810626932982,0.8219810626932982,0.821981062693298,0.8219601541743066,0.8219601541743066,"[{""layer"":0,""component"":""z"",""positions"":[1,3,5,7],""heads"":[1],""kind"":""resample""},{""layer"":1,""component"":""z"",""positions"":[8],""heads"":[0],""kind"":""resample""}]"
0,reused,cross_resample_11,cross_layer,True,0.7785585482525064,0.7849965462224873,0.7691501412428765,0.800842951202098,0.006437997969980902,0.006437997969980902,0.7998046875,True,0.9992838746984489,0.7784363099902478,0.7784361463566611,0.7784361463566611,0.778436146356661,0.7785585482525064,0.7785585482525064,"[{""layer"":0,""component"":""z"",""positions"":[1,3,5,7],""heads"":[1],""kind"":""resample""},{""layer"":1,""component"":""z"",""positions"":[8],""heads"":[1],""kind"":""resample""}]"
0,reused,cross_resample_12,cross_layer,True,0.8418541459320241,0.8303041839156791,0.8166275319442341,0.843980835887124,-0.011549962016345061,0.011549962016345061,0.84765625,True,0.9992838746984489,0.8416364368482618,0.8416363200416743,0.8416363200416743,0.8416363200416742,0.8418541459320241,0.8418541459320241,"[{""layer"":0,""component"":""z"",""positions"":[1,3,5,7],""heads"":[1],""kind"":""resample""},{""layer"":1,""component"":""z"",""positions"":[8],""heads"":[2],""kind"":""resample""}]"
0,reused,cross_resample_13,cross_layer,True,0.9143012896299465,0.9160155388126014,0.905486232307433,0.9265448453177699,0.0017142491826549477,0.0017142491826549477,0.9228515625,True,0.9992838746984489,0.9140271406274962,0.9140270774575012,0.9140270774575012,0.914027077457501,0.9143012896299465,0.9143012896299465,"[{""layer"":0,""component"":""z"",""positions"":[1,3,5,7],""heads"":[1],""kind"":""resample""},{""layer"":1,""component"":""z"",""positions"":[8],""heads"":[3],""kind"":""resample""}]"
0,reused,cross_resample_20,cross_layer,True,0.8222159842427819,0.8250681014300554,0.81048691554878,0.8396492873113307,0.0028521171872735174,0.0028521171872735174,0.83935546875,True,0.9992838746984489,0.8219841268560799,0.821983475119414,0.821983475119414,0.8219834751194142,0.8222159842427819,0.8222159842427819,"[{""layer"":0,""component"":""z"",""positions"":[1,3,5,7],""heads"":[2],""kind"":""resample""},{""layer"":1,""component"":""z"",""positions"":[8],""heads"":[0],""kind"":""resample""}]"
0,reused,cross_resample_21,cross_layer,True,0.7788602404112083,0.7856237951196583,0.769785402594416,0.8014621876449006,0.006763554708450026,0.006763554708450026,0.79736328125,True,0.9992838746984489,0.778439242783243,0.7784384309831255,0.7784384309831255,0.7784384309831257,0.7788602404112083,0.7788602404112083,"[{""layer"":0,""component"":""z"",""positions"":[1,3,5,7],""heads"":[2],""kind"":""resample""},{""layer"":1,""component"":""z"",""positions"":[8],""heads"":[1],""kind"":""resample""}]"
0,reused,cross_resample_22,cross_layer,True,0.8420512249620666,0.8313470925953297,0.8177119689470325,0.8449822162436269,-0.010704132366736951,0.010704132366736951,0.85009765625,True,0.9992838746984489,0.841639369641257,0.8416387901538592,0.8416387901538592,0.8416387901538593,0.8420512249620666,0.8420512249620666,"[{""layer"":0,""component"":""z"",""positions"":[1,3,5,7],""heads"":[2],""kind"":""resample""},{""layer"":1,""component"":""z"",""positions"":[8],""heads"":[2],""kind"":""resample""}]"
0,reused,cross_resample_23,cross_layer,True,0.9142469852561874,0.9169669159624618,0.9065034472403158,0.9274303846846078,0.0027199307062744094,0.0027199307062744094,0.92529296875,True,0.9992838746984489,0.9140300734204914,0.9140297600287822,0.9140297600287822,0.9140297600287824,0.9142469852561874,0.9142469852561874,"[{""layer"":0,""component"":""z"",""positions"":[1,3,5,7],""heads"":[2],""kind"":""resample""},{""layer"":1,""component"":""z"",""positions"":[8],""heads"":[3],""kind"":""resample""}]"
0,reused,cross_resample_30,cross_layer,True,0.8204442170654889,0.8247418179839605,0.8101459629950525,0.8393376729728685,0.004297600918471645,0.004297600918471645,0.837890625,True,0.9992838746984489,0.8216270835669661,0.8216897821937165,0.8216897821937165,0.8216897821937164,0.8204442170654889,0.8204442170654889,"[{""layer"":0,""component"":""z"",""positions"":[1,3,5,7],""heads"":[3],""kind"":""resample""},{""layer"":1,""component"":""z"",""positions"":[8],""heads"":[0],""kind"":""resample""}]"
0,reused,cross_resample_31,cross_layer,True,0.7782755066367026,0.7846980822374139,0.7688445453388099,0.8005516191360179,0.0064225756007112444,0.0064225756007112444,0.79931640625,True,0.9992838746984489,0.7780821994941292,0.7781602966079331,0.7781602966079331,0.7781602966079331,0.7782755066367026,0.7782755066367026,"[{""layer"":0,""component"":""z"",""positions"":[1,3,5,7],""heads"":[3],""kind"":""resample""},{""layer"":1,""component"":""z"",""positions"":[8],""heads"":[1],""kind"":""resample""}]"
0,reused,cross_resample_32,cross_layer,True,0.84033722917989,0.8333087154629624,0.8197416277237891,0.8468758032021356,-0.007028513716927587,0.007028513716927587,0.85009765625,True,0.9992838746984489,0.8412823263521432,0.8413380744264232,0.8413380744264232,0.8413380744264232,0.84033722917989,0.84033722917989,"[{""layer"":0,""component"":""z"",""positions"":[1,3,5,7],""heads"":[3],""kind"":""resample""},{""layer"":1,""component"":""z"",""positions"":[8],""heads"":[2],""kind"":""resample""}]"
0,reused,cross_resample_33,cross_layer,True,0.913372187898339,0.9164763726672618,0.9060207032638055,0.9269320420707181,0.003104184768922824,0.003104184768922824,0.92578125,True,0.9992838746984489,0.9136730301313776,0.9137031791636882,0.9137031791636882,0.913703179163688,0.913372187898339,0.913372187898339,"[{""layer"":0,""component"":""z"",""positions"":[1,3,5,7],""heads"":[3],""kind"":""resample""},{""layer"":1,""component"":""z"",""positions"":[8],""heads"":[3],""kind"":""resample""}]"
1,reused,clean,reference,False,0.9993239761679433,0.9993144244072028,0.9993033912864955,0.99932545752791,-9.551760740578175e-06,9.551760740578175e-06,1.0,True,0.9993239761679433,0.9993239761679433,0.9993239761679433,0.9993239761679433,0.9993239761679433,0.9993239761679433,0.9993239761679433,[]
1,reused,L1_mean_h0,familiar,False,0.9439916345999677,0.952814058468384,0.9449575956793318,0.9606705212574361,0.008822423868416251,0.008822423868416251,0.9638671875,True,0.9993239761679433,0.9439916345999677,0.9439916345999677,0.9439916345999677,0.9439916345999677,0.9439916345999677,0.9439916345999677,"[{""layer"":0,""component"":""z"",""positions"":[1,3,5,7],""heads"":[0],""kind"":""mean""}]"
1,reused,L1_mean_h1,familiar,False,0.9913656303192511,0.9942685830274058,0.992284945600785,0.9962522204540267,0.0029029527081547712,0.0029029527081547712,0.99755859375,True,0.9993239761679433,0.9913656303192511,0.9913656303192511,0.9913656303192511,0.9913656303192511,0.9913656303192511,0.9913656303192511,"[{""layer"":0,""component"":""z"",""positions"":[1,3,5,7],""heads"":[1],""kind"":""mean""}]"
1,reused,L1_mean_h2,familiar,False,0.9983520547393709,0.9980185703898314,0.9975587061638492,0.9984784346158136,-0.00033348434953950346,0.00033348434953950346,1.0,True,0.9993239761679433,0.9983520547393709,0.9983520547393709,0.9983520547393709,0.9983520547393709,0.9983520547393709,0.9983520547393709,"[{""layer"":0,""component"":""z"",""positions"":[1,3,5,7],""heads"":[2],""kind"":""mean""}]"
1,reused,L1_mean_h3,familiar,False,0.9992435432504863,0.9992005603562575,0.9991602558438147,0.9992408648687002,-4.298289422877133e-05,4.298289422877133e-05,1.0,True,0.9993239761679433,0.9992435432504863,0.9992435432504863,0.9992435432504863,0.9992435432504863,0.9992435432504863,0.9992435432504863,"[{""layer"":0,""component"":""z"",""positions"":[1,3,5,7],""heads"":[3],""kind"":""mean""}]"
1,reused,L1_mean_all,familiar,False,0.17526933671363087,0.18328525441268617,0.17045393218117233,0.1961165766442,0.008015917699055297,0.008015917699055297,0.1884765625,True,0.9993239761679433,0.17526933671363087,0.17526933671363087,0.17526933671363087,0.17526933671363087,0.17526933671363087,0.17526933671363087,"[{""layer"":0,""component"":""z"",""positions"":[1,3,5,7],""heads"":[0,1,2,3],""kind"":""mean""}]"
1,reused,L1_mean_wrong_position,control,False,0.9993442026316188,0.9993503845471423,0.9993400348585771,0.9993607342357075,6.181915523484349e-06,6.181915523484349e-06,1.0,True,0.9993239761679433,0.9993442026316188,0.9993442026316188,0.9993442026316188,0.9993442026316188,0.9993442026316188,0.9993442026316188,"[{""layer"":0,""component"":""z"",""positions"":[8],""heads"":[0,1,2,3],""kind"":""mean""}]"
1,reused,L1_zero_h0,familiar,False,0.9265911200205537,0.9296070530039833,0.9200756362462585,0.939138469761708,0.0030159329834296145,0.0030159329834296145,0.94091796875,True,0.9993239761679433,0.9265911200205537,0.9265911200205537,0.9265911200205537,0.9265911200205537,0.9265911200205537,0.9265911200205537,"[{""layer"":0,""component"":""z"",""positions"":[1,3,5,7],""heads"":[0],""kind"":""zero""}]"
1,reused,L1_zero_h1,familiar,False,0.9789810301530224,0.9841342764214005,0.9800945742891884,0.9881739785536126,0.005153246268378098,0.005153246268378098,0.98828125,True,0.9993239761679433,0.9789810301530224,0.9789810301530224,0.9789810301530224,0.9789810301530224,0.9789810301530224,0.9789810301530224,"[{""layer"":0,""component"":""z"",""positions"":[1,3,5,7],""heads"":[1],""kind"":""zero""}]"
1,reused,L1_zero_h2,familiar,False,0.9952001317433314,0.9928104997725313,0.9904946082349854,0.9951263913100773,-0.00238963197080011,0.00238963197080011,0.99609375,True,0.9993239761679433,0.9952001317433314,0.9952001317433314,0.9952001317433314,0.9952001317433314,0.9952001317433314,0.9952001317433314,"[{""layer"":0,""component"":""z"",""positions"":[1,3,5,7],""heads"":[2],""kind"":""zero""}]"
1,reused,L1_zero_h3,familiar,False,0.9991724049323238,0.9991176199400797,0.9990712966196451,0.9991639432605144,-5.478499224409461e-05,5.478499224409461e-05,1.0,True,0.9993239761679433,0.9991724049323238,0.9991724049323238,0.9991724049323238,0.9991724049323238,0.9991724049323238,0.9991724049323238,"[{""layer"":0,""component"":""z"",""positions"":[1,3,5,7],""heads"":[3],""kind"":""zero""}]"
1,reused,L1_zero_all,familiar,False,0.1876118793587256,0.20828289854350263,0.19279451411936285,0.2237712829676424,0.02067101918477704,0.02067101918477704,0.21044921875,True,0.9993239761679433,0.1876118793587256,0.1876118793587256,0.1876118793587256,0.1876118793587256,0.1876118793587256,0.1876118793587256,"[{""layer"":0,""component"":""z"",""positions"":[1,3,5,7],""heads"":[0,1,2,3],""kind"":""zero""}]"
1,reused,L1_zero_wrong_position,control,False,0.9993151421076618,0.9993248090031557,0.9993144207919005,0.9993351972144109,9.666895493865013e-06,9.666895493865013e-06,1.0,True,0.9993239761679433,0.9993151421076618,0.9993151421076618,0.9993151421076618,0.9993151421076618,0.9993151421076618,0.9993151421076618,"[{""layer"":0,""component"":""z"",""positions"":[8],""heads"":[0,1,2,3],""kind"":""zero""}]"
1,reused,L1_resample_h0,familiar,False,0.9980590221675811,0.9979233884660061,0.9967873022096078,0.9990594747224045,-0.00013563370157498866,0.00013563370157498866,0.9990234375,True,0.9993239761679433,0.9980590221675811,0.9980590221675811,0.9980590221675811,0.9980590221675811,0.9980590221675811,0.9980590221675811,"[{""layer"":0,""component"":""z"",""positions"":[1,3,5,7],""heads"":[0],""kind"":""resample""}]"
1,reused,L1_resample_h1,familiar,False,0.9991533509455621,0.9991375031822827,0.9990372178122799,0.9992377885522854,-1.584776327945292e-05,1.584776327945292e-05,1.0,True,0.9993239761679433,0.9991533509455621,0.9991533509455621,0.9991533509455621,0.9991533509455621,0.9991533509455621,0.9991533509455621,"[{""layer"":0,""component"":""z"",""positions"":[1,3,5,7],""heads"":[1],""kind"":""resample""}]"
1,reused,L1_resample_h2,familiar,False,0.9988171528093517,0.9985861368768383,0.9980624505259832,0.9991098232276934,-0.0002310159325134009,0.0002310159325134009,1.0,True,0.9993239761679433,0.9988171528093517,0.9988171528093517,0.9988171528093517,0.9988171528093517,0.9988171528093517,0.9988171528093517,"[{""layer"":0,""component"":""z"",""positions"":[1,3,5,7],""heads"":[2],""kind"":""resample""}]"
1,reused,L1_resample_h3,familiar,False,0.9993113598320633,0.9992894022434484,0.999264315857895,0.9993144886290019,-2.195758861489594e-05,2.195758861489594e-05,1.0,True,0.9993239761679433,0.9993113598320633,0.9993113598320633,0.9993113598320633,0.9993113598320633,0.9993113598320633,0.9993113598320633,"[{""layer"":0,""component"":""z"",""positions"":[1,3,5,7],""heads"":[3],""kind"":""resample""}]"
1,reused,L1_resample_all,familiar,False,0.9993027111049742,0.9992911796725821,0.9992661637089978,0.9993161956361664,-1.1531432392075658e-05,1.1531432392075658e-05,1.0,True,0.9993239761679433,0.9993027111049742,0.9993027111049742,0.9993027111049742,0.9993027111049742,0.9993027111049742,0.9993027111049742,"[{""layer"":0,""component"":""z"",""positions"":[1,3,5,7],""heads"":[0,1,2,3],""kind"":""resample""}]"
1,reused,L1_resample_wrong_position,control,False,0.9992562544648536,0.9992804428329691,0.9992673401305164,0.9992935455354218,2.418836811557412e-05,2.418836811557412e-05,1.0,True,0.9993239761679433,0.9992562544648536,0.9992562544648536,0.9992562544648536,0.9992562544648536,0.9992562544648536,0.9992562544648536,"[{""layer"":0,""component"":""z"",""positions"":[8],""heads"":[0,1,2,3],""kind"":""resample""}]"
1,reused,L1_matched_h0,control,False,0.9980568195460364,0.9979466101576691,0.9968263395987245,0.9990668807166136,-0.00011020938836736605,0.00011020938836736605,0.9990234375,True,0.9993239761679433,0.9980568195460364,0.9980568195460364,0.9980568195460364,0.9980568195460364,0.9980568195460364,0.9980568195460364,"[{""layer"":0,""component"":""z"",""positions"":[1,3,5,7],""heads"":[0],""kind"":""resample"",""donor"":""matched_donor_tokens""}]"
1,reused,L1_matched_h1,control,False,0.9991452249814756,0.9991291961341631,0.9990253073231321,0.999233084945194,-1.6028847312554717e-05,1.6028847312554717e-05,1.0,True,0.9993239761679433,0.9991452249814756,0.9991452249814756,0.9991452249814756,0.9991452249814756,0.9991452249814756,0.9991452249814756,"[{""layer"":0,""component"":""z"",""positions"":[1,3,5,7],""heads"":[1],""kind"":""resample"",""donor"":""matched_donor_tokens""}]"
1,reused,L1_matched_h2,control,False,0.9986732784891501,0.9985633078031242,0.9980230462505137,0.9991035693557346,-0.00010997068602591753,0.00010997068602591753,1.0,True,0.9993239761679433,0.9986732784891501,0.9986732784891501,0.9986732784891501,0.9986732784891501,0.9986732784891501,0.9986732784891501,"[{""layer"":0,""component"":""z"",""positions"":[1,3,5,7],""heads"":[2],""kind"":""resample"",""donor"":""matched_donor_tokens""}]"
1,reused,L1_matched_h3,control,False,0.9993145535117947,0.9992943337128963,0.9992709542765418,0.9993177131492509,-2.021979889832437e-05,2.021979889832437e-05,1.0,True,0.9993239761679433,0.9993145535117947,0.9993145535117947,0.9993145535117947,0.9993145535117947,0.9993145535117947,0.9993145535117947,"[{""layer"":0,""component"":""z"",""positions"":[1,3,5,7],""heads"":[3],""kind"":""resample"",""donor"":""matched_donor_tokens""}]"
1,reused,L1_matched_all,control,False,0.9993043878348544,0.9993037569220178,0.9992895537268902,0.9993179601171454,-6.309128366410732e-07,6.309128366410732e-07,1.0,True,0.9993239761679433,0.9993043878348544,0.9993043878348544,0.9993043878348544,0.9993043878348544,0.9993043878348544,0.9993043878348544,"[{""layer"":0,""component"":""z"",""positions"":[1,3,5,7],""heads"":[0,1,2,3],""kind"":""resample"",""donor"":""matched_donor_tokens""}]"
1,reused,L1_noop,control,False,0.9993239761679433,0.9993144244072028,0.9993033912864955,0.99932545752791,-9.551760740578175e-06,9.551760740578175e-06,1.0,True,0.9993239761679433,0.9993239761679433,0.9993239761679433,0.9993239761679433,0.9993239761679433,0.9993239761679433,0.9993239761679433,"[{""layer"":0,""component"":""z"",""positions"":[1,3,5,7],""heads"":[0,1,2,3],""kind"":""noop""}]"
1,reused,L1_mlp_zero,control,False,0.9059242498313029,0.9157261949934643,0.9051620048744288,0.9262903851124998,0.009801945162161374,0.009801945162161374,0.92138671875,True,0.9993239761679433,0.9059242498313029,0.9059242498313029,0.9059242498313029,0.9059242498313029,0.9059242498313029,0.9059242498313029,"[{""layer"":0,""component"":""mlp_out"",""positions"":[1,3,5,7],""kind"":""zero""}]"
1,reused,L1_mlp_mean,control,False,0.9871685164403061,0.9880819086733936,0.984468949621463,0.9916948677253242,0.0009133922330875066,0.0009133922330875066,0.9912109375,True,0.9993239761679433,0.9871685164403061,0.9871685164403061,0.9871685164403061,0.9871685164403061,0.9871685164403061,0.9871685164403061,"[{""layer"":0,""component"":""mlp_out"",""positions"":[1,3,5,7],""kind"":""mean""}]"
1,reused,L2_mean_h0,familiar,False,0.9593629661794694,0.955919900248773,0.949926685754373,0.9619131147431731,-0.0034430659306963207,0.0034430659306963207,0.97900390625,True,0.9993239761679433,0.9593629661794694,0.9593629661794694,0.9593629661794694,0.9593629661794694,0.9593629661794694,0.9593629661794694,"[{""layer"":1,""component"":""z"",""positions"":[8],""heads"":[0],""kind"":""mean""}]"
1,reused,L2_mean_h1,familiar,False,0.9929521740996279,0.9913451633474324,0.9892298448581373,0.9934604818367275,-0.0016070107521954924,0.0016070107521954924,0.998046875,True,0.9993239761679433,0.9929521740996279,0.9929521740996279,0.9929521740996279,0.9929521740996279,0.9929521740996279,0.9929521740996279,"[{""layer"":1,""component"":""z"",""positions"":[8],""heads"":[1],""kind"":""mean""}]"
1,reused,L2_mean_h2,familiar,False,0.9380065497143733,0.9430709528184025,0.9358933698268302,0.9502485358099747,0.005064403104029225,0.005064403104029225,0.97607421875,True,0.9993239761679433,0.9380065497143733,0.9380065497143733,0.9380065497143733,0.9380065497143733,0.9380065497143733,0.9380065497143733,"[{""layer"":1,""component"":""z"",""positions"":[8],""heads"":[2],""kind"":""mean""}]"
1,reused,L2_mean_h3,familiar,False,0.9612798425587243,0.9616373058811405,0.9563100870445271,0.9669645247177538,0.00035746332241615164,0.00035746332241615164,0.98583984375,True,0.9993239761679433,0.9612798425587243,0.9612798425587243,0.9612798425587243,0.9612798425587243,0.9612798425587243,0.9612798425587243,"[{""layer"":1,""component"":""z"",""positions"":[8],""heads"":[3],""kind"":""mean""}]"
1,reused,L2_mean_all,familiar,False,0.1043215411549383,0.11287973865359469,0.104725835701855,0.12103364160533438,0.008558197498656384,0.008558197498656384,0.13037109375,True,0.9993239761679433,0.1043215411549383,0.1043215411549383,0.1043215411549383,0.1043215411549383,0.1043215411549383,0.1043215411549383,"[{""layer"":1,""component"":""z"",""positions"":[8],""heads"":[0,1,2,3],""kind"":""mean""}]"
1,reused,L2_mean_wrong_position,control,False,0.9993239761679433,0.9993144244072028,0.9993033912864955,0.99932545752791,-9.551760740578175e-06,9.551760740578175e-06,1.0,True,0.9993239761679433,0.9993239761679433,0.9993239761679433,0.9993239761679433,0.9993239761679433,0.9993239761679433,0.9993239761679433,"[{""layer"":1,""component"":""z"",""positions"":[1,3,5,7],""heads"":[0,1,2,3],""kind"":""mean""}]"
1,reused,L2_zero_h0,familiar,False,0.9644963533173723,0.9615249985563423,0.9562180016508243,0.9668319954618604,-0.002971354761029943,0.002971354761029943,0.98583984375,True,0.9993239761679433,0.9644963533173723,0.9644963533173723,0.9644963533173723,0.9644963533173723,0.9644963533173723,0.9644963533173723,"[{""layer"":1,""component"":""z"",""positions"":[8],""heads"":[0],""kind"":""zero""}]"
1,reused,L2_zero_h1,familiar,False,0.9932318540522829,0.9916458049774519,0.9895938008136798,0.9936978091412241,-0.001586049074830953,0.001586049074830953,0.998046875,True,0.9993239761679433,0.9932318540522829,0.9932318540522829,0.9932318540522829,0.9932318540522829,0.9932318540522829,0.9932318540522829,"[{""layer"":1,""component"":""z"",""positions"":[8],""heads"":[1],""kind"":""zero""}]"
1,reused,L2_zero_h2,familiar,False,0.9294662521169812,0.9367861095998933,0.9288473938397656,0.944724825360021,0.007319857482912084,0.007319857482912084,0.96875,True,0.9993239761679433,0.9294662521169812,0.9294662521169812,0.9294662521169812,0.9294662521169812,0.9294662521169812,0.9294662521169812,"[{""layer"":1,""component"":""z"",""positions"":[8],""heads"":[2],""kind"":""zero""}]"
1,reused,L2_zero_h3,familiar,False,0.964804002416713,0.9646083694033223,0.9598003621658515,0.969416376640793,-0.00019563301339076133,0.00019563301339076133,0.9921875,True,0.9993239761679433,0.964804002416713,0.964804002416713,0.964804002416713,0.964804002416713,0.964804002416713,0.964804002416713,"[{""layer"":1,""component"":""z"",""positions"":[8],""heads"":[3],""kind"":""zero""}]"
1,reused,L2_zero_all,familiar,False,0.11373443604561473,0.11688791188209713,0.10878564636504767,0.12499017739914658,0.0031534758364824,0.0031534758364824,0.142578125,True,0.9993239761679433,0.11373443604561473,0.11373443604561473,0.11373443604561473,0.11373443604561473,0.11373443604561473,0.11373443604561473,"[{""layer"":1,""component"":""z"",""positions"":[8],""heads"":[0,1,2,3],""kind"":""zero""}]"
1,reused,L2_zero_wrong_position,control,False,0.9993239761679433,0.9993144244072028,0.9993033912864955,0.99932545752791,-9.551760740578175e-06,9.551760740578175e-06,1.0,True,0.9993239761679433,0.9993239761679433,0.9993239761679433,0.9993239761679433,0.9993239761679433,0.9993239761679433,0.9993239761679433,"[{""layer"":1,""component"":""z"",""positions"":[1,3,5,7],""heads"":[0,1,2,3],""kind"":""zero""}]"
1,reused,L2_resample_h0,familiar,False,0.8719580542775702,0.8507104375459846,0.8378293112499142,0.863591563842055,-0.021247616731585595,0.021247616731585595,0.876953125,True,0.9993239761679433,0.8719580542775702,0.8719580542775702,0.8719580542775702,0.8719580542775702,0.8719580542775702,0.8719580542775702,"[{""layer"":1,""component"":""z"",""positions"":[8],""heads"":[0],""kind"":""resample""}]"
1,reused,L2_resample_h1,familiar,False,0.9619781650162622,0.9581881046015042,0.9516740690307653,0.964702140172243,-0.0037900604147580452,0.0037900604147580452,0.9697265625,True,0.9993239761679433,0.9619781650162622,0.9619781650162622,0.9619781650162622,0.9619781650162622,0.9619781650162622,0.9619781650162622,"[{""layer"":1,""component"":""z"",""positions"":[8],""heads"":[1],""kind"":""resample""}]"
1,reused,L2_resample_h2,familiar,False,0.7810646880148227,0.7804962080582456,0.7652396656202597,0.7957527504962315,-0.0005684799565770504,0.0005684799565770504,0.7919921875,True,0.9993239761679433,0.7810646880148227,0.7810646880148227,0.7810646880148227,0.7810646880148227,0.7810646880148227,0.7810646880148227,"[{""layer"":1,""component"":""z"",""positions"":[8],""heads"":[2],""kind"":""resample""}]"
1,reused,L2_resample_h3,familiar,False,0.7804850517261741,0.781498956003901,0.7662468214977052,0.7967510905100967,0.0010139042777268514,0.0010139042777268514,0.802734375,True,0.9993239761679433,0.7804850517261741,0.7804850517261741,0.7804850517261741,0.7804850517261741,0.7804850517261741,0.7804850517261741,"[{""layer"":1,""component"":""z"",""positions"":[8],""heads"":[3],""kind"":""resample""}]"
1,reused,L2_resample_all,familiar,False,6.622672757877757e-05,7.049122815805386e-05,6.57046071895433e-05,7.527784912656444e-05,4.264500579276298e-06,4.264500579276298e-06,0.0,True,0.9993239761679433,6.622672757877757e-05,6.622672757877757e-05,6.622672757877757e-05,6.622672757877757e-05,6.622672757877757e-05,6.622672757877757e-05,"[{""layer"":1,""component"":""z"",""positions"":[8],""heads"":[0,1,2,3],""kind"":""resample""}]"
1,reused,L2_resample_wrong_position,control,False,0.9993239761679433,0.9993144244072028,0.9993033912864955,0.99932545752791,-9.551760740578175e-06,9.551760740578175e-06,1.0,True,0.9993239761679433,0.9993239761679433,0.9993239761679433,0.9993239761679433,0.9993239761679433,0.9993239761679433,0.9993239761679433,"[{""layer"":1,""component"":""z"",""positions"":[1,3,5,7],""heads"":[0,1,2,3],""kind"":""resample""}]"
1,reused,L2_matched_h0,control,False,0.9993362635723315,0.9993283271614928,0.9993181662735953,0.9993384880493903,-7.936410838738084e-06,7.936410838738084e-06,1.0,True,0.9993239761679433,0.9993362635723315,0.9993362635723315,0.9993362635723315,0.9993362635723315,0.9993362635723315,0.9993362635723315,"[{""layer"":1,""component"":""z"",""positions"":[8],""heads"":[0],""kind"":""resample"",""donor"":""matched_donor_tokens""}]"
1,reused,L2_matched_h1,control,False,0.999332862906158,0.9993316585896537,0.9993235920106449,0.9993397251686624,-1.2043165042996407e-06,1.2043165042996407e-06,1.0,True,0.9993239761679433,0.999332862906158,0.999332862906158,0.999332862906158,0.999332862906158,0.999332862906158,0.999332862906158,"[{""layer"":1,""component"":""z"",""positions"":[8],""heads"":[1],""kind"":""resample"",""donor"":""matched_donor_tokens""}]"
1,reused,L2_matched_h2,control,False,0.9993391181342304,0.9993346975534223,0.999327014389944,0.9993423807169006,-4.420580808073282e-06,4.420580808073282e-06,1.0,True,0.9993239761679433,0.9993391181342304,0.9993391181342304,0.9993391181342304,0.9993391181342304,0.9993391181342304,0.9993391181342304,"[{""layer"":1,""component"":""z"",""positions"":[8],""heads"":[2],""kind"":""resample"",""donor"":""matched_donor_tokens""}]"
1,reused,L2_matched_h3,control,False,0.999336150707677,0.9993302659713663,0.9993202202183565,0.9993403117243761,-5.884736310690641e-06,5.884736310690641e-06,1.0,True,0.9993239761679433,0.999336150707677,0.999336150707677,0.999336150707677,0.999336150707677,0.999336150707677,0.999336150707677,"[{""layer"":1,""component"":""z"",""positions"":[8],""heads"":[3],""kind"":""resample"",""donor"":""matched_donor_tokens""}]"
1,reused,L2_matched_all,control,False,0.9993412660551257,0.9993430845497642,0.9993347282904947,0.9993514408090336,1.818494638428092e-06,1.818494638428092e-06,1.0,True,0.9993239761679433,0.9993412660551257,0.9993412660551257,0.9993412660551257,0.9993412660551257,0.9993412660551257,0.9993412660551257,"[{""layer"":1,""component"":""z"",""positions"":[8],""heads"":[0,1,2,3],""kind"":""resample"",""donor"":""matched_donor_tokens""}]"
1,reused,L2_noop,control,False,0.9993239761679433,0.9993144244072028,0.9993033912864955,0.99932545752791,-9.551760740578175e-06,9.551760740578175e-06,1.0,True,0.9993239761679433,0.9993239761679433,0.9993239761679433,0.9993239761679433,0.9993239761679433,0.9993239761679433,0.9993239761679433,"[{""layer"":1,""component"":""z"",""positions"":[8],""heads"":[0,1,2,3],""kind"":""noop""}]"
1,reused,L2_mlp_zero,control,False,0.9935748763382435,0.993113192380406,0.9923916651251268,0.9938347196356851,-0.00046168395783752203,0.00046168395783752203,1.0,True,0.9993239761679433,0.9935748763382435,0.9935748763382435,0.9935748763382435,0.9935748763382435,0.9935748763382435,0.9935748763382435,"[{""layer"":1,""component"":""mlp_out"",""positions"":[8],""kind"":""zero""}]"
1,reused,L2_mlp_mean,control,False,0.9940544033306651,0.9936137172335293,0.9929330437039384,0.9942943907631202,-0.00044068609713576734,0.00044068609713576734,1.0,True,0.9993239761679433,0.9940544033306651,0.9940544033306651,0.9940544033306651,0.9940544033306651,0.9940544033306651,0.9940544033306651,"[{""layer"":1,""component"":""mlp_out"",""positions"":[8],""kind"":""mean""}]"
1,reused,L1_mean_pair01,pair,True,0.6311260868198281,0.6943058897186005,0.6763020297951403,0.7123097496420607,0.06317980289877245,0.06317980289877245,0.70654296875,True,0.9993239761679433,0.9360332887512754,0.9364739405532111,0.7035422005442833,0.8814679561495449,0.9218704381424552,0.9009300805211425,"[{""layer"":0,""component"":""z"",""positions"":[1,3,5,7],""heads"":[0,1],""kind"":""mean""}]"
1,reused,L1_mean_pair02,pair,True,0.9035727841103047,0.8042335708302533,0.7888607948064982,0.8196063468540083,-0.09933921328005146,0.09933921328005146,0.81689453125,True,0.9993239761679433,0.9430197131713953,0.9430735282401275,0.7058710086843233,0.9282970573398291,0.9354545818924667,0.911540003133972,"[{""layer"":0,""component"":""z"",""positions"":[1,3,5,7],""heads"":[0,2],""kind"":""mean""}]"
1,reused,L1_mean_pair03,pair,True,0.9388879416541537,0.8961989657733351,0.8844677472793359,0.9079301842673344,-0.04268897588081855,0.04268897588081855,0.90625,True,0.9993239761679433,0.9439112016825106,0.9439156552348803,0.7061681715213617,0.9437823013743977,0.9426060040950324,0.916948810880394,"[{""layer"":0,""component"":""z"",""positions"":[1,3,5,7],""heads"":[0,3],""kind"":""mean""}]"
1,reused,L1_mean_pair12,pair,True,0.9823947264700739,0.8972178069581815,0.8861949788909249,0.9082406350254382,-0.08517691951189232,0.08517691951189232,0.90966796875,True,0.9993239761679433,0.9903937088906787,0.9904014490100502,0.7216623405907511,0.9608490319172983,0.9856388354949566,0.9416129877977055,"[{""layer"":0,""component"":""z"",""positions"":[1,3,5,7],""heads"":[1,2],""kind"":""mean""}]"
1,reused,L1_mean_pair13,pair,True,0.9906929650886763,0.9787368831892991,0.973959782000628,0.9835139843779701,-0.011956081899377247,0.011956081899377247,0.986328125,True,0.9993239761679433,0.991285197401794,0.9912858379477931,0.7219595034277895,0.9695349397294926,0.9910265189134981,0.946399530824844,"[{""layer"":0,""component"":""z"",""positions"":[1,3,5,7],""heads"":[1,3],""kind"":""mean""}]"
1,reused,L1_mean_pair23,pair,True,0.9977553904846266,0.9873540465840591,0.9840681195655996,0.9906399736025187,-0.010401343900567461,0.010401343900567461,0.99462890625,True,0.9993239761679433,0.9982716218219139,0.9982717000492736,0.7242883115678295,0.9822707425240471,0.9978936504007279,0.9554554677929034,"[{""layer"":0,""component"":""z"",""positions"":[1,3,5,7],""heads"":[2,3],""kind"":""mean""}]"
1,reused,L1_mean_rescue0,triple_rescue,True,0.9781262504108597,0.8114412256095869,0.7964744383139937,0.8264080129051801,-0.16668502480127279,0.16668502480127279,0.82080078125,False,0.9993239761679433,0.9903132759732216,0.9903217342429703,0.4489530276212105,0.7320104206930224,0.9843486366122298,0.47602720333489223,"[{""layer"":0,""component"":""z"",""positions"":[1,3,5,7],""heads"":[0],""kind"":""rescue"",""corruption"":""mean""}]"
1,reused,L1_mean_rescue1,triple_rescue,True,0.868758479346967,0.6934049064654764,0.675548717902695,0.7112610950282577,-0.17535357288149067,0.17535357288149067,0.7109375,False,0.9993239761679433,0.9429392802539383,0.9429976227709684,0.4436892503190678,0.6881867813585075,0.9335308359497865,0.4663189472695014,"[{""layer"":0,""component"":""z"",""positions"":[1,3,5,7],""heads"":[1],""kind"":""rescue"",""corruption"":""mean""}]"
1,reused,L1_mean_rescue2,triple_rescue,True,0.4881522167099729,0.5835956532926359,0.5645406327870108,0.6026506737982609,0.09544343658266297,0.09544343658266297,0.5986328125,True,0.9993239761679433,0.9359528558338184,0.9363985662672362,0.4429129809390545,0.6472221475994787,0.9201218042694809,0.4627634131855964,"[{""layer"":0,""component"":""z"",""positions"":[1,3,5,7],""heads"":[2],""kind"":""rescue"",""corruption"":""mean""}]"
1,reused,L1_mean_rescue3,triple_rescue,True,0.22750996688544012,0.39267341088482777,0.3744400871163591,0.4109067346532964,0.16516344399938765,0.16516344399938765,0.41015625,False,0.9993239761679433,0.9350613673227031,0.9355631457440908,0.4428139266600417,0.6272030446032903,0.9095051417937672,0.46019538996973486,"[{""layer"":0,""component"":""z"",""positions"":[1,3,5,7],""heads"":[3],""kind"":""rescue"",""corruption"":""mean""}]"
1,reused,L1_zero_pair01,pair,True,0.5811813968854089,0.630742417745568,0.6117903683590552,0.6496944671320809,0.04956102086015912,0.04956102086015912,0.64697265625,True,0.9993239761679433,0.9062481740056327,0.9077287754936418,0.6977280098441007,0.8371241110229074,0.8910575424281171,0.8435879332451313,"[{""layer"":0,""component"":""z"",""positions"":[1,3,5,7],""heads"":[0,1],""kind"":""zero""}]"
1,reused,L1_zero_pair02,pair,True,0.8609360344852577,0.6999736874877993,0.6818628134552699,0.7180845615203287,-0.16096234699745837,0.16096234699745837,0.70947265625,False,0.9993239761679433,0.9224672755959418,0.9227674174823195,0.7031343770408703,0.8942341537467442,0.9078336318330686,0.85707557772343,"[{""layer"":0,""component"":""z"",""positions"":[1,3,5,7],""heads"":[0,2],""kind"":""zero""}]"
1,reused,L1_zero_pair03,pair,True,0.919052302511542,0.8449112105307832,0.8307483915331849,0.8590740295283815,-0.0741410919807588,0.0741410919807588,0.85400390625,True,0.9993239761679433,0.9264395487849342,0.9264505804514802,0.7044584681038678,0.9383128486264369,0.9238502752112203,0.8704446509141601,"[{""layer"":0,""component"":""z"",""positions"":[1,3,5,7],""heads"":[0,3],""kind"":""zero""}]"
1,reused,L1_zero_pair12,pair,True,0.956533782076499,0.8235887497295806,0.8088614857410276,0.8383160137181337,-0.13294503234691835,0.13294503234691835,0.8310546875,False,0.9993239761679433,0.9748571857284105,0.9749411336236922,0.7205976804183599,0.9289021614503694,0.9623717858027008,0.8938887567383684,"[{""layer"":0,""component"":""z"",""positions"":[1,3,5,7],""heads"":[1,2],""kind"":""zero""}]"
1,reused,L1_zero_pair13,pair,True,0.9769351737712528,0.9463635913897246,0.9381745621644786,0.9545526206149706,-0.03057158238152824,0.03057158238152824,0.95556640625,True,0.9993239761679433,0.9788294589174029,0.9788325444087322,0.7219217714813574,0.9591920433930355,0.977157050543832,0.9062994534249901,"[{""layer"":0,""component"":""z"",""positions"":[1,3,5,7],""heads"":[1,3],""kind"":""zero""}]"
1,reused,L1_zero_pair23,pair,True,0.9933008658132462,0.9575384701069076,0.9501875412771629,0.9648893989366524,-0.035762395706338546,0.035762395706338546,0.96484375,True,0.9993239761679433,0.995048560507712,0.9950491859867456,0.7273281386781271,0.9747897313335778,0.9935629309175772,0.9205295876282559,"[{""layer"":0,""component"":""z"",""positions"":[1,3,5,7],""heads"":[2,3],""kind"":""zero""}]"
1,reused,L1_zero_rescue0,triple_rescue,True,0.9445360332962929,0.7279762911240304,0.7103054232588293,0.7456471589892315,-0.21655974217226248,0.21655974217226248,0.73779296875,False,0.9993239761679433,0.974705614492791,0.9747932606257419,0.45544720477567013,0.6965424681087075,0.9592404626445947,0.3824927330124037,"[{""layer"":0,""component"":""z"",""positions"":[1,3,5,7],""heads"":[0],""kind"":""rescue"",""corruption"":""zero""}]"
1,reused,L1_zero_rescue1,triple_rescue,True,0.7854545300446292,0.5815008393853738,0.5618480317871386,0.601153646983609,-0.2039536906592554,0.2039536906592554,0.59423828125,False,0.9993239761679433,0.9223157043603223,0.9226274578686279,0.44962610364984035,0.6650360346419446,0.9038101386218077,0.37391493293002986,"[{""layer"":0,""component"":""z"",""positions"":[1,3,5,7],""heads"":[1],""kind"":""rescue"",""corruption"":""zero""}]"
1,reused,L1_zero_rescue2,triple_rescue,True,0.4110177394584426,0.5006119608379546,0.4809131781921294,0.5203107434837797,0.08959422137951195,0.08959422137951195,0.5107421875,True,0.9993239761679433,0.9060966027700132,0.907591096847487,0.44782398125091705,0.6271242768275834,0.8876560149961009,0.36965437577489657,"[{""layer"":0,""component"":""z"",""positions"":[1,3,5,7],""heads"":[2],""kind"":""rescue"",""corruption"":""zero""}]"
1,reused,L1_zero_rescue3,triple_rescue,True,0.23111095773442555,0.32008385661300054,0.30172198377257187,0.3384457294534292,0.08897289887857499,0.08897289887857499,0.32080078125,True,0.9993239761679433,0.9021243295810208,0.9039829109500594,0.44738261756325126,0.5803337534224118,0.8684796117798854,0.3677547874152404,"[{""layer"":0,""component"":""z"",""positions"":[1,3,5,7],""heads"":[3],""kind"":""rescue"",""corruption"":""zero""}]"
1,reused,L1_resample_pair01,pair,True,0.9985284522766358,0.9981603105188697,0.9971870615313314,0.9991335595064079,-0.00036814175776611613,0.00036814175776611613,0.99951171875,True,0.9993239761679433,0.9978883969451999,0.9978886129242646,0.9988383614060392,0.9989534442873929,0.9967203028515034,0.9992395941231678,"[{""layer"":0,""component"":""z"",""positions"":[1,3,5,7],""heads"":[0,1],""kind"":""resample""}]"
1,reused,L1_resample_pair02,pair,True,0.9990101345390496,0.9991230677987915,0.9990278887561702,0.9992182468414127,0.00011293325974182089,0.00011293325974182089,1.0,True,0.9993239761679433,0.9975521988089895,0.997552840350922,0.9987262953606357,0.998830053965956,0.9971078316845962,0.9992430330202762,"[{""layer"":0,""component"":""z"",""positions"":[1,3,5,7],""heads"":[0,2],""kind"":""resample""}]"
1,reused,L1_resample_pair03,pair,True,0.9981782601306104,0.9979280171173741,0.99686718423365,0.9989888500010983,-0.0002502430132362843,0.0002502430132362843,0.99951171875,True,0.9993239761679433,0.9980464058317011,0.9980464218015817,0.9988910310348729,0.9990230641769813,0.9980619844697307,0.9992816012214719,"[{""layer"":0,""component"":""z"",""positions"":[1,3,5,7],""heads"":[0,3],""kind"":""resample""}]"
1,reused,L1_resample_pair12,pair,True,0.9990236991486986,0.9975537722493755,0.9965727657276402,0.9985347787711107,-0.0014699268993231263,0.0014699268993231263,0.99951171875,True,0.9993239761679433,0.9986465275869705,0.9986466141223186,0.9990910716199627,0.999112794161509,0.9982567528610984,0.9992692786620897,"[{""layer"":0,""component"":""z"",""positions"":[1,3,5,7],""heads"":[1,2],""kind"":""resample""}]"
1,reused,L1_resample_pair13,pair,True,0.9991674285515918,0.9991587085241918,0.9990868757480929,0.9992305413002907,-8.720027400044295e-06,8.720027400044295e-06,1.0,True,0.9993239761679433,0.9991407346096821,0.9991407367638035,0.9992558072941999,0.9992591942992405,0.9991528020432957,0.9993034450478767,"[{""layer"":0,""component"":""z"",""positions"":[1,3,5,7],""heads"":[1,3],""kind"":""resample""}]"
1,reused,L1_resample_pair23,pair,True,0.99875488688313,0.9975644623555127,0.9964193365167475,0.9987095881942778,-0.0011904245276173064,0.0011904245276173064,0.9990234375,True,0.9993239761679433,0.9988045364734717,0.998804542872051,0.9991437412487965,0.9991718224283612,0.9987023566377909,0.999290971047836,"[{""layer"":0,""component"":""z"",""positions"":[1,3,5,7],""heads"":[2,3],""kind"":""resample""}]"
1,reused,L1_resample_rescue0,triple_rescue,True,0.9990280573126484,0.9973463665955933,0.9961597644353904,0.9985329687557961,-0.001681690717055151,0.001681690717055151,0.9990234375,True,0.9993239761679433,0.9986339112510905,0.9986340063380468,0.9992331255796469,0.9992454583027484,0.9981510268681355,0.999303683584599,"[{""layer"":0,""component"":""z"",""positions"":[1,3,5,7],""heads"":[0],""kind"":""rescue"",""corruption"":""resample""}]"
1,reused,L1_resample_rescue1,triple_rescue,True,0.999075849172528,0.9986745606001932,0.9979029217272973,0.9994461994730891,-0.0004012885723347903,0.0004012885723347903,0.99951171875,True,0.9993239761679433,0.9975395824731095,0.9975402463754025,0.9991115334932046,0.999172553969757,0.9970176704308125,0.9993007938885722,"[{""layer"":0,""component"":""z"",""positions"":[1,3,5,7],""heads"":[1],""kind"":""rescue"",""corruption"":""resample""}]"
1,reused,L1_resample_rescue2,triple_rescue,True,0.9987246075222924,0.9984540836740052,0.9977008366194843,0.9992073307285262,-0.00027052384828718523,0.00027052384828718523,0.99951171875,True,0.9993239761679433,0.9978757806093199,0.9978760147096598,0.9991488888416724,0.9992027391800329,0.9968072861620437,0.9993029592532382,"[{""layer"":0,""component"":""z"",""positions"":[1,3,5,7],""heads"":[2],""kind"":""rescue"",""corruption"":""resample""}]"
1,reused,L1_resample_rescue3,triple_rescue,True,0.9992993410065438,0.9992937377537601,0.9992728955812246,0.9993145799262956,-5.603252783759061e-06,5.603252783759061e-06,1.0,True,0.9993239761679433,0.9973815735866083,0.9973825175334163,0.99909397695026,0.9991533442639952,0.9953204232024171,0.9992960574204197,"[{""layer"":0,""component"":""z"",""positions"":[1,3,5,7],""heads"":[3],""kind"":""rescue"",""corruption"":""resample""}]"
1,reused,L2_mean_pair01,pair,True,0.9421127063953069,0.9192706828621908,0.909950321563516,0.9285910441608657,-0.02284202353311604,0.02284202353311604,0.9443359375,True,0.9993239761679433,0.9529911641111539,0.9532459600053471,0.685545560478012,0.87937057195169,0.9514184367637054,0.9326321665283249,"[{""layer"":1,""component"":""z"",""positions"":[8],""heads"":[0,1],""kind"":""mean""}]"
1,reused,L2_mean_pair02,pair,True,0.8192267931732957,0.7680448600494785,0.7524539155671898,0.7836358045317672,-0.05118193312381725,0.05118193312381725,0.80126953125,True,0.9993239761679433,0.8980455397258993,0.900497503602894,0.6672303523495937,0.776040257779659,0.8855668128156025,0.8956111549031944,"[{""layer"":1,""component"":""z"",""positions"":[8],""heads"":[0,2],""kind"":""mean""}]"
1,reused,L2_mean_pair03,pair,True,0.8494400566558713,0.8077943811773451,0.7940582251867231,0.8215305371679672,-0.041645675478526156,0.041645675478526156,0.86376953125,True,0.9993239761679433,0.9213188325702504,0.9228401430155281,0.6749881166310441,0.8034182557701773,0.9083874417685713,0.9015506069039927,"[{""layer"":1,""component"":""z"",""positions"":[8],""heads"":[0,3],""kind"":""mean""}]"
1,reused,L2_mean_pair12,pair,True,0.9067628689677012,0.8584649107597215,0.8469610268756,0.869968794643843,-0.04829795820797966,0.04829795820797966,0.9111328125,True,0.9993239761679433,0.9316347476460578,0.9320257144536378,0.6784267549896466,0.862735207531715,0.9254456704829416,0.9175716031211886,"[{""layer"":1,""component"":""z"",""positions"":[8],""heads"":[1,2],""kind"":""mean""}]"
1,reused,L2_mean_pair13,pair,True,0.9365065839752413,0.9093961721162032,0.9002068170897658,0.9185855271426405,-0.027110411859038175,0.027110411859038175,0.9482421875,True,0.9993239761679433,0.9549080404904089,0.9551506141652124,0.6861845192710969,0.8811384065063173,0.9518848211244295,0.9257901849502679,"[{""layer"":1,""component"":""z"",""positions"":[8],""heads"":[1,3],""kind"":""mean""}]"
1,reused,L2_mean_pair23,pair,True,0.7713041195556636,0.8148591372737428,0.80242335776742,0.8272949167800656,0.043555017718079236,0.043555017718079236,0.87890625,True,0.9993239761679433,0.8999624161051543,0.902296762543552,0.6678693111426787,0.7789417349040781,0.8853537135624767,0.8882850788485949,"[{""layer"":1,""component"":""z"",""positions"":[8],""heads"":[2,3],""kind"":""mean""}]"
1,reused,L2_mean_rescue0,triple_rescue,True,0.57515947496453,0.6072997560434743,0.5909042050487201,0.6236953070382285,0.03214028107894429,0.03214028107894429,0.6904296875,True,0.9993239761679433,0.8935906140368388,0.8965436169021797,0.39090753481137286,0.4440128546401983,0.8675880163166942,0.4469339380244671,"[{""layer"":1,""component"":""z"",""positions"":[8],""heads"":[0],""kind"":""rescue"",""corruption"":""mean""}]"
1,reused,L2_mean_rescue1,triple_rescue,True,0.3039848982879979,0.4232925393115323,0.4062643994915872,0.44032067913147743,0.11930764102353442,0.11930764102353442,0.49169921875,False,0.9993239761679433,0.8600014061166803,0.8662156809319255,0.3871754005980219,0.3957087984481248,0.8159241473573361,0.43401281390629454,"[{""layer"":1,""component"":""z"",""positions"":[8],""heads"":[1],""kind"":""rescue"",""corruption"":""mean""}]"
1,reused,L2_mean_rescue2,triple_rescue,True,0.7357068509323635,0.6809528615671248,0.6636966748963707,0.6982090482378788,-0.05475398936523879,0.05475398936523879,0.7275390625,True,0.9993239761679433,0.9149470305019349,0.9169560104697052,0.3932804699741613,0.456246544337217,0.8967465707066182,0.4567345781638428,"[{""layer"":1,""component"":""z"",""positions"":[8],""heads"":[2],""kind"":""rescue"",""corruption"":""mean""}]"
1,reused,L2_mean_rescue3,triple_rescue,True,0.6775402968317251,0.602651353355725,0.5851346886462644,0.6201680180651855,-0.07488894347600017,0.07488894347600017,0.65869140625,True,0.9993239761679433,0.8916737376575838,0.8947558302388942,0.3906945485470112,0.4426331596580698,0.8699115087858715,0.45201633329514307,"[{""layer"":1,""component"":""z"",""positions"":[8],""heads"":[3],""kind"":""rescue"",""corruption"":""mean""}]"
1,reused,L2_zero_pair01,pair,True,0.9481706958339529,0.922424866003098,0.9134791556740165,0.9313705763321796,-0.025745829830854827,0.025745829830854827,0.9462890625,True,0.9993239761679433,0.9584042312017118,0.9586165488649159,0.69048754780509,0.8888636199970651,0.956903208361636,0.9338762766504944,"[{""layer"":1,""component"":""z"",""positions"":[8],""heads"":[0,1],""kind"":""zero""}]"
1,reused,L2_zero_pair02,pair,True,0.8189570152276561,0.7636835186478663,0.7479347781555516,0.779432259140181,-0.05527349657978975,0.05527349657978975,0.7939453125,True,0.9993239761679433,0.8946386292664101,0.8970732535969259,0.6692323471599895,0.781730550490064,0.8851715273614943,0.8890327235671425,"[{""layer"":1,""component"":""z"",""positions"":[8],""heads"":[0,2],""kind"":""zero""}]"
1,reused,L2_zero_pair03,pair,True,0.8558557382448571,0.8163263111084831,0.802839353750128,0.8298132684668381,-0.039529427136373974,0.039529427136373974,0.87158203125,True,0.9993239761679433,0.929976379566142,0.9311794414912943,0.6810115972599001,0.8205292928345493,0.9150517372987367,0.9050355526480893,"[{""layer"":1,""component"":""z"",""positions"":[8],""heads"":[0,3],""kind"":""zero""}]"
1,reused,L2_zero_pair12,pair,True,0.8984319639956363,0.8513372466489955,0.8387692921095163,0.8639052011884746,-0.047094717346640835,0.047094717346640835,0.8896484375,True,0.9993239761679433,0.9233741300013207,0.9237999996850169,0.6788108474049597,0.862716173464474,0.9181544766751684,0.9069111930688449,"[{""layer"":1,""component"":""z"",""positions"":[8],""heads"":[1,2],""kind"":""zero""}]"
1,reused,L2_zero_pair13,pair,True,0.9417194526792011,0.914712552305275,0.9061527824523985,0.9232723221581516,-0.027006900373926057,0.027006900373926057,0.95947265625,True,0.9993239761679433,0.9587118803010526,0.9589223224604896,0.6905900975048703,0.8891603513408906,0.956945767102634,0.9264016939970368,"[{""layer"":1,""component"":""z"",""positions"":[8],""heads"":[1,3],""kind"":""zero""}]"
1,reused,L2_zero_pair23,pair,True,0.7637517244375269,0.8004751008683115,0.7870389434520442,0.8139112582845789,0.036723376430784604,0.036723376430784604,0.8505859375,True,0.9993239761679433,0.8949462783657509,0.8973593964916736,0.6693348968597698,0.7822432487751383,0.877238601234128,0.878956406792324,"[{""layer"":1,""component"":""z"",""positions"":[8],""heads"":[2,3],""kind"":""zero""}]"
1,reused,L2_zero_rescue0,triple_rescue,True,0.577161642257695,0.6096317526779487,0.5928041711822193,0.626459334173678,0.03247011042025372,0.03247011042025372,0.6787109375,True,0.9993239761679433,0.8888541562500905,0.8918888752638872,0.3966565249844073,0.46006707154956133,0.8627217252844251,0.4501886751553356,"[{""layer"":1,""component"":""z"",""positions"":[8],""heads"":[0],""kind"":""rescue"",""corruption"":""zero""}]"
1,reused,L2_zero_rescue1,triple_rescue,True,0.31087152194843104,0.41334511242878946,0.3961971605141263,0.43049306434345264,0.10247359048035842,0.10247359048035842,0.47119140625,False,0.9993239761679433,0.8601186555151799,0.8660853598751681,0.3934636915694173,0.41399095066870956,0.8139212319126412,0.43667438432426187,"[{""layer"":1,""component"":""z"",""positions"":[8],""heads"":[1],""kind"":""rescue"",""corruption"":""zero""}]"
1,reused,L2_zero_rescue2,triple_rescue,True,0.7386097518313732,0.6857419240929516,0.6688359922402671,0.7026478559456362,-0.05286782773842158,0.05286782773842158,0.740234375,True,0.9993239761679433,0.9238842574504815,0.9255027450400483,0.4005487584511175,0.4800882494003451,0.9051064541506666,0.4557697238940055,"[{""layer"":1,""component"":""z"",""positions"":[8],""heads"":[2],""kind"":""rescue"",""corruption"":""zero""}]"
1,reused,L2_zero_rescue3,triple_rescue,True,0.6794991779737467,0.5995403341712056,0.581585407892054,0.6174952604503571,-0.07995884380254115,0.07995884380254115,0.63818359375,True,0.9993239761679433,0.8885465071507497,0.8916044767658505,0.3966223417511472,0.45981806988796736,0.871671557483698,0.4558999486201456,"[{""layer"":1,""component"":""z"",""positions"":[8],""heads"":[3],""kind"":""rescue"",""corruption"":""zero""}]"
1,reused,L2_resample_pair01,pair,True,0.7760783637493169,0.6975503309181512,0.6807946448824969,0.7143060169538056,-0.07852803283116572,0.07852803283116572,0.7294921875,True,0.9993239761679433,0.8346122431258891,0.8393720445311526,0.6113341486738038,0.18376439817807194,0.7958265763554512,0.5347314641211095,"[{""layer"":1,""component"":""z"",""positions"":[8],""heads"":[0,1],""kind"":""resample""}]"
1,reused,L2_resample_pair02,pair,True,0.46636036315640583,0.3939056841556119,0.3752922750911471,0.4125190932200767,-0.07245467900079394,0.07245467900079394,0.40283203125,True,0.9993239761679433,0.6536987661244495,0.6815163669323051,0.5510296563399906,0.10489025564904658,0.5578217694453045,0.37281507355542376,"[{""layer"":1,""component"":""z"",""positions"":[8],""heads"":[0,2],""kind"":""resample""}]"
1,reused,L2_resample_pair03,pair,True,0.4595857404250958,0.39133669615439937,0.37312863677347935,0.4095447555353194,-0.06824904427069645,0.06824904427069645,0.40478515625,True,0.9993239761679433,0.653119129835801,0.681010606495758,0.5508364442437745,0.10478432147588722,0.5550074139752602,0.37006893985053535,"[{""layer"":1,""component"":""z"",""positions"":[8],""heads"":[0,3],""kind"":""resample""}]"
1,reused,L2_resample_pair12,pair,True,0.6552300322460198,0.5766200027499657,0.5579111332429822,0.5953288722569492,-0.07861002949605411,0.07861002949605411,0.5869140625,True,0.9993239761679433,0.7437188768631415,0.7518754610659175,0.5810363599195547,0.1536118454575641,0.6889807363647062,0.4671183783376107,"[{""layer"":1,""component"":""z"",""positions"":[8],""heads"":[1,2],""kind"":""resample""}]"
1,reused,L2_resample_pair13,pair,True,0.6452995828408655,0.585451561318139,0.5669502227821447,0.6039528998541334,-0.0598480215227265,0.0598480215227265,0.60302734375,True,0.9993239761679433,0.743139240574493,0.7513174864084204,0.5808431478233385,0.15346514116868284,0.6786691554458929,0.4592790944040591,"[{""layer"":1,""component"":""z"",""positions"":[8],""heads"":[1,3],""kind"":""resample""}]"
1,reused,L2_resample_pair23,pair,True,0.2966991807874757,0.2945401415332547,0.2778969985326532,0.3111832845338562,-0.002159039254221007,0.002159039254221007,0.28857421875,True,0.9993239761679433,0.5622257635730534,0.6100217026357904,0.5205386554895253,0.08622209398680314,0.4467472000104099,0.305414070154153,"[{""layer"":1,""component"":""z"",""positions"":[8],""heads"":[2,3],""kind"":""resample""}]"
1,reused,L2_resample_rescue0,triple_rescue,True,0.11410879264603471,0.13387370143793692,0.12139646194248913,0.14635094093338472,0.019764908791902208,0.019764908791902208,0.1337890625,True,0.9993239761679433,0.5248799524213723,0.5872245359027123,0.28043614056919247,0.00309872358836586,0.33092907264718197,0.006808850752336753,"[{""layer"":1,""component"":""z"",""positions"":[8],""heads"":[0],""kind"":""rescue"",""corruption"":""resample""}]"
1,reused,L2_resample_rescue1,triple_rescue,True,0.01667594284833556,0.03884550272295795,0.032078650263005805,0.04561235518291009,0.022169559874622387,0.022169559874622387,0.03759765625,True,0.9993239761679433,0.4348598416826803,0.5322731662429389,0.2704339060426711,0.0026793743562014537,0.2059592679659012,0.005735061284698002,"[{""layer"":1,""component"":""z"",""positions"":[8],""heads"":[1],""kind"":""rescue"",""corruption"":""resample""}]"
1,reused,L2_resample_rescue2,triple_rescue,True,0.24181962458797124,0.1970546668983112,0.18253269503477748,0.2115766387618449,-0.044764957689660045,0.044764957689660045,0.2041015625,True,0.9993239761679433,0.6157733186841199,0.6555605081202456,0.2905354034872755,0.0033287373322936995,0.4276307594023046,0.007758203064522653,"[{""layer"":1,""component"":""z"",""positions"":[8],""heads"":[2],""kind"":""rescue"",""corruption"":""resample""}]"
1,reused,L2_resample_rescue3,triple_rescue,True,0.2611775340806486,0.19231065065618425,0.1777191580202679,0.2069021432921006,-0.06886688342446434,0.06886688342446434,0.19482421875,True,0.9993239761679433,0.6163529549727684,0.6560473677456425,0.29059980751934755,0.003329985893173517,0.44611256633177543,0.007727726137023857,"[{""layer"":1,""component"":""z"",""positions"":[8],""heads"":[3],""kind"":""rescue"",""corruption"":""resample""}]"
1,reused,cross_mean_00,cross_layer,True,0.8857945052359598,0.8924304021885376,0.8815767475848793,0.903284056792196,0.006635896952577824,0.006635896952577824,0.9189453125,True,0.9993239761679433,0.9040306246114937,0.906243256657572,0.906243256657572,0.9062432566575718,0.8857945052359599,0.8857945052359599,"[{""layer"":0,""component"":""z"",""positions"":[1,3,5,7],""heads"":[0],""kind"":""mean""},{""layer"":1,""component"":""z"",""positions"":[8],""heads"":[0],""kind"":""mean""}]"
1,reused,cross_mean_01,cross_layer,True,0.9272997310702081,0.9337282002863034,0.9247487689758872,0.9427076315967197,0.0064284692160953005,0.0064284692160953005,0.94970703125,True,0.9993239761679433,0.9376198325316523,0.9379726377648455,0.9379726377648455,0.9379726377648454,0.9272997310702081,0.9272997310702081,"[{""layer"":0,""component"":""z"",""positions"":[1,3,5,7],""heads"":[0],""kind"":""mean""},{""layer"":1,""component"":""z"",""positions"":[8],""heads"":[1],""kind"":""mean""}]"
1,reused,cross_mean_02,cross_layer,True,0.8617698557088955,0.8740684287861988,0.8622201159045022,0.8859167416678955,0.01229857307730331,0.01229857307730331,0.90576171875,True,0.9993239761679433,0.8826742081463976,0.8860693401211237,0.8860693401211237,0.8860693401211236,0.8617698557088955,0.8617698557088955,"[{""layer"":0,""component"":""z"",""positions"":[1,3,5,7],""heads"":[0],""kind"":""mean""},{""layer"":1,""component"":""z"",""positions"":[8],""heads"":[2],""kind"":""mean""}]"
1,reused,cross_mean_03,cross_layer,True,0.8829373051847778,0.8997327441516312,0.8891713838141285,0.9102941044891338,0.016795438966853427,0.016795438966853427,0.9267578125,True,0.9993239761679433,0.9059475009907487,0.9080539960271183,0.9080539960271183,0.9080539960271182,0.8829373051847778,0.8829373051847778,"[{""layer"":0,""component"":""z"",""positions"":[1,3,5,7],""heads"":[0],""kind"":""mean""},{""layer"":1,""component"":""z"",""positions"":[8],""heads"":[3],""kind"":""mean""}]"
1,reused,cross_mean_10,cross_layer,True,0.9382919457371597,0.9409250613747702,0.9335045367119349,0.9483455860376054,0.0026331156376104836,0.0026331156376104836,0.96728515625,True,0.9993239761679433,0.9514046203307771,0.9517228590056569,0.9517228590056569,0.9517228590056567,0.9382919457371597,0.9382919457371597,"[{""layer"":0,""component"":""z"",""positions"":[1,3,5,7],""heads"":[1],""kind"":""mean""},{""layer"":1,""component"":""z"",""positions"":[8],""heads"":[0],""kind"":""mean""}]"
1,reused,cross_mean_11,cross_layer,True,0.9804409646321002,0.97833999256477,0.9738888957095478,0.9827910894199922,-0.0021009720673301757,0.0021009720673301757,0.9873046875,True,0.9993239761679433,0.9849938282509356,0.9850445715591603,0.9850445715591603,0.9850445715591601,0.9804409646321002,0.9804409646321002,"[{""layer"":0,""component"":""z"",""positions"":[1,3,5,7],""heads"":[1],""kind"":""mean""},{""layer"":1,""component"":""z"",""positions"":[8],""heads"":[1],""kind"":""mean""}]"
1,reused,cross_mean_12,cross_layer,True,0.9115599473122067,0.9245041433760406,0.9158796163528202,0.933128670399261,0.012944196063833902,0.012944196063833902,0.9580078125,True,0.9993239761679433,0.930048203865681,0.9305365192647975,0.9305365192647975,0.9305365192647974,0.9115599473122068,0.9115599473122068,"[{""layer"":0,""component"":""z"",""positions"":[1,3,5,7],""heads"":[1],""kind"":""mean""},{""layer"":1,""component"":""z"",""positions"":[8],""heads"":[2],""kind"":""mean""}]"
1,reused,cross_mean_13,cross_layer,True,0.9407619144446592,0.9395023084115337,0.9318542077022857,0.9471504091207817,-0.001259606033125471,0.001259606033125471,0.966796875,True,0.9993239761679433,0.9533214967100321,0.9536244698999049,0.9536244698999049,0.9536244698999048,0.9407619144446592,0.9407619144446592,"[{""layer"":0,""component"":""z"",""positions"":[1,3,5,7],""heads"":[1],""kind"":""mean""},{""layer"":1,""component"":""z"",""positions"":[8],""heads"":[3],""kind"":""mean""}]"
1,reused,cross_mean_20,cross_layer,True,0.9521078175809007,0.9473546797989911,0.9403855304416603,0.954323829156322,-0.0047531377819095555,0.0047531377819095555,0.9716796875,True,0.9993239761679433,0.958391044750897,0.9584299099866378,0.9584299099866378,0.9584299099866378,0.9521078175809007,0.9521078175809007,"[{""layer"":0,""component"":""z"",""positions"":[1,3,5,7],""heads"":[2],""kind"":""mean""},{""layer"":1,""component"":""z"",""positions"":[8],""heads"":[0],""kind"":""mean""}]"
1,reused,cross_mean_21,cross_layer,True,0.9894426257823856,0.9824187809778095,0.9784200920289982,0.9864174699266209,-0.007023844804576074,0.007023844804576074,0.98974609375,True,0.9993239761679433,0.9919802526710555,0.9919864497513983,0.9919864497513983,0.9919864497513984,0.9894426257823856,0.9894426257823856,"[{""layer"":0,""component"":""z"",""positions"":[1,3,5,7],""heads"":[2],""kind"":""mean""},{""layer"":1,""component"":""z"",""positions"":[8],""heads"":[1],""kind"":""mean""}]"
1,reused,cross_mean_22,cross_layer,True,0.9308365517693155,0.9328693810483131,0.9247647428305922,0.940974019266034,0.0020328292789976166,0.0020328292789976166,0.9658203125,True,0.9993239761679433,0.9370346282858009,0.9370942643218977,0.9370942643218977,0.9370942643218978,0.9308365517693155,0.9308365517693155,"[{""layer"":0,""component"":""z"",""positions"":[1,3,5,7],""heads"":[2],""kind"":""mean""},{""layer"":1,""component"":""z"",""positions"":[8],""heads"":[2],""kind"":""mean""}]"
1,reused,cross_mean_23,cross_layer,True,0.9549480931875237,0.9487281389416466,0.9418651442431019,0.9555911336401914,-0.0062199542458770685,0.0062199542458770685,0.9736328125,True,0.9993239761679433,0.960307921130152,0.9603449220523435,0.9603449220523435,0.9603449220523436,0.9549480931875237,0.9549480931875237,"[{""layer"":0,""component"":""z"",""positions"":[1,3,5,7],""heads"":[2],""kind"":""mean""},{""layer"":1,""component"":""z"",""positions"":[8],""heads"":[3],""kind"":""mean""}]"
1,reused,cross_mean_30,cross_layer,True,0.9574192385946485,0.9539426555056707,0.9476962833805692,0.9601890276307722,-0.0034765830889778027,0.0034765830889778027,0.9775390625,True,0.9993239761679433,0.9592825332620123,0.9592857496169628,0.9592857496169628,0.9592857496169628,0.9574192385946484,0.9574192385946484,"[{""layer"":0,""component"":""z"",""positions"":[1,3,5,7],""heads"":[3],""kind"":""mean""},{""layer"":1,""component"":""z"",""positions"":[8],""heads"":[0],""kind"":""mean""}]"
1,reused,cross_mean_31,cross_layer,True,0.9923592932290519,0.9902460650919238,0.9878787091886991,0.9926134209951485,-0.002113228137128109,0.002113228137128109,0.99755859375,True,0.9993239761679433,0.9928717411821708,0.9928722540314989,0.9928722540314989,0.992872254031499,0.9923592932290519,0.9923592932290519,"[{""layer"":0,""component"":""z"",""positions"":[1,3,5,7],""heads"":[3],""kind"":""mean""},{""layer"":1,""component"":""z"",""positions"":[8],""heads"":[1],""kind"":""mean""}]"
1,reused,cross_mean_32,cross_layer,True,0.9367222969040507,0.9417362617803633,0.9343962214152726,0.949076302145454,0.00501396487631256,0.00501396487631256,0.97509765625,True,0.9993239761679433,0.9379261167969162,0.9379310520727809,0.9379310520727809,0.937931052072781,0.9367222969040507,0.9367222969040507,"[{""layer"":0,""component"":""z"",""positions"":[1,3,5,7],""heads"":[3],""kind"":""mean""},{""layer"":1,""component"":""z"",""positions"":[8],""heads"":[2],""kind"":""mean""}]"
1,reused,cross_mean_33,cross_layer,True,0.9606921983582515,0.9597777313233564,0.9541439655375158,0.965411497109197,-0.0009144670348950612,0.0009144670348950612,0.98486328125,True,0.9993239761679433,0.9611994096412673,0.9612024717119583,0.9612024717119583,0.9612024717119584,0.9606921983582515,0.9606921983582515,"[{""layer"":0,""component"":""z"",""positions"":[1,3,5,7],""heads"":[3],""kind"":""mean""},{""layer"":1,""component"":""z"",""positions"":[8],""heads"":[3],""kind"":""mean""}]"
1,reused,cross_resample_00,cross_layer,True,0.8679440545062864,0.8493974851761266,0.8365319712755587,0.8622629990766945,-0.018546569330159857,0.018546569330159857,0.87744140625,True,0.9993239761679433,0.870693100277208,0.8708543212988659,0.8708543212988659,0.8708543212988659,0.8679440545062864,0.8679440545062864,"[{""layer"":0,""component"":""z"",""positions"":[1,3,5,7],""heads"":[0],""kind"":""resample""},{""layer"":1,""component"":""z"",""positions"":[8],""heads"":[0],""kind"":""resample""}]"
1,reused,cross_resample_01,cross_layer,True,0.9597658119868862,0.9561270284402781,0.9494161952541728,0.9628378616263834,-0.003638783546608071,0.003638783546608071,0.9677734375,True,0.9993239761679433,0.9607132110159,0.9607604837065786,0.9607604837065786,0.9607604837065787,0.9597658119868862,0.9597658119868862,"[{""layer"":0,""component"":""z"",""positions"":[1,3,5,7],""heads"":[0],""kind"":""resample""},{""layer"":1,""component"":""z"",""positions"":[8],""heads"":[1],""kind"":""resample""}]"
1,reused,cross_resample_02,cross_layer,True,0.7773462932314381,0.7800357329243939,0.764825583990683,0.7952458818581047,0.002689439692955764,0.002689439692955764,0.79443359375,True,0.9993239761679433,0.7797997340144605,0.7800760087424262,0.7800760087424262,0.7800760087424262,0.7773462932314381,0.7773462932314381,"[{""layer"":0,""component"":""z"",""positions"":[1,3,5,7],""heads"":[0],""kind"":""resample""},{""layer"":1,""component"":""z"",""positions"":[8],""heads"":[2],""kind"":""resample""}]"
1,reused,cross_resample_03,cross_layer,True,0.7778214676174109,0.7796145373894063,0.7643007411783123,0.7949283336005004,0.001793069771995448,0.001793069771995448,0.7998046875,True,0.9993239761679433,0.7792200977258119,0.7794971061630247,0.7794971061630247,0.7794971061630248,0.7778214676174109,0.7778214676174109,"[{""layer"":0,""component"":""z"",""positions"":[1,3,5,7],""heads"":[0],""kind"":""resample""},{""layer"":1,""component"":""z"",""positions"":[8],""heads"":[3],""kind"":""resample""}]"
1,reused,cross_resample_10,cross_layer,True,0.8690465419404617,0.850804151235593,0.8379432812009661,0.86366502127022,-0.01824239070486866,0.01824239070486866,0.8779296875,True,0.9993239761679433,0.871787429055189,0.8718091755951146,0.8718091755951146,0.8718091755951146,0.8690465419404617,0.8690465419404617,"[{""layer"":0,""component"":""z"",""positions"":[1,3,5,7],""heads"":[1],""kind"":""resample""},{""layer"":1,""component"":""z"",""positions"":[8],""heads"":[0],""kind"":""resample""}]"
1,reused,cross_resample_11,cross_layer,True,0.9605440725997288,0.9568859435717059,0.9502066634932919,0.9635652236501199,-0.003658129028022983,0.003658129028022983,0.96728515625,True,0.9993239761679433,0.961807539793881,0.9618139162418445,0.9618139162418445,0.9618139162418446,0.9605440725997288,0.9605440725997288,"[{""layer"":0,""component"":""z"",""positions"":[1,3,5,7],""heads"":[1],""kind"":""resample""},{""layer"":1,""component"":""z"",""positions"":[8],""heads"":[1],""kind"":""resample""}]"
1,reused,cross_resample_12,cross_layer,True,0.7788796792511066,0.7816502604682682,0.7664800322067893,0.7968204887297472,0.0027705812171616717,0.0027705812171616717,0.79541015625,True,0.9993239761679433,0.7808940627924414,0.7809313285245423,0.7809313285245423,0.7809313285245423,0.7788796792511066,0.7788796792511066,"[{""layer"":0,""component"":""z"",""positions"":[1,3,5,7],""heads"":[1],""kind"":""resample""},{""layer"":1,""component"":""z"",""positions"":[8],""heads"":[2],""kind"":""resample""}]"
1,reused,cross_resample_13,cross_layer,True,0.7786957513575246,0.7837466782012257,0.7685831895130575,0.7989101668893939,0.00505092684370112,0.00505092684370112,0.8056640625,True,0.9993239761679433,0.7803144265037929,0.7803517912033687,0.7803517912033687,0.7803517912033688,0.7786957513575246,0.7786957513575246,"[{""layer"":0,""component"":""z"",""positions"":[1,3,5,7],""heads"":[1],""kind"":""resample""},{""layer"":1,""component"":""z"",""positions"":[8],""heads"":[3],""kind"":""resample""}]"
1,reused,cross_resample_20,cross_layer,True,0.8692986994077356,0.8472927829418779,0.8342947642149148,0.8602908016688411,-0.0220059164658577,0.0220059164658577,0.873046875,True,0.9993239761679433,0.8714512309189786,0.8715158266115087,0.8715158266115087,0.8715158266115087,0.8692986994077356,0.8692986994077356,"[{""layer"":0,""component"":""z"",""positions"":[1,3,5,7],""heads"":[2],""kind"":""resample""},{""layer"":1,""component"":""z"",""positions"":[8],""heads"":[0],""kind"":""resample""}]"
1,reused,cross_resample_21,cross_layer,True,0.9607409985233368,0.9553413503389265,0.948484490923789,0.9621982097540641,-0.0053996481844102995,0.0053996481844102995,0.96533203125,True,0.9993239761679433,0.9614713416576706,0.9614902821913599,0.9614902821913599,0.96149028219136,0.9607409985233368,0.9607409985233368,"[{""layer"":0,""component"":""z"",""positions"":[1,3,5,7],""heads"":[2],""kind"":""resample""},{""layer"":1,""component"":""z"",""positions"":[8],""heads"":[1],""kind"":""resample""}]"
1,reused,cross_resample_22,cross_layer,True,0.7777871484685441,0.7795153379159245,0.7642482049992814,0.7947824708325677,0.0017281894473804016,0.0017281894473804016,0.79296875,True,0.9993239761679433,0.780557864656231,0.7806685583933008,0.7806685583933008,0.7806685583933008,0.7777871484685441,0.7777871484685441,"[{""layer"":0,""component"":""z"",""positions"":[1,3,5,7],""heads"":[2],""kind"":""resample""},{""layer"":1,""component"":""z"",""positions"":[8],""heads"":[2],""kind"":""resample""}]"
1,reused,cross_resample_23,cross_layer,True,0.7771859722709717,0.7820420973071087,0.7668335605089855,0.7972506341052319,0.004856125036136971,0.004856125036136971,0.80419921875,True,0.9993239761679433,0.7799782283675825,0.780089216076595,0.780089216076595,0.7800892160765951,0.7771859722709717,0.7771859722709717,"[{""layer"":0,""component"":""z"",""positions"":[1,3,5,7],""heads"":[2],""kind"":""resample""},{""layer"":1,""component"":""z"",""positions"":[8],""heads"":[3],""kind"":""resample""}]"
1,reused,cross_resample_30,cross_layer,True,0.871857710886679,0.8497637801606857,0.8368623473569703,0.862665212964401,-0.022093930725993305,0.022093930725993305,0.87744140625,True,0.9993239761679433,0.8719454379416902,0.8719470459199721,0.8719470459199721,0.8719470459199721,0.871857710886679,0.871857710886679,"[{""layer"":0,""component"":""z"",""positions"":[1,3,5,7],""heads"":[3],""kind"":""resample""},{""layer"":1,""component"":""z"",""positions"":[8],""heads"":[0],""kind"":""resample""}]"
1,reused,cross_resample_31,cross_layer,True,0.9618325419024156,0.9588350438762063,0.9523992080773994,0.9652708796750132,-0.0029974980262093,0.0029974980262093,0.96923828125,True,0.9993239761679433,0.9619655486803822,0.9619660201664152,0.9619660201664152,0.9619660201664153,0.9618325419024156,0.9618325419024156,"[{""layer"":0,""component"":""z"",""positions"":[1,3,5,7],""heads"":[3],""kind"":""resample""},{""layer"":1,""component"":""z"",""positions"":[8],""heads"":[1],""kind"":""resample""}]"
1,reused,cross_resample_32,cross_layer,True,0.7810899925621124,0.7811268346925502,0.7659040673884924,0.796349601996608,3.6842130437753084e-05,3.6842130437753084e-05,0.7919921875,True,0.9993239761679433,0.7810520716789426,0.7810548271742114,0.7810548271742114,0.7810548271742114,0.7810899925621124,0.7810899925621124,"[{""layer"":0,""component"":""z"",""positions"":[1,3,5,7],""heads"":[3],""kind"":""resample""},{""layer"":1,""component"":""z"",""positions"":[8],""heads"":[2],""kind"":""resample""}]"
1,reused,cross_resample_33,cross_layer,True,0.7799679078771607,0.7809251328119089,0.7656346870498997,0.7962155785739181,0.0009572249347481465,0.0009572249347481465,0.8046875,True,0.9993239761679433,0.7804724353902941,0.780475198203396,0.780475198203396,0.7804751982033961,0.7799679078771607,0.7799679078771607,"[{""layer"":0,""component"":""z"",""positions"":[1,3,5,7],""heads"":[3],""kind"":""resample""},{""layer"":1,""component"":""z"",""positions"":[8],""heads"":[3],""kind"":""resample""}]"
2,reused,clean,reference,False,0.999358072411269,0.9993607991491444,0.9993527918106576,0.9993688064876313,2.7267378754913807e-06,2.7267378754913807e-06,1.0,True,0.999358072411269,0.999358072411269,0.999358072411269,0.999358072411269,0.999358072411269,0.999358072411269,0.999358072411269,[]
2,reused,L1_mean_h0,familiar,False,0.9792767507972258,0.9863807751834202,0.9823657817843428,0.9903957685824976,0.007104024386194396,0.007104024386194396,0.9912109375,True,0.999358072411269,0.9792767507972258,0.9792767507972258,0.9792767507972258,0.9792767507972258,0.9792767507972258,0.9792767507972258,"[{""layer"":0,""component"":""z"",""positions"":[1,3,5,7],""heads"":[0],""kind"":""mean""}]"
2,reused,L1_mean_h1,familiar,False,0.8493145122165853,0.8512928188667881,0.8372867136383109,0.8652989240952653,0.0019783066502028213,0.0019783066502028213,0.86328125,True,0.999358072411269,0.8493145122165853,0.8493145122165853,0.8493145122165853,0.8493145122165853,0.8493145122165853,0.8493145122165853,"[{""layer"":0,""component"":""z"",""positions"":[1,3,5,7],""heads"":[1],""kind"":""mean""}]"
2,reused,L1_mean_h2,familiar,False,0.9977261299500242,0.997428538139502,0.9964359984710689,0.9984210778079352,-0.00029759181052213535,0.00029759181052213535,0.99951171875,True,0.999358072411269,0.9977261299500242,0.9977261299500242,0.9977261299500242,0.9977261299500242,0.9977261299500242,0.9977261299500242,"[{""layer"":0,""component"":""z"",""positions"":[1,3,5,7],""heads"":[2],""kind"":""mean""}]"
2,reused,L1_mean_h3,familiar,False,0.9993559790309519,0.9993588064971846,0.9993504768108478,0.9993671361835214,2.827466232702136e-06,2.827466232702136e-06,1.0,True,0.999358072411269,0.9993559790309519,0.9993559790309519,0.9993559790309519,0.9993559790309519,0.9993559790309519,0.9993559790309519,"[{""layer"":0,""component"":""z"",""positions"":[1,3,5,7],""heads"":[3],""kind"":""mean""}]"
2,reused,L1_mean_all,familiar,False,0.16540098738514164,0.17536804748523022,0.16259156780754427,0.18814452716291616,0.009967060100088576,0.009967060100088576,0.1806640625,True,0.999358072411269,0.16540098738514164,0.16540098738514164,0.16540098738514164,0.16540098738514164,0.16540098738514164,0.16540098738514164,"[{""layer"":0,""component"":""z"",""positions"":[1,3,5,7],""heads"":[0,1,2,3],""kind"":""mean""}]"
2,reused,L1_mean_wrong_position,control,False,0.9993962774169631,0.9994018178258557,0.9993957659773738,0.9994078696743376,5.540408892557025e-06,5.540408892557025e-06,1.0,True,0.999358072411269,0.9993962774169631,0.9993962774169631,0.9993962774169631,0.9993962774169631,0.9993962774169631,0.9993962774169631,"[{""layer"":0,""component"":""z"",""positions"":[8],""heads"":[0,1,2,3],""kind"":""mean""}]"
2,reused,L1_zero_h0,familiar,False,0.9493419496954008,0.9562299714721476,0.9483616705747847,0.9640982723695105,0.0068880217767468555,0.0068880217767468555,0.9638671875,True,0.999358072411269,0.9493419496954008,0.9493419496954008,0.9493419496954008,0.9493419496954008,0.9493419496954008,0.9493419496954008,"[{""layer"":0,""component"":""z"",""positions"":[1,3,5,7],""heads"":[0],""kind"":""zero""}]"
2,reused,L1_zero_h1,familiar,False,0.8117362631245424,0.8114762371223561,0.795884644187353,0.8270678300573591,-0.000260026002186331,0.000260026002186331,0.82080078125,True,0.999358072411269,0.8117362631245424,0.8117362631245424,0.8117362631245424,0.8117362631245424,0.8117362631245424,0.8117362631245424,"[{""layer"":0,""component"":""z"",""positions"":[1,3,5,7],""heads"":[1],""kind"":""zero""}]"
2,reused,L1_zero_h2,familiar,False,0.9944754481766722,0.9926372083426926,0.9902066393586301,0.9950677773267552,-0.0018382398339795714,0.0018382398339795714,0.99609375,True,0.999358072411269,0.9944754481766722,0.9944754481766722,0.9944754481766722,0.9944754481766722,0.9944754481766722,0.9944754481766722,"[{""layer"":0,""component"":""z"",""positions"":[1,3,5,7],""heads"":[2],""kind"":""zero""}]"
2,reused,L1_zero_h3,familiar,False,0.999342932831496,0.9993480791454203,0.9993394677491229,0.9993566905417178,5.146313924342394e-06,5.146313924342394e-06,1.0,True,0.999358072411269,0.999342932831496,0.999342932831496,0.999342932831496,0.999342932831496,0.999342932831496,0.999342932831496,"[{""layer"":0,""component"":""z"",""positions"":[1,3,5,7],""heads"":[3],""kind"":""zero""}]"
2,reused,L1_zero_all,familiar,False,0.1768099917078706,0.18569693929654021,0.17096204322464584,0.2004318353684346,0.00888694758866962,0.00888694758866962,0.1923828125,True,0.999358072411269,0.1768099917078706,0.1768099917078706,0.1768099917078706,0.1768099917078706,0.1768099917078706,0.1768099917078706,"[{""layer"":0,""component"":""z"",""positions"":[1,3,5,7],""heads"":[0,1,2,3],""kind"":""zero""}]"
2,reused,L1_zero_wrong_position,control,False,0.9993639055173844,0.9993706691311672,0.99936333571305,0.9993780025492844,6.763613782823086e-06,6.763613782823086e-06,1.0,True,0.999358072411269,0.9993639055173844,0.9993639055173844,0.9993639055173844,0.9993639055173844,0.9993639055173844,0.9993639055173844,"[{""layer"":0,""component"":""z"",""positions"":[8],""heads"":[0,1,2,3],""kind"":""zero""}]"
2,reused,L1_resample_h0,familiar,False,0.9983242001617327,0.9988260463578627,0.9983522487677569,0.9992998439479684,0.0005018461961299181,0.0005018461961299181,1.0,True,0.999358072411269,0.9983242001617327,0.9983242001617327,0.9983242001617327,0.9983242001617327,0.9983242001617327,0.9983242001617327,"[{""layer"":0,""component"":""z"",""positions"":[1,3,5,7],""heads"":[0],""kind"":""resample""}]"
2,reused,L1_resample_h1,familiar,False,0.994759475965111,0.9971348267899884,0.9956656225957728,0.998604030984204,0.002375350824877387,0.002375350824877387,0.99853515625,True,0.999358072411269,0.994759475965111,0.994759475965111,0.994759475965111,0.994759475965111,0.994759475965111,0.994759475965111,"[{""layer"":0,""component"":""z"",""positions"":[1,3,5,7],""heads"":[1],""kind"":""resample""}]"
2,reused,L1_resample_h2,familiar,False,0.9990954512613826,0.9988428463111632,0.9980269822538956,0.9996587103684307,-0.0002526049502193928,0.0002526049502193928,0.99951171875,True,0.999358072411269,0.9990954512613826,0.9990954512613826,0.9990954512613826,0.9990954512613826,0.9990954512613826,0.9990954512613826,"[{""layer"":0,""component"":""z"",""positions"":[1,3,5,7],""heads"":[2],""kind"":""resample""}]"
2,reused,L1_resample_h3,familiar,False,0.9993582708993927,0.9993606843345333,0.999352596195752,0.9993687724733146,2.4134351406246424e-06,2.4134351406246424e-06,1.0,True,0.999358072411269,0.9993582708993927,0.9993582708993927,0.9993582708993927,0.9993582708993927,0.9993582708993927,0.9993582708993927,"[{""layer"":0,""component"":""z"",""positions"":[1,3,5,7],""heads"":[3],""kind"":""resample""}]"
2,reused,L1_resample_all,familiar,False,0.9993491304921918,0.9993577393179294,0.999348221526183,0.9993672571096758,8.60882573761046e-06,8.60882573761046e-06,1.0,True,0.999358072411269,0.9993491304921918,0.9993491304921918,0.9993491304921918,0.9993491304921918,0.9993491304921918,0.9993491304921918,"[{""layer"":0,""component"":""z"",""positions"":[1,3,5,7],""heads"":[0,1,2,3],""kind"":""resample""}]"
2,reused,L1_resample_wrong_position,control,False,0.9993289273697883,0.9993346397823188,0.9993249361151912,0.9993443434494464,5.712412530556321e-06,5.712412530556321e-06,1.0,True,0.999358072411269,0.9993289273697883,0.9993289273697883,0.9993289273697883,0.9993289273697883,0.9993289273697883,0.9993289273697883,"[{""layer"":0,""component"":""z"",""positions"":[8],""heads"":[0,1,2,3],""kind"":""resample""}]"
2,reused,L1_matched_h0,control,False,0.9983113466878422,0.9987987787753809,0.9982955810051019,0.99930197654566,0.0004874320875387639,0.0004874320875387639,1.0,True,0.999358072411269,0.9983113466878422,0.9983113466878422,0.9983113466878422,0.9983113466878422,0.9983113466878422,0.9983113466878422,"[{""layer"":0,""component"":""z"",""positions"":[1,3,5,7],""heads"":[0],""kind"":""resample"",""donor"":""matched_donor_tokens""}]"
2,reused,L1_matched_h1,control,False,0.9947437757800799,0.9973817389618489,0.9960589061873271,0.9987045717363707,0.0026379631817690097,0.0026379631817690097,0.9990234375,True,0.999358072411269,0.9947437757800799,0.9947437757800799,0.9947437757800799,0.9947437757800799,0.9947437757800799,0.9947437757800799,"[{""layer"":0,""component"":""z"",""positions"":[1,3,5,7],""heads"":[1],""kind"":""resample"",""donor"":""matched_donor_tokens""}]"
2,reused,L1_matched_h2,control,False,0.9990977655979805,0.9988275919022271,0.9980082263772834,0.9996469574271709,-0.0002701736957533285,0.0002701736957533285,0.99951171875,True,0.999358072411269,0.9990977655979805,0.9990977655979805,0.9990977655979805,0.9990977655979805,0.9990977655979805,0.9990977655979805,"[{""layer"":0,""component"":""z"",""positions"":[1,3,5,7],""heads"":[2],""kind"":""resample"",""donor"":""matched_donor_tokens""}]"
2,reused,L1_matched_h3,control,False,0.9993587840581313,0.9993617635627743,0.9993537688816099,0.9993697582439387,2.979504643008113e-06,2.979504643008113e-06,1.0,True,0.999358072411269,0.9993587840581313,0.9993587840581313,0.9993587840581313,0.9993587840581313,0.9993587840581313,0.9993587840581313,"[{""layer"":0,""component"":""z"",""positions"":[1,3,5,7],""heads"":[3],""kind"":""resample"",""donor"":""matched_donor_tokens""}]"
2,reused,L1_matched_all,control,False,0.9993523131124675,0.9993599494919181,0.9993508262239789,0.9993690727598573,7.636379450559616e-06,7.636379450559616e-06,1.0,True,0.999358072411269,0.9993523131124675,0.9993523131124675,0.9993523131124675,0.9993523131124675,0.9993523131124675,0.9993523131124675,"[{""layer"":0,""component"":""z"",""positions"":[1,3,5,7],""heads"":[0,1,2,3],""kind"":""resample"",""donor"":""matched_donor_tokens""}]"
2,reused,L1_noop,control,False,0.999358072411269,0.9993607991491444,0.9993527918106576,0.9993688064876313,2.7267378754913807e-06,2.7267378754913807e-06,1.0,True,0.999358072411269,0.999358072411269,0.999358072411269,0.999358072411269,0.999358072411269,0.999358072411269,0.999358072411269,"[{""layer"":0,""component"":""z"",""positions"":[1,3,5,7],""heads"":[0,1,2,3],""kind"":""noop""}]"
2,reused,L1_mlp_zero,control,False,0.987256793520146,0.9881720956956883,0.9847714012971606,0.9915727900942161,0.0009153021755423651,0.0009153021755423651,0.99072265625,True,0.999358072411269,0.987256793520146,0.987256793520146,0.987256793520146,0.987256793520146,0.987256793520146,0.987256793520146,"[{""layer"":0,""component"":""mlp_out"",""positions"":[1,3,5,7],""kind"":""zero""}]"
2,reused,L1_mlp_mean,control,False,0.9991525794030167,0.9992204250884242,0.9991943825078952,0.9992464676689533,6.784568540751934e-05,6.784568540751934e-05,1.0,True,0.999358072411269,0.9991525794030167,0.9991525794030167,0.9991525794030167,0.9991525794030167,0.9991525794030167,0.9991525794030167,"[{""layer"":0,""component"":""mlp_out"",""positions"":[1,3,5,7],""kind"":""mean""}]"
2,reused,L2_mean_h0,familiar,False,0.9790503398980945,0.9793954727438177,0.9757030821920006,0.9830878632956347,0.0003451328457231284,0.0003451328457231284,0.99462890625,True,0.999358072411269,0.9790503398980945,0.9790503398980945,0.9790503398980945,0.9790503398980945,0.9790503398980945,0.9790503398980945,"[{""layer"":1,""component"":""z"",""positions"":[8],""heads"":[0],""kind"":""mean""}]"
2,reused,L2_mean_h1,familiar,False,0.9928312030388042,0.9938888973265421,0.9927805407558749,0.9949972538972093,0.0010576942877378315,0.0010576942877378315,1.0,True,0.999358072411269,0.9928312030388042,0.9928312030388042,0.9928312030388042,0.9928312030388042,0.9928312030388042,0.9928312030388042,"[{""layer"":1,""component"":""z"",""positions"":[8],""heads"":[1],""kind"":""mean""}]"
2,reused,L2_mean_h2,familiar,False,0.9193908639908841,0.9341396948693728,0.9256141701578322,0.9426652195809133,0.014748830878488661,0.014748830878488661,0.95361328125,True,0.999358072411269,0.9193908639908841,0.9193908639908841,0.9193908639908841,0.9193908639908841,0.9193908639908841,0.9193908639908841,"[{""layer"":1,""component"":""z"",""positions"":[8],""heads"":[2],""kind"":""mean""}]"
2,reused,L2_mean_h3,familiar,False,0.9224416655790719,0.9198749759293321,0.9104718452107716,0.9292781066478926,-0.0025666896497398284,0.0025666896497398284,0.94287109375,True,0.999358072411269,0.9224416655790719,0.9224416655790719,0.9224416655790719,0.9224416655790719,0.9224416655790719,0.9224416655790719,"[{""layer"":1,""component"":""z"",""positions"":[8],""heads"":[3],""kind"":""mean""}]"
2,reused,L2_mean_all,familiar,False,0.11668416938515236,0.12484703414692788,0.1161776731844721,0.13351639510938368,0.008162864761775523,0.008162864761775523,0.14111328125,True,0.999358072411269,0.11668416938515236,0.11668416938515236,0.11668416938515236,0.11668416938515236,0.11668416938515236,0.11668416938515236,"[{""layer"":1,""component"":""z"",""positions"":[8],""heads"":[0,1,2,3],""kind"":""mean""}]"
2,reused,L2_mean_wrong_position,control,False,0.999358072411269,0.9993607991491444,0.9993527918106576,0.9993688064876313,2.7267378754913807e-06,2.7267378754913807e-06,1.0,True,0.999358072411269,0.999358072411269,0.999358072411269,0.999358072411269,0.999358072411269,0.999358072411269,0.999358072411269,"[{""layer"":1,""component"":""z"",""positions"":[1,3,5,7],""heads"":[0,1,2,3],""kind"":""mean""}]"
2,reused,L2_zero_h0,familiar,False,0.9809733911242802,0.9813482998733889,0.9779836955519384,0.9847129041948394,0.0003749087491087266,0.0003749087491087266,0.99658203125,True,0.999358072411269,0.9809733911242802,0.9809733911242802,0.9809733911242802,0.9809733911242802,0.9809733911242802,0.9809733911242802,"[{""layer"":1,""component"":""z"",""positions"":[8],""heads"":[0],""kind"":""zero""}]"
2,reused,L2_zero_h1,familiar,False,0.9949666687170975,0.9958456172607839,0.9951487584823019,0.9965424760392659,0.0008789485436864197,0.0008789485436864197,1.0,True,0.999358072411269,0.9949666687170975,0.9949666687170975,0.9949666687170975,0.9949666687170975,0.9949666687170975,0.9949666687170975,"[{""layer"":1,""component"":""z"",""positions"":[8],""heads"":[1],""kind"":""zero""}]"
2,reused,L2_zero_h2,familiar,False,0.9157986545906169,0.9309702039496415,0.9215345454156985,0.9404058624835845,0.015171549359024539,0.015171549359024539,0.9423828125,True,0.999358072411269,0.9157986545906169,0.9157986545906169,0.9157986545906169,0.9157986545906169,0.9157986545906169,0.9157986545906169,"[{""layer"":1,""component"":""z"",""positions"":[8],""heads"":[2],""kind"":""zero""}]"
2,reused,L2_zero_h3,familiar,False,0.9270401550993483,0.9253109379154694,0.9167911324382971,0.9338307433926416,-0.0017292171838789727,0.0017292171838789727,0.951171875,True,0.999358072411269,0.9270401550993483,0.9270401550993483,0.9270401550993483,0.9270401550993483,0.9270401550993483,0.9270401550993483,"[{""layer"":1,""component"":""z"",""positions"":[8],""heads"":[3],""kind"":""zero""}]"
2,reused,L2_zero_all,familiar,False,0.11960974074256825,0.12362148577668464,0.11509932483883345,0.13214364671453582,0.004011745034116387,0.004011745034116387,0.14453125,True,0.999358072411269,0.11960974074256825,0.11960974074256825,0.11960974074256825,0.11960974074256825,0.11960974074256825,0.11960974074256825,"[{""layer"":1,""component"":""z"",""positions"":[8],""heads"":[0,1,2,3],""kind"":""zero""}]"
2,reused,L2_zero_wrong_position,control,False,0.999358072411269,0.9993607991491444,0.9993527918106576,0.9993688064876313,2.7267378754913807e-06,2.7267378754913807e-06,1.0,True,0.999358072411269,0.999358072411269,0.999358072411269,0.999358072411269,0.999358072411269,0.999358072411269,0.999358072411269,"[{""layer"":1,""component"":""z"",""positions"":[1,3,5,7],""heads"":[0,1,2,3],""kind"":""zero""}]"
2,reused,L2_resample_h0,familiar,False,0.9186140164015342,0.9104152254819269,0.9003375217753734,0.9204929291884804,-0.00819879091960729,0.00819879091960729,0.92529296875,True,0.999358072411269,0.9186140164015342,0.9186140164015342,0.9186140164015342,0.9186140164015342,0.9186140164015342,0.9186140164015342,"[{""layer"":1,""component"":""z"",""positions"":[8],""heads"":[0],""kind"":""resample""}]"
2,reused,L2_resample_h1,familiar,False,0.9656970872929378,0.9695050964146503,0.9644140842502656,0.974596108579035,0.00380800912171253,0.00380800912171253,0.98193359375,True,0.999358072411269,0.9656970872929378,0.9656970872929378,0.9656970872929378,0.9656970872929378,0.9656970872929378,0.9656970872929378,"[{""layer"":1,""component"":""z"",""positions"":[8],""heads"":[1],""kind"":""resample""}]"
2,reused,L2_resample_h2,familiar,False,0.7847565894190396,0.7869204318456511,0.7716283280995535,0.8022125355917487,0.0021638424266114953,0.0021638424266114953,0.80322265625,True,0.999358072411269,0.7847565894190396,0.7847565894190396,0.7847565894190396,0.7847565894190396,0.7847565894190396,0.7847565894190396,"[{""layer"":1,""component"":""z"",""positions"":[8],""heads"":[2],""kind"":""resample""}]"
2,reused,L2_resample_h3,familiar,False,0.6430048140976958,0.6426726251386952,0.6246201717005522,0.6607250785768382,-0.0003321889590006677,0.0003321889590006677,0.65771484375,True,0.999358072411269,0.6430048140976958,0.6430048140976958,0.6430048140976958,0.6430048140976958,0.6430048140976958,0.6430048140976958,"[{""layer"":1,""component"":""z"",""positions"":[8],""heads"":[3],""kind"":""resample""}]"
2,reused,L2_resample_all,familiar,False,6.018260282333876e-05,6.035500674789196e-05,5.675583642506698e-05,6.395417707071694e-05,1.7240392455319942e-07,1.7240392455319942e-07,0.0,True,0.999358072411269,6.018260282333876e-05,6.018260282333876e-05,6.018260282333876e-05,6.018260282333876e-05,6.018260282333876e-05,6.018260282333876e-05,"[{""layer"":1,""component"":""z"",""positions"":[8],""heads"":[0,1,2,3],""kind"":""resample""}]"
2,reused,L2_resample_wrong_position,control,False,0.999358072411269,0.9993607991491444,0.9993527918106576,0.9993688064876313,2.7267378754913807e-06,2.7267378754913807e-06,1.0,True,0.999358072411269,0.999358072411269,0.999358072411269,0.999358072411269,0.999358072411269,0.999358072411269,0.999358072411269,"[{""layer"":1,""component"":""z"",""positions"":[1,3,5,7],""heads"":[0,1,2,3],""kind"":""resample""}]"
2,reused,L2_matched_h0,control,False,0.9993716190801933,0.9993717466131784,0.9993645102216385,0.9993789830047183,1.275329850614071e-07,1.275329850614071e-07,1.0,True,0.999358072411269,0.9993716190801933,0.9993716190801933,0.9993716190801933,0.9993716190801933,0.9993716190801933,0.9993716190801933,"[{""layer"":1,""component"":""z"",""positions"":[8],""heads"":[0],""kind"":""resample"",""donor"":""matched_donor_tokens""}]"
2,reused,L2_matched_h1,control,False,0.9993721184437163,0.9993695105949882,0.9993612937573759,0.9993777274326006,-2.6078487280756235e-06,2.6078487280756235e-06,1.0,True,0.999358072411269,0.9993721184437163,0.9993721184437163,0.9993721184437163,0.9993721184437163,0.9993721184437163,0.9993721184437163,"[{""layer"":1,""component"":""z"",""positions"":[8],""heads"":[1],""kind"":""resample"",""donor"":""matched_donor_tokens""}]"
2,reused,L2_matched_h2,control,False,0.9993668188108131,0.999371391168097,0.9993642056980064,0.9993785766381876,4.5723572839051485e-06,4.5723572839051485e-06,1.0,True,0.999358072411269,0.9993668188108131,0.9993668188108131,0.9993668188108131,0.9993668188108131,0.9993668188108131,0.9993668188108131,"[{""layer"":1,""component"":""z"",""positions"":[8],""heads"":[2],""kind"":""resample"",""donor"":""matched_donor_tokens""}]"
2,reused,L2_matched_h3,control,False,0.9993657819577493,0.9993683858192526,0.9993608846850554,0.9993758869534498,2.603861503303051e-06,2.603861503303051e-06,1.0,True,0.999358072411269,0.9993657819577493,0.9993657819577493,0.9993657819577493,0.9993657819577493,0.9993657819577493,0.9993657819577493,"[{""layer"":1,""component"":""z"",""positions"":[8],""heads"":[3],""kind"":""resample"",""donor"":""matched_donor_tokens""}]"
2,reused,L2_matched_all,control,False,0.9993767311098054,0.999374967534095,0.999366001554476,0.9993839335137141,-1.7635757103562355e-06,1.7635757103562355e-06,1.0,True,0.999358072411269,0.9993767311098054,0.9993767311098054,0.9993767311098054,0.9993767311098054,0.9993767311098054,0.9993767311098054,"[{""layer"":1,""component"":""z"",""positions"":[8],""heads"":[0,1,2,3],""kind"":""resample"",""donor"":""matched_donor_tokens""}]"
2,reused,L2_noop,control,False,0.999358072411269,0.9993607991491444,0.9993527918106576,0.9993688064876313,2.7267378754913807e-06,2.7267378754913807e-06,1.0,True,0.999358072411269,0.999358072411269,0.999358072411269,0.999358072411269,0.999358072411269,0.999358072411269,0.999358072411269,"[{""layer"":1,""component"":""z"",""positions"":[8],""heads"":[0,1,2,3],""kind"":""noop""}]"
2,reused,L2_mlp_zero,control,False,0.9911377701209858,0.9911370087938849,0.9900277647554878,0.992246252832282,-7.61327100917697e-07,7.61327100917697e-07,1.0,True,0.999358072411269,0.9911377701209858,0.9911377701209858,0.9911377701209858,0.9911377701209858,0.9911377701209858,0.9911377701209858,"[{""layer"":1,""component"":""mlp_out"",""positions"":[8],""kind"":""zero""}]"
2,reused,L2_mlp_mean,control,False,0.9944162394967861,0.9944494192313869,0.9938772357630463,0.9950216026997274,3.317973460070789e-05,3.317973460070789e-05,1.0,True,0.999358072411269,0.9944162394967861,0.9944162394967861,0.9944162394967861,0.9944162394967861,0.9944162394967861,0.9944162394967861,"[{""layer"":1,""component"":""mlp_out"",""positions"":[8],""kind"":""mean""}]"
2,reused,L1_mean_pair01,pair,True,0.38906683075336684,0.6161897566225942,0.5974836251453333,0.6348958880998552,0.2271229258692274,0.2271229258692274,0.64306640625,False,0.999358072411269,0.8292331906025421,0.8322481990080033,0.6646640834663177,0.7895261272173612,0.8191394337873648,0.837197142492593,"[{""layer"":0,""component"":""z"",""positions"":[1,3,5,7],""heads"":[0,1],""kind"":""mean""}]"
2,reused,L1_mean_pair02,pair,True,0.9704163301650375,0.8780533818698473,0.8658773181029904,0.8902294456367041,-0.0923629482951902,0.0923629482951902,0.8935546875,True,0.999358072411269,0.977644808335981,0.9776776009478831,0.7141346227107973,0.9412356600437007,0.9726916142487436,0.9393873829714665,"[{""layer"":0,""component"":""z"",""positions"":[1,3,5,7],""heads"":[0,2],""kind"":""mean""}]"
2,reused,L1_mean_pair03,pair,True,0.9791832275622678,0.981181213293894,0.9764811159945816,0.9858813105932063,0.0019979857316261285,0.0019979857316261285,0.9873046875,True,0.999358072411269,0.9792746574169087,0.9792746994817546,0.7146779057377732,0.9606345234968807,0.9791888664889296,0.9460901959749819,"[{""layer"":0,""component"":""z"",""positions"":[1,3,5,7],""heads"":[0,3],""kind"":""mean""}]"
2,reused,L1_mean_pair12,pair,True,0.795873876953138,0.692562481769941,0.6745078756490613,0.7106170878908206,-0.1033113951831971,0.1033113951831971,0.70458984375,False,0.999358072411269,0.8476825697553405,0.8479275894971906,0.6708138765172504,0.8874429368394434,0.8385279035328947,0.8490519847412413,"[{""layer"":0,""component"":""z"",""positions"":[1,3,5,7],""heads"":[1,2],""kind"":""mean""}]"
2,reused,L1_mean_pair13,pair,True,0.849175889873687,0.8337501149707429,0.8190764492149106,0.8484237807265752,-0.015425774902944056,0.015425774902944056,0.84765625,True,0.999358072411269,0.8493124188362682,0.8493127331362617,0.6713571595442264,0.9231495833570131,0.8492784333523524,0.8572801187716597,"[{""layer"":0,""component"":""z"",""positions"":[1,3,5,7],""heads"":[1,3],""kind"":""mean""}]"
2,reused,L1_mean_pair23,pair,True,0.9975659780394237,0.9962185965123354,0.9947988540950521,0.9976383389296186,-0.0013473815270883538,0.0013473815270883538,0.9990234375,True,0.999358072411269,0.9977240365697071,0.9977240399881777,0.720827698788706,0.9808762882813178,0.9975672058518046,0.9567127663596853,"[{""layer"":0,""component"":""z"",""positions"":[1,3,5,7],""heads"":[2,3],""kind"":""mean""}]"
2,reused,L1_mean_rescue0,triple_rescue,True,0.7952504850910482,0.657470510968519,0.6389185874325762,0.6760224345044619,-0.13777997412252918,0.13777997412252918,0.67431640625,False,0.999358072411269,0.8476804763750234,0.8479258133220887,0.4265336161676013,0.6468982183935007,0.8383872899181732,0.43705952164047335,"[{""layer"":0,""component"":""z"",""positions"":[1,3,5,7],""heads"":[0],""kind"":""rescue"",""corruption"":""mean""}]"
2,reused,L1_mean_rescue1,triple_rescue,True,0.9699754433228678,0.8506955149152704,0.837257959322178,0.8641330705083629,-0.11927992840759738,0.11927992840759738,0.86083984375,False,0.999358072411269,0.9776427149556639,0.9776755529821912,0.44097386489878354,0.698821191194547,0.9722963179340535,0.4599669961928327,"[{""layer"":0,""component"":""z"",""positions"":[1,3,5,7],""heads"":[1],""kind"":""rescue"",""corruption"":""mean""}]"
2,reused,L1_mean_rescue2,triple_rescue,True,0.386981293258301,0.5826351630739892,0.5636609993890792,0.6016093267588992,0.19565386981568822,0.19565386981568822,0.6044921875,False,0.999358072411269,0.829231097222225,0.8322464556769122,0.4244836851506236,0.588514662440376,0.8189969657701335,0.4302649174918004,"[{""layer"":0,""component"":""z"",""positions"":[1,3,5,7],""heads"":[2],""kind"":""rescue"",""corruption"":""mean""}]"
2,reused,L1_mean_rescue3,triple_rescue,True,0.16619547468234747,0.2299273487886827,0.21534227776092763,0.2445124198164378,0.06373187410633524,0.06373187410633524,0.2412109375,True,0.999358072411269,0.8276012481412973,0.8308891454197548,0.42430259080829835,0.5541566183817306,0.8039118990764765,0.4265273123395192,"[{""layer"":0,""component"":""z"",""positions"":[1,3,5,7],""heads"":[3],""kind"":""rescue"",""corruption"":""mean""}]"
2,reused,L1_zero_pair01,pair,True,0.29889601431470625,0.5515117215670272,0.5318565182516962,0.5711669248823582,0.25261570725232096,0.25261570725232096,0.564453125,False,0.999358072411269,0.7617201404086742,0.7711102836381334,0.6459627348426047,0.7213759518319366,0.747844844246967,0.7430701780264611,"[{""layer"":0,""component"":""z"",""positions"":[1,3,5,7],""heads"":[0,1],""kind"":""zero""}]"
2,reused,L1_zero_pair02,pair,True,0.9251031472582688,0.7958657569048447,0.779850355179633,0.8118811586300565,-0.12923739035342408,0.12923739035342408,0.7998046875,False,0.999358072411269,0.944459325460804,0.9447036922594868,0.7068757965266479,0.8998168231658397,0.9314609158178901,0.8729554413296594,"[{""layer"":0,""component"":""z"",""positions"":[1,3,5,7],""heads"":[0,2],""kind"":""zero""}]"
2,reused,L1_zero_pair03,pair,True,0.9487212381597344,0.9424847544874,0.9336008991385532,0.9513686098362468,-0.006236483672334425,0.006236483672334425,0.9521484375,True,0.999358072411269,0.9493268101156278,0.9493275678251022,0.7084982914115892,0.9481688943859617,0.9488750774644107,0.8886596508865838,"[{""layer"":0,""component"":""z"",""positions"":[1,3,5,7],""heads"":[0,3],""kind"":""zero""}]"
2,reused,L1_zero_pair12,pair,True,0.759530438584971,0.6195334114666756,0.6002095295721028,0.6388572933612484,-0.13999702711829543,0.13999702711829543,0.63671875,False,0.999358072411269,0.8068536388899457,0.8077703141220293,0.6610072343363618,0.8462401460246844,0.7974697605638411,0.7809448938431464,"[{""layer"":0,""component"":""z"",""positions"":[1,3,5,7],""heads"":[1,2],""kind"":""zero""}]"
2,reused,L1_zero_pair13,pair,True,0.8102823744182391,0.7908827654563553,0.7746356504832976,0.8071298804294129,-0.019399608961883863,0.019399608961883863,0.80078125,True,0.999358072411269,0.8117211235447694,0.8117239658846946,0.662629729221303,0.9180966242081702,0.8111843879657828,0.7958948040658123,"[{""layer"":0,""component"":""z"",""positions"":[1,3,5,7],""heads"":[1,3],""kind"":""zero""}]"
2,reused,L1_zero_pair23,pair,True,0.9941062559192386,0.9877465342434215,0.9842424953179494,0.9912505731688936,-0.006359721675817109,0.006359721675817109,0.99267578125,True,0.999358072411269,0.9944603085968993,0.9944603825652607,0.7235427909053463,0.9749290845884673,0.9941235923810843,0.9266598639974423,"[{""layer"":0,""component"":""z"",""positions"":[1,3,5,7],""heads"":[2,3],""kind"":""zero""}]"
2,reused,L1_zero_rescue0,triple_rescue,True,0.7545297862453615,0.5771806430643002,0.5576064147958244,0.5967548713327759,-0.17734914318106132,0.17734914318106132,0.59521484375,False,0.999358072411269,0.8068384993101727,0.8077580769635507,0.4296016215977705,0.6290358046658681,0.7966015696908646,0.34731439992109714,"[{""layer"":0,""component"":""z"",""positions"":[1,3,5,7],""heads"":[0],""kind"":""rescue"",""corruption"":""zero""}]"
2,reused,L1_zero_rescue1,triple_rescue,True,0.9237382566807715,0.7655877056024912,0.7487172766727908,0.7824581345321917,-0.15815055107828024,0.15815055107828024,0.77685546875,False,0.999358072411269,0.9444441858810311,0.9446893806555627,0.4448911423278659,0.6662655160865669,0.9307242495095475,0.36960512667177103,"[{""layer"":0,""component"":""z"",""positions"":[1,3,5,7],""heads"":[1],""kind"":""rescue"",""corruption"":""zero""}]"
2,reused,L1_zero_rescue2,triple_rescue,True,0.2895006821793061,0.5126411426528007,0.4929741917423779,0.5323080935632235,0.22314046047349462,0.22314046047349462,0.52783203125,False,0.999358072411269,0.7617050008289012,0.7710986018536207,0.4245867884331848,0.56873976007706,0.7468892535425091,0.3409103859133159,"[{""layer"":0,""component"":""z"",""positions"":[1,3,5,7],""heads"":[2],""kind"":""rescue"",""corruption"":""zero""}]"
2,reused,L1_zero_rescue3,triple_rescue,True,0.17979251584020928,0.22005595972153658,0.2043358845254232,0.23577603491764995,0.0402634438813273,0.0402634438813273,0.232421875,True,0.999358072411269,0.7568375161740775,0.7673428234430564,0.42404595680487106,0.5098972496832518,0.725520929394531,0.33801135229603074,"[{""layer"":0,""component"":""z"",""positions"":[1,3,5,7],""heads"":[3],""kind"":""rescue"",""corruption"":""zero""}]"
2,reused,L1_resample_pair01,pair,True,0.9987548145116201,0.9989617820538115,0.9986382588005355,0.9992853053070875,0.00020696754219140523,0.00020696754219140523,1.0,True,0.999358072411269,0.9937256037155748,0.9937303611307434,0.9974776022063453,0.9982106985724177,0.9937320018944173,0.9992196653899476,"[{""layer"":0,""component"":""z"",""positions"":[1,3,5,7],""heads"":[0,1],""kind"":""resample""}]"
2,reused,L1_resample_pair02,pair,True,0.9984754790125911,0.9970652097908896,0.9956831228798659,0.9984472967019133,-0.00141026922170151,0.00141026922170151,0.998046875,True,0.999358072411269,0.9980615790118463,0.9980618507029715,0.9989229273051025,0.9990044001814503,0.9976876197695554,0.9993031663922995,"[{""layer"":0,""component"":""z"",""positions"":[1,3,5,7],""heads"":[0,2],""kind"":""resample""}]"
2,reused,L1_resample_pair03,pair,True,0.99834691350637,0.9986685041512828,0.9981231156322383,0.9992138926703273,0.0003215906449128836,0.0003215906449128836,1.0,True,0.999358072411269,0.9983243986498564,0.9983243984445134,0.9990105338511058,0.9991120262961155,0.9983339962371212,0.9993284890980798,"[{""layer"":0,""component"":""z"",""positions"":[1,3,5,7],""heads"":[0,3],""kind"":""resample""}]"
2,reused,L1_resample_pair12,pair,True,0.9984242189909274,0.998903990490362,0.9985058118166551,0.999302169164069,0.000479771499434678,0.000479771499434678,1.0,True,0.999358072411269,0.9944968548152247,0.9944980632796578,0.9977346859062285,0.9985430223673392,0.9945057551564663,0.9992421298557443,"[{""layer"":0,""component"":""z"",""positions"":[1,3,5,7],""heads"":[1,2],""kind"":""resample""}]"
2,reused,L1_resample_pair13,pair,True,0.9948545919806143,0.9980704764820985,0.9971537222833905,0.9989872306808064,0.003215884501484134,0.003215884501484134,0.99951171875,True,0.999358072411269,0.9947596744532348,0.9947596735398817,0.9978222924522319,0.9987004593657648,0.9947576025021764,0.9992605186380843,"[{""layer"":0,""component"":""z"",""positions"":[1,3,5,7],""heads"":[1,3],""kind"":""resample""}]"
2,reused,L1_resample_pair23,pair,True,0.9990342899327398,0.9987345815879962,0.9978070470638635,0.999662116112129,-0.00029970834474357666,0.00029970834474357666,0.99951171875,True,0.999358072411269,0.9990956497495063,0.9990956496973458,0.999267617550989,0.9992770693212912,0.9990301347962489,0.9993397251035361,"[{""layer"":0,""component"":""z"",""positions"":[1,3,5,7],""heads"":[2,3],""kind"":""resample""}]"
2,reused,L1_resample_rescue0,triple_rescue,True,0.9984835452225818,0.9990674520668108,0.9988273270978842,0.9993075770357374,0.0005839068442290429,0.0005839068442290429,1.0,True,0.999358072411269,0.9944970533033484,0.9944982608025078,0.9988119978976708,0.9991498526331963,0.9944239211769793,0.9993381239496733,"[{""layer"":0,""component"":""z"",""positions"":[1,3,5,7],""heads"":[0],""kind"":""rescue"",""corruption"":""resample""}]"
2,reused,L1_resample_rescue1,triple_rescue,True,0.9985058376619776,0.9970265497740911,0.9956304938662212,0.9984226056819611,-0.0014792878878865379,0.0014792878878865379,0.99853515625,True,0.999358072411269,0.99806177749997,0.9980620489336454,0.9992080783639621,0.9992512295247205,0.997683809939358,0.9993461290411587,"[{""layer"":0,""component"":""z"",""positions"":[1,3,5,7],""heads"":[1],""kind"":""rescue"",""corruption"":""resample""}]"
2,reused,L1_resample_rescue2,triple_rescue,True,0.998813000897995,0.9990949889179319,0.998882685144009,0.9993072926918548,0.00028198801993695177,0.00028198801993695177,1.0,True,0.999358072411269,0.9937258022036985,0.9937305585011158,0.998726303331043,0.999089542397276,0.9937345912501749,0.9993358632406856,"[{""layer"":0,""component"":""z"",""positions"":[1,3,5,7],""heads"":[2],""kind"":""rescue"",""corruption"":""resample""}]"
2,reused,L1_resample_rescue3,triple_rescue,True,0.9993456022603658,0.9993619470042177,0.9993531144556024,0.9993707795528329,1.6344743851814947e-05,1.6344743851814947e-05,1.0,True,0.999358072411269,0.9934629825656884,0.993469218886215,0.998697101149042,0.9990541516607258,0.9931865214369263,0.999331076005487,"[{""layer"":0,""component"":""z"",""positions"":[1,3,5,7],""heads"":[3],""kind"":""rescue"",""corruption"":""resample""}]"
2,reused,L2_mean_pair01,pair,True,0.9681738935697097,0.9720401728700381,0.96794099327358,0.9761393524664962,0.0038662793003283458,0.0038662793003283458,0.994140625,True,0.999358072411269,0.9725234705256298,0.9726561015825289,0.6961885707740172,0.904681339430521,0.9735279635270341,0.9453578864343417,"[{""layer"":1,""component"":""z"",""positions"":[8],""heads"":[0,1],""kind"":""mean""}]"
2,reused,L2_mean_pair02,pair,True,0.8629558382690986,0.8623245602571004,0.849786809583584,0.8748623109306167,-0.0006312780119982486,0.0006312780119982486,0.88720703125,True,0.999358072411269,0.8990831314777097,0.9007081272857769,0.6717084577580438,0.8050428975783523,0.8943361627955868,0.9111603041699751,"[{""layer"":1,""component"":""z"",""positions"":[8],""heads"":[0,2],""kind"":""mean""}]"
2,reused,L2_mean_pair03,pair,True,0.8268773580802035,0.7746938583616156,0.7601087696015516,0.7892789471216797,-0.05218349971858782,0.05218349971858782,0.82763671875,True,0.999358072411269,0.9021339330658975,0.9036969342152792,0.672725391620773,0.8072253258596944,0.8916710688012891,0.8989608876649542,"[{""layer"":1,""component"":""z"",""positions"":[8],""heads"":[0,3],""kind"":""mean""}]"
2,reused,L2_mean_pair12,pair,True,0.8982172736472145,0.890517170110769,0.8795252591430333,0.9015090810785048,-0.007700103536445457,0.007700103536445457,0.916015625,True,0.999358072411269,0.9128639946184194,0.9133862654018846,0.676302078804947,0.8557260962677474,0.9108059839243873,0.9182394911682064,"[{""layer"":1,""component"":""z"",""positions"":[8],""heads"":[1,2],""kind"":""mean""}]"
2,reused,L2_mean_pair13,pair,True,0.8855059650035882,0.846842385701791,0.8331316182000338,0.8605531532035483,-0.0386635793017972,0.0386635793017972,0.87255859375,True,0.999358072411269,0.9159147962066072,0.9164171420162346,0.6773190126676762,0.8574416269396273,0.9105335812388254,0.9069284534990627,"[{""layer"":1,""component"":""z"",""positions"":[8],""heads"":[1,3],""kind"":""mean""}]"
2,reused,L2_mean_pair23,pair,True,0.6965846564362528,0.7457818541495342,0.7301715911781566,0.7613921171209119,0.04919719771328146,0.04919719771328146,0.7900390625,True,0.999358072411269,0.8424744571586871,0.8486291983929842,0.6528388996517029,0.7235141380502317,0.831306885823162,0.872423125203689,"[{""layer"":1,""component"":""z"",""positions"":[8],""heads"":[2,3],""kind"":""mean""}]"
2,reused,L2_mean_rescue0,triple_rescue,True,0.48973743532415576,0.5586802858340398,0.5411253841961642,0.5762351874719155,0.06894285050988408,0.06894285050988408,0.6220703125,True,0.999358072411269,0.8359475877862224,0.8430867486179942,0.39275208321329724,0.43633752990958635,0.8164977816898171,0.45907232461200664,"[{""layer"":1,""component"":""z"",""positions"":[8],""heads"":[0],""kind"":""rescue"",""corruption"":""mean""}]"
2,reused,L2_mean_rescue1,triple_rescue,True,0.3057232397863019,0.4499363477150027,0.43235244060625216,0.4675202548237532,0.1442131079287008,0.1442131079287008,0.49658203125,False,0.999358072411269,0.8221667246455127,0.8313843937132637,0.39122087619766277,0.4069118581361178,0.7921286915650523,0.4492768144203959,"[{""layer"":1,""component"":""z"",""positions"":[8],""heads"":[1],""kind"":""rescue"",""corruption"":""mean""}]"
2,reused,L2_mean_rescue2,triple_rescue,True,0.6951440498068113,0.6399999528550495,0.6231876459219603,0.6568122597881387,-0.05514409695176181,0.05514409695176181,0.70458984375,True,0.999358072411269,0.8956070636934328,0.8977948336521765,0.3993809138696539,0.4751872212933068,0.8802963775512311,0.4708149009153102,"[{""layer"":1,""component"":""z"",""positions"":[8],""heads"":[2],""kind"":""rescue"",""corruption"":""mean""}]"
2,reused,L2_mean_rescue3,triple_rescue,True,0.7982114164914429,0.7778433631394392,0.7625127656996011,0.7931739605792774,-0.020368053352003646,0.020368053352003646,0.8115234375,True,0.999358072411269,0.892556262105245,0.8948255468055623,0.3990419359154108,0.47402648921209023,0.8865422505277363,0.48091086841512887,"[{""layer"":1,""component"":""z"",""positions"":[8],""heads"":[3],""kind"":""rescue"",""corruption"":""mean""}]"
2,reused,L2_zero_pair01,pair,True,0.9729854271751577,0.9761907582142157,0.9725055498501457,0.9798759665782858,0.003205331039058068,0.003205331039058068,0.9951171875,True,0.999358072411269,0.9765819874301087,0.976662773846458,0.6985166001946488,0.917667385686975,0.977622349219191,0.9459084623969245,"[{""layer"":1,""component"":""z"",""positions"":[8],""heads"":[0,1],""kind"":""zero""}]"
2,reused,L2_zero_pair02,pair,True,0.8636420635498363,0.8550676996240867,0.8421819491539528,0.8679534500942205,-0.008574363925749617,0.008574363925749617,0.88916015625,True,0.999358072411269,0.8974139733036282,0.8989511733398999,0.6721272621524885,0.8091331099441718,0.8929428426177743,0.8988866668666105,"[{""layer"":1,""component"":""z"",""positions"":[8],""heads"":[0,2],""kind"":""zero""}]"
2,reused,L2_zero_pair03,pair,True,0.8269428952289917,0.7705635932728683,0.7558808181004407,0.7852463684452958,-0.056379301956123395,0.056379301956123395,0.8271484375,True,0.999358072411269,0.9086554738123596,0.9099858696912967,0.6758744289887324,0.8170102014737124,0.8964048875120436,0.899841604984754,"[{""layer"":1,""component"":""z"",""positions"":[8],""heads"":[0,3],""kind"":""zero""}]"
2,reused,L2_zero_pair12,pair,True,0.8997558758256645,0.891728836590886,0.8801563321900072,0.9033013409917647,-0.008027039234778544,0.008027039234778544,0.91259765625,True,0.999358072411269,0.9114072508964455,0.9117744297347723,0.676791688016761,0.8690244511361573,0.9090745519881926,0.9095000235624128,"[{""layer"":1,""component"":""z"",""positions"":[8],""heads"":[1,2],""kind"":""zero""}]"
2,reused,L2_zero_pair13,pair,True,0.8974046769883617,0.8548684144697063,0.8420354246960863,0.8677014042433263,-0.04253626251865539,0.04253626251865539,0.880859375,True,0.999358072411269,0.9226487514051769,0.9229665325669101,0.6805388548530048,0.8748122428627148,0.9199610076180798,0.9134141755641161,"[{""layer"":1,""component"":""z"",""positions"":[8],""heads"":[1,3],""kind"":""zero""}]"
2,reused,L2_zero_pair23,pair,True,0.6972589859655907,0.7452907227566428,0.7294357073501132,0.7611457381631723,0.048031736791052104,0.048031736791052104,0.79052734375,True,0.999358072411269,0.8434807372786963,0.8495274619066426,0.6541495168108447,0.726614680410866,0.8317196164986943,0.8644574568495844,"[{""layer"":1,""component"":""z"",""positions"":[8],""heads"":[2,3],""kind"":""zero""}]"
2,reused,L2_zero_rescue0,triple_rescue,True,0.4943735773617258,0.5531251938977491,0.5356132888627084,0.5706370989327897,0.05875161653602323,0.05875161653602323,0.61865234375,True,0.999358072411269,0.8390893335845249,0.8457944475472192,0.3950515469847192,0.45122544571161494,0.8215288778024927,0.45193174530773284,"[{""layer"":1,""component"":""z"",""positions"":[8],""heads"":[0],""kind"":""rescue"",""corruption"":""zero""}]"
2,reused,L2_zero_rescue1,triple_rescue,True,0.30048343380900366,0.444935911728761,0.42720766781272257,0.46266415564479946,0.14445247791975735,0.14445247791975735,0.4921875,False,0.999358072411269,0.8250960559917075,0.8338991380226779,0.393496738363295,0.4145844860353513,0.7914044822266979,0.44306901454838216,"[{""layer"":1,""component"":""z"",""positions"":[8],""heads"":[1],""kind"":""rescue"",""corruption"":""zero""}]"
2,reused,L2_zero_rescue2,triple_rescue,True,0.7084317298203527,0.635189183428011,0.6184564977112622,0.6519218691447598,-0.07324254639234173,0.07324254639234173,0.7001953125,True,0.999358072411269,0.9042640701181881,0.9059871875170844,0.4022931843773484,0.4942956836717804,0.8899067587672831,0.4603031057676903,"[{""layer"":1,""component"":""z"",""positions"":[8],""heads"":[2],""kind"":""rescue"",""corruption"":""zero""}]"
2,reused,L2_zero_rescue3,triple_rescue,True,0.8040025300030085,0.7808097034389334,0.7655816513940794,0.7960377554837874,-0.023192826564075064,0.023192826564075064,0.82080078125,True,0.999358072411269,0.8930225696094567,0.8950009800983928,0.4010441287652672,0.4899772780814405,0.8869357306288878,0.47250142310697557,"[{""layer"":1,""component"":""z"",""positions"":[8],""heads"":[3],""kind"":""rescue"",""corruption"":""zero""}]"
2,reused,L2_resample_pair01,pair,True,0.8505760031570457,0.783186384539448,0.7682664263778594,0.7981063427010366,-0.06738961861759774,0.06738961861759774,0.80224609375,True,0.999358072411269,0.884953031283203,0.8876727015823376,0.6281237620990985,0.21099669345896385,0.8604876815772948,0.5942126953821543,"[{""layer"":1,""component"":""z"",""positions"":[8],""heads"":[0,1],""kind"":""resample""}]"
2,reused,L2_resample_pair02,pair,True,0.6013477202500557,0.5377159124812415,0.5185903768572379,0.5568414481052452,-0.06363180776881416,0.06363180776881416,0.5537109375,True,0.999358072411269,0.7040125334093048,0.7213514579057948,0.5678102628077991,0.11917492565193005,0.6422613284883318,0.45076915418623287,"[{""layer"":1,""component"":""z"",""positions"":[8],""heads"":[0,2],""kind"":""resample""}]"
2,reused,L2_resample_pair03,pair,True,0.3992520262654819,0.3161521454523134,0.29868938645397697,0.33361490445064984,-0.08309988081316849,0.08309988081316849,0.3154296875,True,0.999358072411269,0.562260758087961,0.5910526478448503,0.5205596710340178,0.09662286300559679,0.48933845225932443,0.3368700208497468,"[{""layer"":1,""component"":""z"",""positions"":[8],""heads"":[0,3],""kind"":""resample""}]"
2,reused,L2_resample_pair12,pair,True,0.6888489816257986,0.6329341273489293,0.61476781333534,0.6511004413625185,-0.055914854276869264,0.055914854276869264,0.65283203125,True,0.999358072411269,0.7510956043007084,0.758323941695276,0.5835046197716003,0.15503892464722643,0.712283289638344,0.5004122932929096,"[{""layer"":1,""component"":""z"",""positions"":[8],""heads"":[1,2],""kind"":""resample""}]"
2,reused,L2_resample_pair13,pair,True,0.4953779178786069,0.4333221288989236,0.4144866091162282,0.45215764868161895,-0.062055788979683335,0.062055788979683335,0.447265625,True,0.999358072411269,0.6093438289793647,0.6213467357012965,0.5362540279978191,0.12667617441504836,0.5418467857226468,0.37883426520462893,"[{""layer"":1,""component"":""z"",""positions"":[8],""heads"":[1,3],""kind"":""resample""}]"
2,reused,L2_resample_pair23,pair,True,0.17710653757375533,0.21036567925968552,0.1952797158020986,0.22545164271727244,0.033259141685930194,0.033259141685930194,0.21435546875,True,0.999358072411269,0.42840333110546647,0.504926391072039,0.4759405287065196,0.06836940017957475,0.3467042015203164,0.24729593510826284,"[{""layer"":1,""component"":""z"",""positions"":[8],""heads"":[2,3],""kind"":""resample""}]"
2,reused,L2_resample_rescue0,triple_rescue,True,0.05958216135153906,0.07325000864958786,0.06383814794729965,0.08266186935187607,0.013667847298048798,0.013667847298048798,0.07421875,True,0.999358072411269,0.3947423459871353,0.48791915392157537,0.2659799540474015,0.0027353689879721452,0.24607861145053173,0.005734834388080325,"[{""layer"":1,""component"":""z"",""positions"":[8],""heads"":[0],""kind"":""rescue"",""corruption"":""resample""}]"
2,reused,L2_resample_rescue1,triple_rescue,True,0.013106214081849692,0.02503679207081111,0.019994413122881756,0.030079171018740462,0.011930577988961417,0.011930577988961417,0.0185546875,True,0.999358072411269,0.3476592750957317,0.46413039819718893,0.26074850172613445,0.0024718818415809334,0.18694452587421925,0.005237804313871443,"[{""layer"":1,""component"":""z"",""positions"":[8],""heads"":[1],""kind"":""rescue"",""corruption"":""resample""}]"
2,reused,L2_resample_rescue2,triple_rescue,True,0.22701080306735316,0.15926006052090916,0.14575776242569038,0.17276235861612793,-0.067750742546444,0.067750742546444,0.1572265625,True,0.999358072411269,0.5285997729696299,0.5711444538426227,0.2808530014899009,0.0031001873782718578,0.3805795872389809,0.007031806668396107,"[{""layer"":1,""component"":""z"",""positions"":[8],""heads"":[2],""kind"":""rescue"",""corruption"":""resample""}]"
2,reused,L2_resample_rescue3,triple_rescue,True,0.44427980579309906,0.3331422069780118,0.3153410930867613,0.3509433208692623,-0.11113759881508728,0.11113759881508728,0.3466796875,False,0.999358072411269,0.6703515482909737,0.6970544603030567,0.296603198747828,0.0033520181309152643,0.5530967338172027,0.008742043695125223,"[{""layer"":1,""component"":""z"",""positions"":[8],""heads"":[3],""kind"":""rescue"",""corruption"":""resample""}]"
2,reused,cross_mean_00,cross_layer,True,0.9520632661110062,0.9557566179160446,0.9487224070101898,0.9627908288218994,0.0036933518050383807,0.0036933518050383807,0.9716796875,True,0.999358072411269,0.9589690182840513,0.9593770863420449,0.9593770863420449,0.9593770863420448,0.9520632661110062,0.9520632661110062,"[{""layer"":0,""component"":""z"",""positions"":[1,3,5,7],""heads"":[0],""kind"":""mean""},{""layer"":1,""component"":""z"",""positions"":[8],""heads"":[0],""kind"":""mean""}]"
2,reused,cross_mean_01,cross_layer,True,0.9641662487627962,0.9689540659147866,0.9630239281642202,0.974884203665353,0.004787817151990392,0.004787817151990392,0.9775390625,True,0.999358072411269,0.972749881424761,0.9728810337780763,0.9728810337780763,0.9728810337780764,0.9641662487627962,0.9641662487627962,"[{""layer"":0,""component"":""z"",""positions"":[1,3,5,7],""heads"":[0],""kind"":""mean""},{""layer"":1,""component"":""z"",""positions"":[8],""heads"":[1],""kind"":""mean""}]"
2,reused,cross_mean_02,cross_layer,True,0.8848238697598458,0.9062323899738232,0.8955141110320103,0.916950668915636,0.021408520213977322,0.021408520213977322,0.9248046875,True,0.999358072411269,0.8993095423768409,0.9009164211074968,0.9009164211074968,0.9009164211074968,0.8848238697598458,0.8848238697598458,"[{""layer"":0,""component"":""z"",""positions"":[1,3,5,7],""heads"":[0],""kind"":""mean""},{""layer"":1,""component"":""z"",""positions"":[8],""heads"":[2],""kind"":""mean""}]"
2,reused,cross_mean_03,cross_layer,True,0.8902484253328119,0.88022595722863,0.8684037109105919,0.892048203546668,-0.010022468104181947,0.010022468104181947,0.90185546875,True,0.999358072411269,0.9023603439650287,0.9039059192154163,0.9039059192154163,0.9039059192154164,0.8902484253328119,0.8902484253328119,"[{""layer"":0,""component"":""z"",""positions"":[1,3,5,7],""heads"":[0],""kind"":""mean""},{""layer"":1,""component"":""z"",""positions"":[8],""heads"":[3],""kind"":""mean""}]"
2,reused,cross_mean_10,cross_layer,True,0.8136193407252759,0.8168248348888487,0.8017953504212181,0.8318543193564794,0.003205494163572853,0.003205494163572853,0.8369140625,True,0.999358072411269,0.8290067797034109,0.8320557814274937,0.8320557814274937,0.8320557814274936,0.8136193407252759,0.8136193407252759,"[{""layer"":0,""component"":""z"",""positions"":[1,3,5,7],""heads"":[1],""kind"":""mean""},{""layer"":1,""component"":""z"",""positions"":[8],""heads"":[0],""kind"":""mean""}]"
2,reused,cross_mean_11,cross_layer,True,0.8293087360872906,0.8319000576268003,0.8172808371094014,0.8465192781441992,0.0025913215395096945,0.0025913215395096945,0.84765625,True,0.999358072411269,0.8427876428441206,0.8437675866146325,0.8437675866146325,0.8437675866146326,0.8293087360872906,0.8293087360872906,"[{""layer"":0,""component"":""z"",""positions"":[1,3,5,7],""heads"":[1],""kind"":""mean""},{""layer"":1,""component"":""z"",""positions"":[8],""heads"":[1],""kind"":""mean""}]"
2,reused,cross_mean_12,cross_layer,True,0.757916084826371,0.7812498750670613,0.7652675853962564,0.7972321647378663,0.023333790240690377,0.023333790240690377,0.79833984375,True,0.999358072411269,0.7693473037962004,0.7813535756035362,0.7813535756035362,0.7813535756035362,0.757916084826371,0.757916084826371,"[{""layer"":0,""component"":""z"",""positions"":[1,3,5,7],""heads"":[1],""kind"":""mean""},{""layer"":1,""component"":""z"",""positions"":[8],""heads"":[2],""kind"":""mean""}]"
2,reused,cross_mean_13,cross_layer,True,0.7507527553972169,0.7456248707106834,0.7290300969369337,0.7622196444844331,-0.005127884686533468,0.005127884686533468,0.76953125,True,0.999358072411269,0.7723981053843882,0.7839463300268726,0.7839463300268726,0.7839463300268728,0.7507527553972169,0.7507527553972169,"[{""layer"":0,""component"":""z"",""positions"":[1,3,5,7],""heads"":[1],""kind"":""mean""},{""layer"":1,""component"":""z"",""positions"":[8],""heads"":[3],""kind"":""mean""}]"
2,reused,cross_mean_20,cross_layer,True,0.9731586162548704,0.9696140238824782,0.964191358328373,0.9750366894365834,-0.0035445923723922412,0.0035445923723922412,0.98388671875,True,0.999358072411269,0.9774183974368498,0.9774515597756498,0.9774515597756498,0.9774515597756496,0.9731586162548704,0.9731586162548704,"[{""layer"":0,""component"":""z"",""positions"":[1,3,5,7],""heads"":[2],""kind"":""mean""},{""layer"":1,""component"":""z"",""positions"":[8],""heads"":[0],""kind"":""mean""}]"
2,reused,cross_mean_21,cross_layer,True,0.987568552072566,0.9852729856726228,0.9815652050746232,0.9889807662706224,-0.0022955663999432163,0.0022955663999432163,0.9921875,True,0.999358072411269,0.9911992605775595,0.9912099188946952,0.9912099188946952,0.9912099188946952,0.987568552072566,0.987568552072566,"[{""layer"":0,""component"":""z"",""positions"":[1,3,5,7],""heads"":[2],""kind"":""mean""},{""layer"":1,""component"":""z"",""positions"":[8],""heads"":[1],""kind"":""mean""}]"
2,reused,cross_mean_22,cross_layer,True,0.9095692159072881,0.9209556718174845,0.9112597761968602,0.9306515674381088,0.01138645591019638,0.01138645591019638,0.9375,True,0.999358072411269,0.9177589215296393,0.9178895072391374,0.9178895072391374,0.9178895072391373,0.9095692159072881,0.9095692159072881,"[{""layer"":0,""component"":""z"",""positions"":[1,3,5,7],""heads"":[2],""kind"":""mean""},{""layer"":1,""component"":""z"",""positions"":[8],""heads"":[2],""kind"":""mean""}]"
2,reused,cross_mean_23,cross_layer,True,0.9160434119009622,0.9010215194291042,0.8902229521154077,0.9118200867428008,-0.015021892471857923,0.015021892471857923,0.9208984375,True,0.999358072411269,0.9208097231178272,0.9209353268966339,0.9209353268966339,0.9209353268966339,0.9160434119009622,0.9160434119009622,"[{""layer"":0,""component"":""z"",""positions"":[1,3,5,7],""heads"":[2],""kind"":""mean""},{""layer"":1,""component"":""z"",""positions"":[8],""heads"":[3],""kind"":""mean""}]"
2,reused,cross_mean_30,cross_layer,True,0.9789352055113323,0.9789224977866979,0.975145836562853,0.9826991590105428,-1.2707724634353212e-05,1.2707724634353212e-05,0.994140625,True,0.999358072411269,0.9790482465177774,0.979048289056892,0.979048289056892,0.9790482890568919,0.9789352055113323,0.9789352055113323,"[{""layer"":0,""component"":""z"",""positions"":[1,3,5,7],""heads"":[3],""kind"":""mean""},{""layer"":1,""component"":""z"",""positions"":[8],""heads"":[0],""kind"":""mean""}]"
2,reused,cross_mean_31,cross_layer,True,0.9927669881759719,0.9938755735347513,0.9927624130061471,0.9949887340633555,0.0011085853587794459,0.0011085853587794459,1.0,True,0.999358072411269,0.9928291096584871,0.9928291233304836,0.9928291233304836,0.9928291233304837,0.9927669881759719,0.9927669881759719,"[{""layer"":0,""component"":""z"",""positions"":[1,3,5,7],""heads"":[3],""kind"":""mean""},{""layer"":1,""component"":""z"",""positions"":[8],""heads"":[1],""kind"":""mean""}]"
2,reused,cross_mean_32,cross_layer,True,0.9193308855988624,0.9336886958383275,0.9251150207862554,0.9422623708903995,0.01435781023946503,0.01435781023946503,0.9541015625,True,0.999358072411269,0.919388770610567,0.9193889381198761,0.9193889381198761,0.9193889381198761,0.9193308855988624,0.9193308855988624,"[{""layer"":0,""component"":""z"",""positions"":[1,3,5,7],""heads"":[3],""kind"":""mean""},{""layer"":1,""component"":""z"",""positions"":[8],""heads"":[2],""kind"":""mean""}]"
2,reused,cross_mean_33,cross_layer,True,0.9224691961219063,0.9201907248798875,0.9108075015239878,0.9295739482357872,-0.0022784712420187425,0.0022784712420187425,0.94140625,True,0.999358072411269,0.9224395721987548,0.9224397333174735,0.9224397333174735,0.9224397333174736,0.9224691961219063,0.9224691961219063,"[{""layer"":0,""component"":""z"",""positions"":[1,3,5,7],""heads"":[3],""kind"":""mean""},{""layer"":1,""component"":""z"",""positions"":[8],""heads"":[3],""kind"":""mean""}]"
2,reused,cross_resample_00,cross_layer,True,0.9162274381761762,0.9072651317812301,0.896997212712138,0.9175330508503223,-0.008962306394946107,0.008962306394946107,0.9228515625,True,0.999358072411269,0.917580144151998,0.9176636768127409,0.9176636768127409,0.9176636768127407,0.9162274381761762,0.9162274381761762,"[{""layer"":0,""component"":""z"",""positions"":[1,3,5,7],""heads"":[0],""kind"":""resample""},{""layer"":1,""component"":""z"",""positions"":[8],""heads"":[0],""kind"":""resample""}]"
2,reused,cross_resample_01,cross_layer,True,0.9629681368965565,0.9680293544979577,0.9628054968683376,0.9732532121275778,0.005061217601401213,0.005061217601401213,0.97998046875,True,0.999358072411269,0.9646632150434016,0.964698038555981,0.964698038555981,0.964698038555981,0.9629681368965565,0.9629681368965565,"[{""layer"":0,""component"":""z"",""positions"":[1,3,5,7],""heads"":[0],""kind"":""resample""},{""layer"":1,""component"":""z"",""positions"":[8],""heads"":[1],""kind"":""resample""}]"
2,reused,cross_resample_02,cross_layer,True,0.7838495668023732,0.7874420716436745,0.7721705340075325,0.8027136092798165,0.0035925048413013583,0.0035925048413013583,0.802734375,True,0.999358072411269,0.7837227171695034,0.7839447302037702,0.7839447302037702,0.7839447302037702,0.7838495668023732,0.7838495668023732,"[{""layer"":0,""component"":""z"",""positions"":[1,3,5,7],""heads"":[0],""kind"":""resample""},{""layer"":1,""component"":""z"",""positions"":[8],""heads"":[2],""kind"":""resample""}]"
2,reused,cross_resample_03,cross_layer,True,0.6403047778117219,0.6420199589668544,0.6240183821381794,0.6600215357955294,0.0017151811551324725,0.0017151811551324725,0.65380859375,True,0.999358072411269,0.6419709418481596,0.6423396022462423,0.6423396022462423,0.6423396022462423,0.6403047778117219,0.6403047778117219,"[{""layer"":0,""component"":""z"",""positions"":[1,3,5,7],""heads"":[0],""kind"":""resample""},{""layer"":1,""component"":""z"",""positions"":[8],""heads"":[3],""kind"":""resample""}]"
2,reused,cross_resample_10,cross_layer,True,0.9100624902665488,0.9059108871302044,0.8956142095886439,0.9162075646717649,-0.0041516031363444394,0.0041516031363444394,0.92236328125,True,0.999358072411269,0.9140154199553763,0.9143869677911973,0.9143869677911973,0.9143869677911973,0.9100624902665488,0.9100624902665488,"[{""layer"":0,""component"":""z"",""positions"":[1,3,5,7],""heads"":[1],""kind"":""resample""},{""layer"":1,""component"":""z"",""positions"":[8],""heads"":[0],""kind"":""resample""}]"
2,reused,cross_resample_11,cross_layer,True,0.9586337470159516,0.9643833302300777,0.9586570895583835,0.970109570901772,0.005749583214126108,0.005749583214126108,0.97607421875,True,0.999358072411269,0.9610984908467799,0.9612533835632272,0.9612533835632272,0.9612533835632273,0.9586337470159516,0.9586337470159516,"[{""layer"":0,""component"":""z"",""positions"":[1,3,5,7],""heads"":[1],""kind"":""resample""},{""layer"":1,""component"":""z"",""positions"":[8],""heads"":[1],""kind"":""resample""}]"
2,reused,cross_resample_12,cross_layer,True,0.7789418000905947,0.7843187265856191,0.7689616443205299,0.7996758088507082,0.0053769264950244144,0.0053769264950244144,0.8017578125,True,0.999358072411269,0.7801579929728817,0.781145492493096,0.781145492493096,0.7811454924930961,0.7789418000905945,0.7789418000905945,"[{""layer"":0,""component"":""z"",""positions"":[1,3,5,7],""heads"":[1],""kind"":""resample""},{""layer"":1,""component"":""z"",""positions"":[8],""heads"":[2],""kind"":""resample""}]"
2,reused,cross_resample_13,cross_layer,True,0.6345217685867259,0.6397549527257094,0.6217722974968637,0.657737607954555,0.005233184138983438,0.005233184138983438,0.65380859375,True,0.999358072411269,0.6384062176515379,0.6400459950971772,0.6400459950971772,0.6400459950971773,0.6345217685867259,0.6345217685867259,"[{""layer"":0,""component"":""z"",""positions"":[1,3,5,7],""heads"":[1],""kind"":""resample""},{""layer"":1,""component"":""z"",""positions"":[8],""heads"":[3],""kind"":""resample""}]"
2,reused,cross_resample_20,cross_layer,True,0.9160067470711863,0.9094183357792076,0.8992834520737146,0.9195532194847006,-0.006588411291978735,0.006588411291978735,0.923828125,True,0.999358072411269,0.9183513952516478,0.9183726139693639,0.9183726139693639,0.9183726139693638,0.9160067470711863,0.9160067470711863,"[{""layer"":0,""component"":""z"",""positions"":[1,3,5,7],""heads"":[2],""kind"":""resample""},{""layer"":1,""component"":""z"",""positions"":[8],""heads"":[0],""kind"":""resample""}]"
2,reused,cross_resample_21,cross_layer,True,0.9644034743519545,0.9686470597648338,0.9634042374497681,0.9738898820798995,0.0042435854128792805,0.0042435854128792805,0.97998046875,True,0.999358072411269,0.9654344661430514,0.96544331190801,0.96544331190801,0.96544331190801,0.9644034743519545,0.9644034743519545,"[{""layer"":0,""component"":""z"",""positions"":[1,3,5,7],""heads"":[2],""kind"":""resample""},{""layer"":1,""component"":""z"",""positions"":[8],""heads"":[1],""kind"":""resample""}]"
2,reused,cross_resample_22,cross_layer,True,0.7834604391118737,0.7867754493077452,0.7714620027106849,0.8020888959048056,0.0033150101958715483,0.0033150101958715483,0.8037109375,True,0.999358072411269,0.7844939682691532,0.784550363358948,0.784550363358948,0.784550363358948,0.7834604391118737,0.7834604391118737,"[{""layer"":0,""component"":""z"",""positions"":[1,3,5,7],""heads"":[2],""kind"":""resample""},{""layer"":1,""component"":""z"",""positions"":[8],""heads"":[2],""kind"":""resample""}]"
2,reused,cross_resample_23,cross_layer,True,0.6414041589954216,0.6420109349599263,0.6239857592040814,0.6600361107157713,0.0006067759645047577,0.0006067759645047577,0.65380859375,True,0.999358072411269,0.6427421929478094,0.642835838964235,0.642835838964235,0.642835838964235,0.6414041589954216,0.6414041589954216,"[{""layer"":0,""component"":""z"",""positions"":[1,3,5,7],""heads"":[2],""kind"":""resample""},{""layer"":1,""component"":""z"",""positions"":[8],""heads"":[3],""kind"":""resample""}]"
2,reused,cross_resample_30,cross_layer,True,0.9185674745617175,0.910031711716556,0.8999186248297881,0.9201447986033238,-0.008535762845161554,0.008535762845161554,0.92529296875,True,0.999358072411269,0.9186142148896579,0.9186141988526271,0.9186141988526271,0.918614198852627,0.9185674745617175,0.9185674745617175,"[{""layer"":0,""component"":""z"",""positions"":[1,3,5,7],""heads"":[3],""kind"":""resample""},{""layer"":1,""component"":""z"",""positions"":[8],""heads"":[0],""kind"":""resample""}]"
2,reused,cross_resample_31,cross_layer,True,0.9656663500346501,0.969044543156997,0.9638965607764569,0.974192525537537,0.003378193122346884,0.003378193122346884,0.9814453125,True,0.999358072411269,0.9656972857810615,0.9656972790954641,0.9656972790954641,0.9656972790954641,0.9656663500346501,0.9656663500346501,"[{""layer"":0,""component"":""z"",""positions"":[1,3,5,7],""heads"":[3],""kind"":""resample""},{""layer"":1,""component"":""z"",""positions"":[8],""heads"":[1],""kind"":""resample""}]"
2,reused,cross_resample_32,cross_layer,True,0.7848776215394968,0.7864615650354665,0.7711579668488423,0.8017651632220907,0.0015839434959696863,0.0015839434959696863,0.8017578125,True,0.999358072411269,0.7847567879071633,0.7847567452839567,0.7847567452839567,0.7847567452839567,0.7848776215394968,0.7848776215394968,"[{""layer"":0,""component"":""z"",""positions"":[1,3,5,7],""heads"":[3],""kind"":""resample""},{""layer"":1,""component"":""z"",""positions"":[8],""heads"":[2],""kind"":""resample""}]"
2,reused,cross_resample_33,cross_layer,True,0.6431301566210327,0.6428832846793584,0.6248519345577586,0.6609146348009582,-0.00024687194167427595,0.00024687194167427595,0.65771484375,True,0.999358072411269,0.6430050125858195,0.6430049418084961,0.6430049418084961,0.6430049418084961,0.6431301566210327,0.6431301566210327,"[{""layer"":0,""component"":""z"",""positions"":[1,3,5,7],""heads"":[3],""kind"":""resample""},{""layer"":1,""component"":""z"",""positions"":[8],""heads"":[3],""kind"":""resample""}]"
3,new,clean,reference,False,0.9993346203700639,0.99932644967339,0.9993148001625655,0.9993380991842146,-8.17069667391479e-06,8.17069667391479e-06,1.0,True,0.9993346203700639,0.9993346203700639,0.9993346203700639,0.9993346203700639,0.9993346203700639,0.9993346203700639,0.9993346203700639,[]
3,new,L1_mean_h0,familiar,False,0.7090212726769582,0.7179941974883675,0.7006440547565177,0.7353443402202172,0.00897292481140921,0.00897292481140921,0.73681640625,True,0.9993346203700639,0.7090212726769582,0.7090212726769582,0.7090212726769582,0.7090212726769582,0.7090212726769582,0.7090212726769582,"[{""layer"":0,""component"":""z"",""positions"":[1,3,5,7],""heads"":[0],""kind"":""mean""}]"
3,new,L1_mean_h1,familiar,False,0.9992532844771631,0.9992499813670292,0.9992262237125483,0.9992737390215102,-3.303110133856535e-06,3.303110133856535e-06,1.0,True,0.9993346203700639,0.9992532844771631,0.9992532844771631,0.9992532844771631,0.9992532844771631,0.9992532844771631,0.9992532844771631,"[{""layer"":0,""component"":""z"",""positions"":[1,3,5,7],""heads"":[1],""kind"":""mean""}]"
3,new,L1_mean_h2,familiar,False,0.9993162848986685,0.9993153568939306,0.999304421895737,0.9993262918921242,-9.280047379434109e-07,9.280047379434109e-07,1.0,True,0.9993346203700639,0.9993162848986685,0.9993162848986685,0.9993162848986685,0.9993162848986685,0.9993162848986685,0.9993162848986685,"[{""layer"":0,""component"":""z"",""positions"":[1,3,5,7],""heads"":[2],""kind"":""mean""}]"
3,new,L1_mean_h3,familiar,False,0.9990159606095403,0.9991212072200142,0.9990654273277995,0.9991769871122289,0.00010524661047384143,0.00010524661047384143,1.0,True,0.9993346203700639,0.9990159606095403,0.9990159606095403,0.9990159606095403,0.9990159606095403,0.9990159606095403,0.9990159606095403,"[{""layer"":0,""component"":""z"",""positions"":[1,3,5,7],""heads"":[3],""kind"":""mean""}]"
3,new,L1_mean_all,familiar,False,0.19880529364988653,0.2014597813821406,0.18811726027444023,0.21480230248984097,0.002654487732254074,0.002654487732254074,0.2060546875,True,0.9993346203700639,0.19880529364988653,0.19880529364988653,0.19880529364988653,0.19880529364988653,0.19880529364988653,0.19880529364988653,"[{""layer"":0,""component"":""z"",""positions"":[1,3,5,7],""heads"":[0,1,2,3],""kind"":""mean""}]"
3,new,L1_mean_wrong_position,control,False,0.9993586722994223,0.9993685226363596,0.9993617865381046,0.9993752587346145,9.850336937233806e-06,9.850336937233806e-06,1.0,True,0.9993346203700639,0.9993586722994223,0.9993586722994223,0.9993586722994223,0.9993586722994223,0.9993586722994223,0.9993586722994223,"[{""layer"":0,""component"":""z"",""positions"":[8],""heads"":[0,1,2,3],""kind"":""mean""}]"
3,new,L1_zero_h0,familiar,False,0.612242123590593,0.6198651054551494,0.600603816967559,0.6391263939427397,0.007622981864556344,0.007622981864556344,0.63427734375,True,0.9993346203700639,0.612242123590593,0.612242123590593,0.612242123590593,0.612242123590593,0.612242123590593,0.612242123590593,"[{""layer"":0,""component"":""z"",""positions"":[1,3,5,7],""heads"":[0],""kind"":""zero""}]"
3,new,L1_zero_h1,familiar,False,0.9991787862381898,0.9991584336094093,0.9991132405702435,0.999203626648575,-2.0352628780528903e-05,2.0352628780528903e-05,1.0,True,0.9993346203700639,0.9991787862381898,0.9991787862381898,0.9991787862381898,0.9991787862381898,0.9991787862381898,0.9991787862381898,"[{""layer"":0,""component"":""z"",""positions"":[1,3,5,7],""heads"":[1],""kind"":""zero""}]"
3,new,L1_zero_h2,familiar,False,0.9993018761160783,0.9992990746395662,0.9992866065974726,0.9993115426816599,-2.801476512104273e-06,2.801476512104273e-06,1.0,True,0.9993346203700639,0.9993018761160783,0.9993018761160783,0.9993018761160783,0.9993018761160783,0.9993018761160783,0.9993018761160783,"[{""layer"":0,""component"":""z"",""positions"":[1,3,5,7],""heads"":[2],""kind"":""zero""}]"
3,new,L1_zero_h3,familiar,False,0.9979395840200596,0.9979571668081917,0.9969933191784027,0.9989210144379806,1.75827881321311e-05,1.75827881321311e-05,0.9990234375,True,0.9993346203700639,0.9979395840200596,0.9979395840200596,0.9979395840200596,0.9979395840200596,0.9979395840200596,0.9979395840200596,"[{""layer"":0,""component"":""z"",""positions"":[1,3,5,7],""heads"":[3],""kind"":""zero""}]"
3,new,L1_zero_all,familiar,False,0.2145603345832588,0.22915348867155422,0.21306004012270033,0.2452469372204081,0.014593154088295424,0.014593154088295424,0.23046875,True,0.9993346203700639,0.2145603345832588,0.2145603345832588,0.2145603345832588,0.2145603345832588,0.2145603345832588,0.2145603345832588,"[{""layer"":0,""component"":""z"",""positions"":[1,3,5,7],""heads"":[0,1,2,3],""kind"":""zero""}]"
3,new,L1_zero_wrong_position,control,False,0.999299293383956,0.9993223682977259,0.9993138376184567,0.9993308989769951,2.3074913769960403e-05,2.3074913769960403e-05,1.0,True,0.9993346203700639,0.999299293383956,0.999299293383956,0.999299293383956,0.999299293383956,0.999299293383956,0.999299293383956,"[{""layer"":0,""component"":""z"",""positions"":[8],""heads"":[0,1,2,3],""kind"":""zero""}]"
3,new,L1_resample_h0,familiar,False,0.9991116302553564,0.9984542359889019,0.9977971273640204,0.9991113446137835,-0.0006573942664545029,0.0006573942664545029,0.99951171875,True,0.9993346203700639,0.9991116302553564,0.9991116302553564,0.9991116302553564,0.9991116302553564,0.9991116302553564,0.9991116302553564,"[{""layer"":0,""component"":""z"",""positions"":[1,3,5,7],""heads"":[0],""kind"":""resample""}]"
3,new,L1_resample_h1,familiar,False,0.9993294773739763,0.9993153952236753,0.9992983201462409,0.9993324703011097,-1.4082150300964713e-05,1.4082150300964713e-05,1.0,True,0.9993346203700639,0.9993294773739763,0.9993294773739763,0.9993294773739763,0.9993294773739763,0.9993294773739763,0.9993294773739763,"[{""layer"":0,""component"":""z"",""positions"":[1,3,5,7],""heads"":[1],""kind"":""resample""}]"
3,new,L1_resample_h2,familiar,False,0.9993257593014278,0.9993219638126902,0.999312113296494,0.9993318143288864,-3.7954887375235558e-06,3.7954887375235558e-06,1.0,True,0.9993346203700639,0.9993257593014278,0.9993257593014278,0.9993257593014278,0.9993257593014278,0.9993257593014278,0.9993257593014278,"[{""layer"":0,""component"":""z"",""positions"":[1,3,5,7],""heads"":[2],""kind"":""resample""}]"
3,new,L1_resample_h3,familiar,False,0.9993090389762074,0.9992817867314443,0.9992379264379806,0.999325647024908,-2.7252244763076305e-05,2.7252244763076305e-05,1.0,True,0.9993346203700639,0.9993090389762074,0.9993090389762074,0.9993090389762074,0.9993090389762074,0.9993090389762074,0.9993090389762074,"[{""layer"":0,""component"":""z"",""positions"":[1,3,5,7],""heads"":[3],""kind"":""resample""}]"
3,new,L1_resample_all,familiar,False,0.999320991220884,0.9993038645479828,0.9992682303953391,0.9993394987006265,-1.712667290121317e-05,1.712667290121317e-05,1.0,True,0.9993346203700639,0.999320991220884,0.999320991220884,0.999320991220884,0.999320991220884,0.999320991220884,0.999320991220884,"[{""layer"":0,""component"":""z"",""positions"":[1,3,5,7],""heads"":[0,1,2,3],""kind"":""resample""}]"
3,new,L1_resample_wrong_position,control,False,0.9992240994470194,0.9992782191256993,0.9992679096255722,0.9992885286258263,5.411967867985368e-05,5.411967867985368e-05,1.0,True,0.9993346203700639,0.9992240994470194,0.9992240994470194,0.9992240994470194,0.9992240994470194,0.9992240994470194,0.9992240994470194,"[{""layer"":0,""component"":""z"",""positions"":[8],""heads"":[0,1,2,3],""kind"":""resample""}]"
3,new,L1_matched_h0,control,False,0.9991115118027665,0.9984851725166664,0.997805990305573,0.9991643547277597,-0.0006263392861001194,0.0006263392861001194,0.99951171875,True,0.9993346203700639,0.9991115118027665,0.9991115118027665,0.9991115118027665,0.9991115118027665,0.9991115118027665,0.9991115118027665,"[{""layer"":0,""component"":""z"",""positions"":[1,3,5,7],""heads"":[0],""kind"":""resample"",""donor"":""matched_donor_tokens""}]"
3,new,L1_matched_h1,control,False,0.9993298486224376,0.9993172933463939,0.9993018392572028,0.9993327474355849,-1.2555276043713093e-05,1.2555276043713093e-05,1.0,True,0.9993346203700639,0.9993298486224376,0.9993298486224376,0.9993298486224376,0.9993298486224376,0.9993298486224376,0.9993298486224376,"[{""layer"":0,""component"":""z"",""positions"":[1,3,5,7],""heads"":[1],""kind"":""resample"",""donor"":""matched_donor_tokens""}]"
3,new,L1_matched_h2,control,False,0.9993266145465896,0.999324057076592,0.999314202198346,0.999333911954838,-2.5574699975550175e-06,2.5574699975550175e-06,1.0,True,0.9993346203700639,0.9993266145465896,0.9993266145465896,0.9993266145465896,0.9993266145465896,0.9993266145465896,0.9993266145465896,"[{""layer"":0,""component"":""z"",""positions"":[1,3,5,7],""heads"":[2],""kind"":""resample"",""donor"":""matched_donor_tokens""}]"
3,new,L1_matched_h3,control,False,0.9993100306601264,0.999286155012669,0.9992472556536995,0.9993250543716385,-2.3875647457316518e-05,2.3875647457316518e-05,1.0,True,0.9993346203700639,0.9993100306601264,0.9993100306601264,0.9993100306601264,0.9993100306601264,0.9993100306601264,0.9993100306601264,"[{""layer"":0,""component"":""z"",""positions"":[1,3,5,7],""heads"":[3],""kind"":""resample"",""donor"":""matched_donor_tokens""}]"
3,new,L1_matched_all,control,False,0.9993224238278344,0.9993221738841385,0.9993083767037471,0.9993359710645299,-2.4994369596242905e-07,2.4994369596242905e-07,1.0,True,0.9993346203700639,0.9993224238278344,0.9993224238278344,0.9993224238278344,0.9993224238278344,0.9993224238278344,0.9993224238278344,"[{""layer"":0,""component"":""z"",""positions"":[1,3,5,7],""heads"":[0,1,2,3],""kind"":""resample"",""donor"":""matched_donor_tokens""}]"
3,new,L1_noop,control,False,0.9993346203700639,0.99932644967339,0.9993148001625655,0.9993380991842146,-8.17069667391479e-06,8.17069667391479e-06,1.0,True,0.9993346203700639,0.9993346203700639,0.9993346203700639,0.9993346203700639,0.9993346203700639,0.9993346203700639,0.9993346203700639,"[{""layer"":0,""component"":""z"",""positions"":[1,3,5,7],""heads"":[0,1,2,3],""kind"":""noop""}]"
3,new,L1_mlp_zero,control,False,0.9753908600921477,0.9745103193421016,0.96889851604386,0.9801221226403433,-0.000880540750046066,0.000880540750046066,0.978515625,True,0.9993346203700639,0.9753908600921477,0.9753908600921477,0.9753908600921477,0.9753908600921477,0.9753908600921477,0.9753908600921477,"[{""layer"":0,""component"":""mlp_out"",""positions"":[1,3,5,7],""kind"":""zero""}]"
3,new,L1_mlp_mean,control,False,0.9948774372278422,0.9929587204140056,0.9900765626205381,0.995840878207473,-0.0019187168138365962,0.0019187168138365962,0.99462890625,True,0.9993346203700639,0.9948774372278422,0.9948774372278422,0.9948774372278422,0.9948774372278422,0.9948774372278422,0.9948774372278422,"[{""layer"":0,""component"":""mlp_out"",""positions"":[1,3,5,7],""kind"":""mean""}]"
3,new,L2_mean_h0,familiar,False,0.983317077945685,0.9825900334908511,0.9785547593862114,0.9866253075954907,-0.0007270444548339583,0.0007270444548339583,0.99072265625,True,0.9993346203700639,0.983317077945685,0.983317077945685,0.983317077945685,0.983317077945685,0.983317077945685,0.983317077945685,"[{""layer"":1,""component"":""z"",""positions"":[8],""heads"":[0],""kind"":""mean""}]"
3,new,L2_mean_h1,familiar,False,0.9577125236173742,0.9539415409089997,0.9470467674491736,0.9608363143688259,-0.003770982708374504,0.003770982708374504,0.96875,True,0.9993346203700639,0.9577125236173742,0.9577125236173742,0.9577125236173742,0.9577125236173742,0.9577125236173742,0.9577125236173742,"[{""layer"":1,""component"":""z"",""positions"":[8],""heads"":[1],""kind"":""mean""}]"
3,new,L2_mean_h2,familiar,False,0.9618249836712494,0.9572165175413829,0.9522233740348862,0.9622096610478796,-0.004608466129866429,0.004608466129866429,0.990234375,True,0.9993346203700639,0.9618249836712494,0.9618249836712494,0.9618249836712494,0.9618249836712494,0.9618249836712494,0.9618249836712494,"[{""layer"":1,""component"":""z"",""positions"":[8],""heads"":[2],""kind"":""mean""}]"
3,new,L2_mean_h3,familiar,False,0.952216000101771,0.9569619166786651,0.9496442586663412,0.9642795746909891,0.00474591657689416,0.00474591657689416,0.96142578125,True,0.9993346203700639,0.952216000101771,0.952216000101771,0.952216000101771,0.952216000101771,0.952216000101771,0.952216000101771,"[{""layer"":1,""component"":""z"",""positions"":[8],""heads"":[3],""kind"":""mean""}]"
3,new,L2_mean_all,familiar,False,0.11327639468623829,0.1123707915241905,0.10338621963739458,0.1213553634109864,-0.0009056031620477967,0.0009056031620477967,0.1240234375,True,0.9993346203700639,0.11327639468623829,0.11327639468623829,0.11327639468623829,0.11327639468623829,0.11327639468623829,0.11327639468623829,"[{""layer"":1,""component"":""z"",""positions"":[8],""heads"":[0,1,2,3],""kind"":""mean""}]"
3,new,L2_mean_wrong_position,control,False,0.9993346203700639,0.99932644967339,0.9993148001625655,0.9993380991842146,-8.17069667391479e-06,8.17069667391479e-06,1.0,True,0.9993346203700639,0.9993346203700639,0.9993346203700639,0.9993346203700639,0.9993346203700639,0.9993346203700639,0.9993346203700639,"[{""layer"":1,""component"":""z"",""positions"":[1,3,5,7],""heads"":[0,1,2,3],""kind"":""mean""}]"
3,new,L2_zero_h0,familiar,False,0.9810727225922165,0.9801419973773591,0.9756771615299052,0.9846068332248129,-0.0009307252148573752,0.0009307252148573752,0.98876953125,True,0.9993346203700639,0.9810727225922165,0.9810727225922165,0.9810727225922165,0.9810727225922165,0.9810727225922165,0.9810727225922165,"[{""layer"":1,""component"":""z"",""positions"":[8],""heads"":[0],""kind"":""zero""}]"
3,new,L2_zero_h1,familiar,False,0.9433587740895746,0.9418605912983367,0.9331747753975422,0.9505464071991311,-0.001498182791237923,0.001498182791237923,0.94921875,True,0.9993346203700639,0.9433587740895746,0.9433587740895746,0.9433587740895746,0.9433587740895746,0.9433587740895746,0.9433587740895746,"[{""layer"":1,""component"":""z"",""positions"":[8],""heads"":[1],""kind"":""zero""}]"
3,new,L2_zero_h2,familiar,False,0.9643114570135367,0.9589310982883035,0.9539861201806661,0.9638760763959409,-0.005380358725233236,0.005380358725233236,0.98876953125,True,0.9993346203700639,0.9643114570135367,0.9643114570135367,0.9643114570135367,0.9643114570135367,0.9643114570135367,0.9643114570135367,"[{""layer"":1,""component"":""z"",""positions"":[8],""heads"":[2],""kind"":""zero""}]"
3,new,L2_zero_h3,familiar,False,0.9463371654660477,0.9509592251931736,0.9428644500788459,0.9590540003075012,0.004622059727125816,0.004622059727125816,0.95654296875,True,0.9993346203700639,0.9463371654660477,0.9463371654660477,0.9463371654660477,0.9463371654660477,0.9463371654660477,0.9463371654660477,"[{""layer"":1,""component"":""z"",""positions"":[8],""heads"":[3],""kind"":""zero""}]"
3,new,L2_zero_all,familiar,False,0.11106405888699733,0.11564056766551811,0.10658838178404226,0.12469275354699397,0.0045765087785207825,0.0045765087785207825,0.119140625,True,0.9993346203700639,0.11106405888699733,0.11106405888699733,0.11106405888699733,0.11106405888699733,0.11106405888699733,0.11106405888699733,"[{""layer"":1,""component"":""z"",""positions"":[8],""heads"":[0,1,2,3],""kind"":""zero""}]"
3,new,L2_zero_wrong_position,control,False,0.9993346203700639,0.99932644967339,0.9993148001625655,0.9993380991842146,-8.17069667391479e-06,8.17069667391479e-06,1.0,True,0.9993346203700639,0.9993346203700639,0.9993346203700639,0.9993346203700639,0.9993346203700639,0.9993346203700639,0.9993346203700639,"[{""layer"":1,""component"":""z"",""positions"":[1,3,5,7],""heads"":[0,1,2,3],""kind"":""zero""}]"
3,new,L2_resample_h0,familiar,False,0.9183514031057349,0.9165552544806124,0.9069386882184679,0.9261718207427568,-0.0017961486251225622,0.0017961486251225622,0.93408203125,True,0.9993346203700639,0.9183514031057349,0.9183514031057349,0.9183514031057349,0.9183514031057349,0.9183514031057349,0.9183514031057349,"[{""layer"":1,""component"":""z"",""positions"":[8],""heads"":[0],""kind"":""resample""}]"
3,new,L2_resample_h1,familiar,False,0.8713625177301054,0.8669340164870842,0.8544966468589718,0.8793713861151967,-0.004428501243021188,0.004428501243021188,0.87841796875,True,0.9993346203700639,0.8713625177301054,0.8713625177301054,0.8713625177301054,0.8713625177301054,0.8713625177301054,0.8713625177301054,"[{""layer"":1,""component"":""z"",""positions"":[8],""heads"":[1],""kind"":""resample""}]"
3,new,L2_resample_h2,familiar,False,0.7622785802302587,0.758064165337057,0.7421118566784993,0.7740164739956147,-0.0042144148932017345,0.0042144148932017345,0.7802734375,True,0.9993346203700639,0.7622785802302587,0.7622785802302587,0.7622785802302587,0.7622785802302587,0.7622785802302587,0.7622785802302587,"[{""layer"":1,""component"":""z"",""positions"":[8],""heads"":[2],""kind"":""resample""}]"
3,new,L2_resample_h3,familiar,False,0.8830541251481296,0.8795236881763548,0.8673322260821535,0.8917151502705561,-0.0035304369717747974,0.0035304369717747974,0.8798828125,True,0.9993346203700639,0.8830541251481296,0.8830541251481296,0.8830541251481296,0.8830541251481296,0.8830541251481296,0.8830541251481296,"[{""layer"":1,""component"":""z"",""positions"":[8],""heads"":[3],""kind"":""resample""}]"
3,new,L2_resample_all,familiar,False,6.569660757463347e-05,6.850571937615235e-05,6.48185997678409e-05,7.21928389844638e-05,2.809111801518882e-06,2.809111801518882e-06,0.0,True,0.9993346203700639,6.569660757463347e-05,6.569660757463347e-05,6.569660757463347e-05,6.569660757463347e-05,6.569660757463347e-05,6.569660757463347e-05,"[{""layer"":1,""component"":""z"",""positions"":[8],""heads"":[0,1,2,3],""kind"":""resample""}]"
3,new,L2_resample_wrong_position,control,False,0.9993346203700639,0.99932644967339,0.9993148001625655,0.9993380991842146,-8.17069667391479e-06,8.17069667391479e-06,1.0,True,0.9993346203700639,0.9993346203700639,0.9993346203700639,0.9993346203700639,0.9993346203700639,0.9993346203700639,0.9993346203700639,"[{""layer"":1,""component"":""z"",""positions"":[1,3,5,7],""heads"":[0,1,2,3],""kind"":""resample""}]"
3,new,L2_matched_h0,control,False,0.999341961927712,0.9993382315151393,0.9993274768598372,0.9993489861704414,-3.730412572622299e-06,3.730412572622299e-06,1.0,True,0.9993346203700639,0.999341961927712,0.999341961927712,0.999341961927712,0.999341961927712,0.999341961927712,0.999341961927712,"[{""layer"":1,""component"":""z"",""positions"":[8],""heads"":[0],""kind"":""resample"",""donor"":""matched_donor_tokens""}]"
3,new,L2_matched_h1,control,False,0.9993440432008356,0.9993372017343063,0.9993273045804995,0.9993470988881131,-6.8414665292948484e-06,6.8414665292948484e-06,1.0,True,0.9993346203700639,0.9993440432008356,0.9993440432008356,0.9993440432008356,0.9993440432008356,0.9993440432008356,0.9993440432008356,"[{""layer"":1,""component"":""z"",""positions"":[8],""heads"":[1],""kind"":""resample"",""donor"":""matched_donor_tokens""}]"
3,new,L2_matched_h2,control,False,0.9993450666079298,0.9993379452789668,0.9993273150162854,0.9993485755416482,-7.1213289629668e-06,7.1213289629668e-06,1.0,True,0.9993346203700639,0.9993450666079298,0.9993450666079298,0.9993450666079298,0.9993450666079298,0.9993450666079298,0.9993450666079298,"[{""layer"":1,""component"":""z"",""positions"":[8],""heads"":[2],""kind"":""resample"",""donor"":""matched_donor_tokens""}]"
3,new,L2_matched_h3,control,False,0.9993452492635697,0.9993398195074406,0.9993323524118894,0.9993472866029917,-5.429756129160523e-06,5.429756129160523e-06,1.0,True,0.9993346203700639,0.9993452492635697,0.9993452492635697,0.9993452492635697,0.9993452492635697,0.9993452492635697,0.9993452492635697,"[{""layer"":1,""component"":""z"",""positions"":[8],""heads"":[3],""kind"":""resample"",""donor"":""matched_donor_tokens""}]"
3,new,L2_matched_all,control,False,0.9993514611269347,0.999350438156398,0.9993434896066432,0.9993573867061528,-1.022970536723733e-06,1.022970536723733e-06,1.0,True,0.9993346203700639,0.9993514611269347,0.9993514611269347,0.9993514611269347,0.9993514611269347,0.9993514611269347,0.9993514611269347,"[{""layer"":1,""component"":""z"",""positions"":[8],""heads"":[0,1,2,3],""kind"":""resample"",""donor"":""matched_donor_tokens""}]"
3,new,L2_noop,control,False,0.9993346203700639,0.99932644967339,0.9993148001625655,0.9993380991842146,-8.17069667391479e-06,8.17069667391479e-06,1.0,True,0.9993346203700639,0.9993346203700639,0.9993346203700639,0.9993346203700639,0.9993346203700639,0.9993346203700639,0.9993346203700639,"[{""layer"":1,""component"":""z"",""positions"":[8],""heads"":[0,1,2,3],""kind"":""noop""}]"
3,new,L2_mlp_zero,control,False,0.9942919239983894,0.9941589962982107,0.9935553977436129,0.9947625948528085,-0.0001329277001786977,0.0001329277001786977,1.0,True,0.9993346203700639,0.9942919239983894,0.9942919239983894,0.9942919239983894,0.9942919239983894,0.9942919239983894,0.9942919239983894,"[{""layer"":1,""component"":""mlp_out"",""positions"":[8],""kind"":""zero""}]"
3,new,L2_mlp_mean,control,False,0.9939603827078827,0.9938767241255846,0.993119163569827,0.9946342846813422,-8.36585822980851e-05,8.36585822980851e-05,1.0,True,0.9993346203700639,0.9939603827078827,0.9939603827078827,0.9939603827078827,0.9939603827078827,0.9939603827078827,0.9939603827078827,"[{""layer"":1,""component"":""mlp_out"",""positions"":[8],""kind"":""mean""}]"
3,new,L1_mean_pair01,pair,True,0.6259906099303286,0.5465967875473547,0.5278454977516281,0.5653480773430813,-0.07939382238297388,0.07939382238297388,0.57080078125,True,0.9993346203700639,0.7089399367840574,0.7089635654014137,0.635693283601336,0.903084692146664,0.7044775704093664,0.7732823661696702,"[{""layer"":0,""component"":""z"",""positions"":[1,3,5,7],""heads"":[0,1],""kind"":""mean""}]"
3,new,L1_mean_pair02,pair,True,0.6969372638310842,0.6735832412287968,0.6556332092853581,0.6915332731722355,-0.023354022602287472,0.023354022602287472,0.6943359375,True,0.9993346203700639,0.7090029372055628,0.7090082637818406,0.6357142837418378,0.9056277142344581,0.7080151753424213,0.7748078768038387,"[{""layer"":0,""component"":""z"",""positions"":[1,3,5,7],""heads"":[0,2],""kind"":""mean""}]"
3,new,L1_mean_pair03,pair,True,0.40634120217463676,0.5592252359719572,0.5407471308883168,0.5777033410555975,0.1528840337973204,0.1528840337973204,0.5888671875,False,0.9993346203700639,0.7087026129164347,0.708795185694328,0.6356141756454617,0.8947217376460133,0.7013142841009108,0.7712889865079315,"[{""layer"":0,""component"":""z"",""positions"":[1,3,5,7],""heads"":[0,3],""kind"":""mean""}]"
3,new,L1_mean_pair12,pair,True,0.9992168437153758,0.999192685005255,0.9991515048660962,0.9992338651444139,-2.4158710120736338e-05,2.4158710120736338e-05,1.0,True,0.9993346203700639,0.9992349490057677,0.9992349504980925,0.7324582876752395,0.9874349999858184,0.9992204962650959,0.9599205347439078,"[{""layer"":0,""component"":""z"",""positions"":[1,3,5,7],""heads"":[1,2],""kind"":""mean""}]"
3,new,L1_mean_pair13,pair,True,0.9986789065045985,0.9973847765068058,0.9967580066472029,0.9980115463664087,-0.001294129997792659,0.001294129997792659,1.0,True,0.9993346203700639,0.9989346247166395,0.9989346506523727,0.7323581795788634,0.9858350778077528,0.9987244620358013,0.9582358506735457,"[{""layer"":0,""component"":""z"",""positions"":[1,3,5,7],""heads"":[1,3],""kind"":""mean""}]"
3,new,L1_mean_pair23,pair,True,0.9989373929511944,0.9989084649423603,0.9987757321637274,0.9990411977209932,-2.8928008834139263e-05,2.8928008834139263e-05,1.0,True,0.9993346203700639,0.9989976251381449,0.9989976309848121,0.7323791797193652,0.9862398445168015,0.9989465469201745,0.9589819207353116,"[{""layer"":0,""component"":""z"",""positions"":[1,3,5,7],""heads"":[2,3],""kind"":""mean""}]"
3,new,L1_mean_rescue0,triple_rescue,True,0.9985433751289559,0.9933698055465356,0.9914066813420308,0.9953329297510405,-0.005173569582420212,0.005173569582420212,0.9970703125,True,0.9993346203700639,0.9989162892452441,0.9989163225194935,0.4656019213205213,0.809939538199706,0.9986075649471269,0.5181692309966002,"[{""layer"":0,""component"":""z"",""positions"":[1,3,5,7],""heads"":[0],""kind"":""rescue"",""corruption"":""mean""}]"
3,new,L1_mean_rescue1,triple_rescue,True,0.35479417611250796,0.4846574969578401,0.46635308191375097,0.5029619120019292,0.12986332084533214,0.12986332084533214,0.5146484375,False,0.9993346203700639,0.7086842774450393,0.7087821809473819,0.4333539200093874,0.6788908238182791,0.7002280178317969,0.4546479180441626,"[{""layer"":0,""component"":""z"",""positions"":[1,3,5,7],""heads"":[1],""kind"":""rescue"",""corruption"":""mean""}]"
3,new,L1_mean_rescue2,triple_rescue,True,0.22604832310748246,0.29107069128418517,0.2751969801023356,0.3069444024660347,0.0650223681767027,0.0650223681767027,0.30322265625,True,0.9993346203700639,0.7086212770235338,0.708737496820014,0.4333469199625535,0.6767505616122261,0.6961362406233333,0.4538956342839289,"[{""layer"":0,""component"":""z"",""positions"":[1,3,5,7],""heads"":[2],""kind"":""rescue"",""corruption"":""mean""}]"
3,new,L1_mean_rescue3,triple_rescue,True,0.5882839389325638,0.48561484919136677,0.46701339745468545,0.5042163009280481,-0.10266908974119704,0.10266908974119704,0.50830078125,False,0.9993346203700639,0.708921601312662,0.7089505575650905,0.43338028932801215,0.6855443543884261,0.7032717903952401,0.45557511592535027,"[{""layer"":0,""component"":""z"",""positions"":[1,3,5,7],""heads"":[3],""kind"":""rescue"",""corruption"":""mean""}]"
3,new,L1_zero_pair01,pair,True,0.4945472386902575,0.4635848718958563,0.44399427420337717,0.4831754695883354,-0.03096236679440123,0.03096236679440123,0.48193359375,True,0.9993346203700639,0.6120862894587189,0.6121466518458123,0.608660414804014,0.8896986395740673,0.6052764892039177,0.6557942398057427,"[{""layer"":0,""component"":""z"",""positions"":[1,3,5,7],""heads"":[0,1],""kind"":""zero""}]"
3,new,L1_zero_pair02,pair,True,0.592565100573059,0.5747656131632185,0.5551840963251419,0.5943471300012951,-0.017799487409840498,0.017799487409840498,0.587890625,True,0.9993346203700639,0.6122093793366075,0.6122220628309767,0.6087014447633101,0.8949034662437372,0.6105064216895122,0.6595498572694539,"[{""layer"":0,""component"":""z"",""positions"":[1,3,5,7],""heads"":[0,2],""kind"":""zero""}]"
3,new,L1_zero_pair03,pair,True,0.3531152654262912,0.46179400190154896,0.44234839513758567,0.48123960866551224,0.10867873647525778,0.10867873647525778,0.47705078125,False,0.9993346203700639,0.6108470872405887,0.6113874548940392,0.6082473473979706,0.8557741837837726,0.601848556073548,0.6528768699563832,"[{""layer"":0,""component"":""z"",""positions"":[1,3,5,7],""heads"":[0,3],""kind"":""zero""}]"
3,new,L1_zero_pair12,pair,True,0.9991192965501058,0.9989495319314301,0.9988418330197701,0.9990572308430901,-0.00016976461867568293,0.00016976461867568293,1.0,True,0.9993346203700639,0.9991460419842042,0.9991460470902741,0.7376803323125091,0.9873523579049015,0.9991253889285128,0.9329099501913843,"[{""layer"":0,""component"":""z"",""positions"":[1,3,5,7],""heads"":[1,2],""kind"":""zero""}]"
3,new,L1_zero_pair13,pair,True,0.9970264219647251,0.9810861145032987,0.9767223950156354,0.9854498339909621,-0.015940307461426384,0.015940307461426384,0.98681640625,True,0.9993346203700639,0.9977837498881854,0.99778396742721,0.7372262349471694,0.9819491351799997,0.9970931522214004,0.9281214994616989,"[{""layer"":0,""component"":""z"",""positions"":[1,3,5,7],""heads"":[1,3],""kind"":""zero""}]"
3,new,L1_zero_pair23,pair,True,0.9977247077324025,0.9965366478754731,0.9951040305940961,0.9979692651568501,-0.0011880598569293799,0.0011880598569293799,0.99853515625,True,0.9993346203700639,0.997906839766074,0.997906885475913,0.7372672649064657,0.9828846480740987,0.9977359490920326,0.9305477110865925,"[{""layer"":0,""component"":""z"",""positions"":[1,3,5,7],""heads"":[2,3],""kind"":""zero""}]"
3,new,L1_zero_rescue0,triple_rescue,True,0.9966631700656653,0.9636452050159043,0.9570072453961862,0.9702831646356225,-0.033017965049760956,0.033017965049760956,0.96875,True,0.9993346203700639,0.9977510056341998,0.9977512739820055,0.47597580598598677,0.8051151862494588,0.9967652211410878,0.4207603972735299,"[{""layer"":0,""component"":""z"",""positions"":[1,3,5,7],""heads"":[0],""kind"":""rescue"",""corruption"":""zero""}]"
3,new,L1_zero_rescue1,triple_rescue,True,0.3094963625705539,0.4066470834171789,0.3875984592455977,0.42569570758876013,0.09715072084662502,0.09715072084662502,0.42041015625,True,0.9993346203700639,0.6108143429866031,0.6113674221385452,0.4329828434695871,0.663739470776067,0.5998059231983466,0.36668011179592486,"[{""layer"":0,""component"":""z"",""positions"":[1,3,5,7],""heads"":[1],""kind"":""rescue"",""corruption"":""zero""}]"
3,new,L1_zero_rescue2,triple_rescue,True,0.23229522361599497,0.27471375147211297,0.2575556952225146,0.29187180772171134,0.042418527856117993,0.042418527856117993,0.283203125,True,0.9993346203700639,0.6106912531087145,0.6112921164244914,0.43296916681648834,0.659697572641791,0.5942925352818049,0.36591050861876667,"[{""layer"":0,""component"":""z"",""positions"":[1,3,5,7],""heads"":[2],""kind"":""rescue"",""corruption"":""zero""}]"
3,new,L1_zero_rescue3,triple_rescue,True,0.44060285904279933,0.4138443761816362,0.39464482066569234,0.4330439316975801,-0.026758482861163113,0.026758482861163113,0.431640625,True,0.9993346203700639,0.6120535452047333,0.6121265942144285,0.4331205326049349,0.6861864172185329,0.6034168095351832,0.367111762769195,"[{""layer"":0,""component"":""z"",""positions"":[1,3,5,7],""heads"":[3],""kind"":""rescue"",""corruption"":""zero""}]"
3,new,L1_resample_pair01,pair,True,0.9991404191460798,0.9990452074271161,0.9988482192663927,0.9992421955878396,-9.521171896365033e-05,9.521171896365033e-05,1.0,True,0.9993346203700639,0.9991064872592688,0.9991064884068697,0.9992540329500723,0.9992604566162898,0.9991086883029591,0.9993059476598051,"[{""layer"":0,""component"":""z"",""positions"":[1,3,5,7],""heads"":[0,1],""kind"":""resample""}]"
3,new,L1_resample_pair02,pair,True,0.9992070232756028,0.9988567644613795,0.9984693339086442,0.9992441950141148,-0.0003502588142233476,0.0003502588142233476,1.0,True,0.9993346203700639,0.9991027691867203,0.9991027711639666,0.9992527935925561,0.9992590922960871,0.999012329418546,0.9993003849705833,"[{""layer"":0,""component"":""z"",""positions"":[1,3,5,7],""heads"":[0,2],""kind"":""resample""}]"
3,new,L1_resample_pair03,pair,True,0.9992859188936644,0.9992964403354563,0.9992696295649978,0.9993232511059148,1.0521441791921937e-05,1.0521441791921937e-05,1.0,True,0.9993346203700639,0.9990860488614999,0.999086054569696,0.999247220150816,0.9992530180835674,0.9990392627069827,0.9993005737990917,"[{""layer"":0,""component"":""z"",""positions"":[1,3,5,7],""heads"":[0,3],""kind"":""resample""}]"
3,new,L1_resample_pair12,pair,True,0.9993201959224034,0.9992949141014833,0.9992679999931341,0.9993218282098325,-2.5281820920097786e-05,2.5281820920097786e-05,1.0,True,0.9993346203700639,0.9993206163053401,0.9993206163509429,0.9993254092987628,0.9993254182297486,0.9993197382452631,0.9993314967758264,"[{""layer"":0,""component"":""z"",""positions"":[1,3,5,7],""heads"":[1,2],""kind"":""resample""}]"
3,new,L1_resample_pair13,pair,True,0.9993056296796698,0.9987212643754901,0.9978369455654096,0.9996055831855707,-0.0005843653041797126,0.0005843653041797126,0.99951171875,True,0.9993346203700639,0.9993038959801197,0.9993038961117723,0.9993198358570227,0.9993198874096231,0.9993044852265685,0.9993303169163056,"[{""layer"":0,""component"":""z"",""positions"":[1,3,5,7],""heads"":[1,3],""kind"":""resample""}]"
3,new,L1_resample_pair23,pair,True,0.9992994466093219,0.9992519567895215,0.9991963309402618,0.9993075826387812,-4.74898198004059e-05,4.74898198004059e-05,1.0,True,0.9993346203700639,0.9993001779075712,0.9993001781344005,0.9993185964995065,0.9993186326534379,0.9992910489015713,0.9993273128847363,"[{""layer"":0,""component"":""z"",""positions"":[1,3,5,7],""heads"":[2,3],""kind"":""resample""}]"
3,new,L1_resample_rescue0,triple_rescue,True,0.9992971037384346,0.99845686718254,0.997512098821704,0.999401635543376,-0.0008402365558946023,0.0008402365558946023,0.99951171875,True,0.9993346203700639,0.9992950349114835,0.9992950353155672,0.999321135886324,0.9993211552168636,0.9992863969971211,0.9993278483624726,"[{""layer"":0,""component"":""z"",""positions"":[1,3,5,7],""heads"":[0],""kind"":""rescue"",""corruption"":""resample""}]"
3,new,L1_resample_rescue1,triple_rescue,True,0.9993122340043245,0.9993090411298908,0.9992912910871129,0.9993267911726688,-3.1928744336218173e-06,3.1928744336218173e-06,1.0,True,0.9993346203700639,0.9990771877928637,0.9990771957050849,0.9992969306509218,0.9992995982411054,0.9988606617079995,0.999318633363532,"[{""layer"":0,""component"":""z"",""positions"":[1,3,5,7],""heads"":[1],""kind"":""rescue"",""corruption"":""resample""}]"
3,new,L1_resample_rescue2,triple_rescue,True,0.9992957656116956,0.9992993823543657,0.999259447926485,0.9993393167822463,3.616742670020656e-06,3.616742670020656e-06,1.0,True,0.9993346203700639,0.9990809058654122,0.9990809128528324,0.9992973437700938,0.9993000284331078,0.999040814502687,0.9993201886315422,"[{""layer"":0,""component"":""z"",""positions"":[1,3,5,7],""heads"":[2],""kind"":""rescue"",""corruption"":""resample""}]"
3,new,L1_resample_rescue3,triple_rescue,True,0.9992295422263084,0.9991503110795747,0.9990334745195164,0.9992671476396331,-7.923114673369369e-05,7.923114673369369e-05,1.0,True,0.9993346203700639,0.9990976261906326,0.9990976293610725,0.9992992015840072,0.9993019309978991,0.9990168276527032,0.9993202321836331,"[{""layer"":0,""component"":""z"",""positions"":[1,3,5,7],""heads"":[3],""kind"":""rescue"",""corruption"":""resample""}]"
3,new,L2_mean_pair01,pair,True,0.9205894371721797,0.9125504721974522,0.902396679143465,0.9227042652514394,-0.008038964974727447,0.008038964974727447,0.9375,True,0.9993346203700639,0.9416949811929953,0.9423621087866346,0.6847686654164326,0.847220688118915,0.9370376116294512,0.913796990015783,"[{""layer"":1,""component"":""z"",""positions"":[8],""heads"":[0,1],""kind"":""mean""}]"
3,new,L2_mean_pair02,pair,True,0.8942837020781921,0.8243281869430916,0.8122709277939716,0.8363854460922117,-0.06995551513510045,0.06995551513510045,0.88623046875,True,0.9993346203700639,0.9458074412468704,0.9464086534783889,0.686139485434391,0.8517632879400597,0.9378526327889928,0.9070805703650373,"[{""layer"":1,""component"":""z"",""positions"":[8],""heads"":[0,2],""kind"":""mean""}]"
3,new,L2_mean_pair03,pair,True,0.9213146657668734,0.8979777760700927,0.8875880513040371,0.9083675008361483,-0.023336889696780716,0.023336889696780716,0.93212890625,True,0.9993346203700639,0.9361984576773921,0.9369536846891874,0.6829364909112314,0.8416177959559947,0.9340168099242615,0.9101496763041252,"[{""layer"":1,""component"":""z"",""positions"":[8],""heads"":[0,3],""kind"":""mean""}]"
3,new,L2_mean_pair12,pair,True,0.8434304832876602,0.8729058538856407,0.8628311803198079,0.8829805274514735,0.029475370597980444,0.029475370597980444,0.9296875,True,0.9993346203700639,0.9202028869185597,0.9217651561485182,0.6776046339916206,0.8068496526616351,0.914571506233502,0.8957846082075014,"[{""layer"":1,""component"":""z"",""positions"":[8],""heads"":[1,2],""kind"":""mean""}]"
3,new,L2_mean_pair13,pair,True,0.8652175473615973,0.7891216450503862,0.7729917835065144,0.8052515065942579,-0.0760959023112111,0.0760959023112111,0.7998046875,True,0.9993346203700639,0.9105939033490813,0.9125563849160002,0.6744016394684612,0.7943723123487517,0.8945200584173136,0.8929426176266352,"[{""layer"":1,""component"":""z"",""positions"":[8],""heads"":[1,3],""kind"":""mean""}]"
3,new,L2_mean_pair23,pair,True,0.8447183683398892,0.8718831316292608,0.861039031272489,0.8827272319860325,0.027164763289371563,0.027164763289371563,0.91259765625,True,0.9993346203700639,0.9147063634029564,0.9164749425074796,0.6757724594864196,0.8001155303865457,0.9052769937917535,0.8913667424377774,"[{""layer"":1,""component"":""z"",""positions"":[8],""heads"":[2,3],""kind"":""mean""}]"
3,new,L2_mean_rescue0,triple_rescue,True,0.4232777252718044,0.6226067457438482,0.6046684451457132,0.6405450463419833,0.19932902047204382,0.19932902047204382,0.66796875,False,0.9993346203700639,0.8730842666502667,0.8783039355685464,0.3946013195008694,0.4172296898881839,0.8406453437323737,0.4094947052442591,"[{""layer"":1,""component"":""z"",""positions"":[8],""heads"":[0],""kind"":""rescue"",""corruption"":""mean""}]"
3,new,L2_mean_rescue1,triple_rescue,True,0.5544264399865156,0.48305118832659844,0.46607899750687004,0.5000233791463269,-0.0713752516599172,0.0713752516599172,0.5546875,True,0.9993346203700639,0.8986888209785775,0.901785492173959,0.3974462699817928,0.44327534822490783,0.87670317877458,0.415238226134794,"[{""layer"":1,""component"":""z"",""positions"":[8],""heads"":[1],""kind"":""rescue"",""corruption"":""mean""}]"
3,new,L2_mean_rescue2,triple_rescue,True,0.7262748652281769,0.6743692258985163,0.6565321338350041,0.6922063179620286,-0.051905639329660525,0.051905639329660525,0.69970703125,True,0.9993346203700639,0.8945763609247024,0.8979297420357436,0.3969893299758067,0.440354494795912,0.871925741590972,0.4286859916795921,"[{""layer"":1,""component"":""z"",""positions"":[8],""heads"":[2],""kind"":""rescue"",""corruption"":""mean""}]"
3,new,L2_mean_rescue3,triple_rescue,True,0.5389231457037438,0.6259702857770506,0.6093374060070869,0.6426031655470144,0.08704714007330683,0.08704714007330683,0.6923828125,True,0.9993346203700639,0.9041853444941808,0.9069909131742723,0.39805699481685985,0.4467866971784054,0.8845591816569215,0.4135985018522067,"[{""layer"":1,""component"":""z"",""positions"":[8],""heads"":[3],""kind"":""rescue"",""corruption"":""mean""}]"
3,new,L2_zero_pair01,pair,True,0.9068732779826261,0.8957727227431889,0.8840326481021021,0.9075127973842756,-0.011100555239437204,0.011100555239437204,0.9072265625,True,0.9993346203700639,0.9250968763117271,0.926119782115215,0.6784985185229295,0.8263932406019081,0.9207410211854065,0.9082598816952137,"[{""layer"":1,""component"":""z"",""positions"":[8],""heads"":[0,1],""kind"":""zero""}]"
3,new,L2_zero_pair02,pair,True,0.898425950555214,0.8278175248616435,0.8157808196944007,0.8398542300288863,-0.07060842569357051,0.07060842569357051,0.89013671875,True,0.9993346203700639,0.9460495592356892,0.9466895745178946,0.6854827461642502,0.8483309106398413,0.9391024307156501,0.9099360594544781,"[{""layer"":1,""component"":""z"",""positions"":[8],""heads"":[0,2],""kind"":""zero""}]"
3,new,L2_zero_pair03,pair,True,0.9128795470703409,0.8892433661278574,0.8780869267164283,0.9003998055392864,-0.023636180942483542,0.023636180942483542,0.919921875,True,0.9993346203700639,0.9280752676882003,0.929043746198016,0.6794913156484206,0.8291102072491205,0.9256643635991966,0.9064559393102326,"[{""layer"":1,""component"":""z"",""positions"":[8],""heads"":[0,3],""kind"":""zero""}]"
3,new,L2_zero_pair12,pair,True,0.8462394521558074,0.8692777471389945,0.8583267758890976,0.8802287183888915,0.023038294983187102,0.023038294983187102,0.9208984375,True,0.9993346203700639,0.9083356107330474,0.9102973672541768,0.672911429996703,0.7930034404086097,0.9046108498690093,0.8944875558348319,"[{""layer"":1,""component"":""z"",""positions"":[8],""heads"":[1,2],""kind"":""zero""}]"
3,new,L2_zero_pair13,pair,True,0.8563839633633399,0.7918010381024203,0.7757484315832387,0.8078536446216019,-0.06458292526091958,0.06458292526091958,0.8046875,True,0.9993346203700639,0.8903613191855584,0.8933298717889554,0.6669199994808733,0.7686830594727649,0.8800632751249137,0.8864933893957211,"[{""layer"":1,""component"":""z"",""positions"":[8],""heads"":[1,3],""kind"":""zero""}]"
3,new,L2_zero_pair23,pair,True,0.8444841493024542,0.8647998214332802,0.8536416548534589,0.8759579880131014,0.020315672130825968,0.020315672130825968,0.91455078125,True,0.9993346203700639,0.9113140021095205,0.9131713764891816,0.673904227122194,0.7961140379478148,0.9026057650567969,0.8915406098058258,"[{""layer"":1,""component"":""z"",""positions"":[8],""heads"":[2,3],""kind"":""zero""}]"
3,new,L2_zero_rescue0,triple_rescue,True,0.4371370756838616,0.6121971161487529,0.5942735377490741,0.6301206945484318,0.17506004046489132,0.17506004046489132,0.65576171875,False,0.9993346203700639,0.8553381558290312,0.8620218020061392,0.3911546388767937,0.40397582404378835,0.8316617091449701,0.4130898495979381,"[{""layer"":1,""component"":""z"",""positions"":[8],""heads"":[0],""kind"":""rescue"",""corruption"":""zero""}]"
3,new,L2_zero_rescue1,triple_rescue,True,0.5580325296465447,0.4775713313750316,0.4604718635409327,0.4946707992091305,-0.0804611982715131,0.0804611982715131,0.54150390625,True,0.9993346203700639,0.893052104331673,0.8964840307381393,0.3953450775993095,0.43468091334519593,0.8724544866702841,0.41879324417497543,"[{""layer"":1,""component"":""z"",""positions"":[8],""heads"":[1],""kind"":""rescue"",""corruption"":""zero""}]"
3,new,L2_zero_rescue2,triple_rescue,True,0.7237852325076272,0.6822572995911402,0.6645136881367869,0.7000009110454936,-0.04152793291648693,0.04152793291648693,0.712890625,True,0.9993346203700639,0.8720994214077109,0.8770051108250391,0.3930170017188692,0.42151872156271114,0.8555979879527422,0.43219096067060814,"[{""layer"":1,""component"":""z"",""positions"":[8],""heads"":[2],""kind"":""rescue"",""corruption"":""zero""}]"
3,new,L2_zero_rescue3,triple_rescue,True,0.5632787233493873,0.6218655769173154,0.6045841493266199,0.6391470045080109,0.05858685356792803,0.05858685356792803,0.67626953125,True,0.9993346203700639,0.8900737129551999,0.8936625413116076,0.3950141452241458,0.4331206489475602,0.8738727325521031,0.416556076311088,"[{""layer"":1,""component"":""z"",""positions"":[8],""heads"":[3],""kind"":""rescue"",""corruption"":""zero""}]"
3,new,L2_resample_pair01,pair,True,0.6914034755718267,0.6442679891118779,0.626601166954627,0.6619348112691288,-0.047135486459948805,0.047135486459948805,0.6650390625,True,0.9993346203700639,0.7903793004657764,0.8007497933723737,0.5965932058144717,0.14607447229759998,0.7312138887770003,0.4847611683845942,"[{""layer"":1,""component"":""z"",""positions"":[8],""heads"":[0,1],""kind"":""resample""}]"
3,new,L2_resample_pair02,pair,True,0.48424676373692754,0.3862566693298479,0.36766739058274084,0.404845948076955,-0.09799009440707962,0.09799009440707962,0.39794921875,True,0.9993346203700639,0.6812953629659297,0.7005057059392917,0.5602318933145228,0.11763597148573869,0.5793770504290822,0.3801599350632331,"[{""layer"":1,""component"":""z"",""positions"":[8],""heads"":[0,2],""kind"":""resample""}]"
3,new,L2_resample_pair03,pair,True,0.6778113150049059,0.555468916108345,0.5371604552570457,0.5737773769596444,-0.12234239889656084,0.12234239889656084,0.56103515625,False,0.9993346203700639,0.8020709078838006,0.8114939463898363,0.6004904082871465,0.15064869643926318,0.7208713356125714,0.4785556733438405,"[{""layer"":1,""component"":""z"",""positions"":[8],""heads"":[0,3],""kind"":""resample""}]"
3,new,L2_resample_pair12,pair,True,0.46092308909203644,0.4312946133538076,0.413136696763275,0.44945252994434015,-0.029628475738228854,0.029628475738228854,0.45263671875,True,0.9993346203700639,0.6343064775903002,0.6646632362593428,0.5445689315226464,0.10119273090299478,0.5636812573508387,0.36711081788317773,"[{""layer"":1,""component"":""z"",""positions"":[8],""heads"":[1,2],""kind"":""resample""}]"
3,new,L2_resample_pair13,pair,True,0.6342829921611077,0.5608644404127212,0.5410730366393356,0.5806558441861068,-0.07341855174838652,0.07341855174838652,0.5595703125,True,0.9993346203700639,0.7550820225081711,0.7699725898579304,0.58482744649527,0.13027220438400727,0.6767177168880749,0.47623624352257526,"[{""layer"":1,""component"":""z"",""positions"":[8],""heads"":[1,3],""kind"":""resample""}]"
3,new,L2_resample_pair23,pair,True,0.4409568204584061,0.34922492655242987,0.3318366594717579,0.36661319363310185,-0.09173189390597625,0.09173189390597625,0.35205078125,True,0.9993346203700639,0.6459980850083245,0.6735814321484441,0.5484661339953211,0.10453356098872377,0.5546177000202781,0.3623242578915122,"[{""layer"":1,""component"":""z"",""positions"":[8],""heads"":[2,3],""kind"":""resample""}]"
3,new,L2_resample_rescue0,triple_rescue,True,0.07273627495197153,0.07792075305551302,0.06872498532536117,0.08711652078566487,0.005184478103541487,0.005184478103541487,0.06494140625,True,0.9993346203700639,0.518025982368366,0.5873244063092409,0.27967660030599356,0.0028613274575966545,0.3236639032795223,0.006607079422027916,"[{""layer"":1,""component"":""z"",""positions"":[8],""heads"":[0],""kind"":""rescue"",""corruption"":""resample""}]"
3,new,L2_resample_rescue1,triple_rescue,True,0.10458663036739502,0.08889071167125533,0.07880719901383135,0.0989742243286793,-0.01569591869613969,0.01569591869613969,0.08349609375,True,0.9993346203700639,0.5650148677439955,0.6189963208624014,0.28489758756995237,0.0030266723648257198,0.34816076113369,0.00661321628099809,"[{""layer"":1,""component"":""z"",""positions"":[8],""heads"":[1],""kind"":""rescue"",""corruption"":""resample""}]"
3,new,L2_resample_rescue2,triple_rescue,True,0.30816118781546903,0.2257410002194975,0.2099394527361351,0.2415425477028599,-0.08242018759597153,0.08242018759597153,0.220703125,True,0.9993346203700639,0.6740988052438421,0.707576215049108,0.29701802506993535,0.003288053402315058,0.4959203440875278,0.008325576288215394,"[{""layer"":1,""component"":""z"",""positions"":[8],""heads"":[2],""kind"":""rescue"",""corruption"":""resample""}]"
3,new,L2_resample_rescue3,triple_rescue,True,0.1038015281409175,0.10030889006908089,0.08941463283332064,0.11120314730484114,-0.0034926380718366123,0.0034926380718366123,0.099609375,True,0.9993346203700639,0.5533232603259712,0.610800830041824,0.28359852007906083,0.0029904734394627483,0.34064778317615824,0.006662177967800564,"[{""layer"":1,""component"":""z"",""positions"":[8],""heads"":[3],""kind"":""rescue"",""corruption"":""resample""}]"
3,new,cross_mean_00,cross_layer,True,0.6679616263185213,0.688196068271707,0.670378156080153,0.7060139804632609,0.02023444195318569,0.02023444195318569,0.70849609375,True,0.9993346203700639,0.6930037302525793,0.6976569327617808,0.6976569327617808,0.6976569327617806,0.6679616263185213,0.6679616263185213,"[{""layer"":0,""component"":""z"",""positions"":[1,3,5,7],""heads"":[0],""kind"":""mean""},{""layer"":1,""component"":""z"",""positions"":[8],""heads"":[0],""kind"":""mean""}]"
3,new,cross_mean_01,cross_layer,True,0.6361885858700631,0.6503595405403111,0.6319711651432497,0.6687479159373725,0.014170954670247982,0.014170954670247982,0.67431640625,True,0.9993346203700639,0.6673991759242686,0.67949067160547,0.67949067160547,0.67949067160547,0.6361885858700631,0.6361885858700631,"[{""layer"":0,""component"":""z"",""positions"":[1,3,5,7],""heads"":[0],""kind"":""mean""},{""layer"":1,""component"":""z"",""positions"":[8],""heads"":[1],""kind"":""mean""}]"
3,new,cross_mean_02,cross_layer,True,0.6144073957687982,0.6270975593411963,0.6089637200841169,0.6452313985982756,0.01269016357239805,0.01269016357239805,0.6533203125,True,0.9993346203700639,0.6715116359781437,0.682408434686821,0.682408434686821,0.6824084346868211,0.6144073957687982,0.6144073957687982,"[{""layer"":0,""component"":""z"",""positions"":[1,3,5,7],""heads"":[0],""kind"":""mean""},{""layer"":1,""component"":""z"",""positions"":[8],""heads"":[2],""kind"":""mean""}]"
3,new,cross_mean_03,cross_layer,True,0.6393485532561105,0.6589127591829116,0.6407725781427961,0.6770529402230271,0.01956420592680108,0.01956420592680108,0.68408203125,True,0.9993346203700639,0.6619026524086653,0.675590924694982,0.675590924694982,0.675590924694982,0.6393485532561105,0.6393485532561105,"[{""layer"":0,""component"":""z"",""positions"":[1,3,5,7],""heads"":[0],""kind"":""mean""},{""layer"":1,""component"":""z"",""positions"":[8],""heads"":[3],""kind"":""mean""}]"
3,new,cross_mean_10,cross_layer,True,0.9822882002401514,0.9809163707070638,0.9765747586661576,0.98525798274797,-0.0013718295330875652,0.0013718295330875652,0.98876953125,True,0.9993346203700639,0.9832357420527842,0.9832370457213339,0.9832370457213339,0.9832370457213337,0.9822882002401514,0.9822882002401514,"[{""layer"":0,""component"":""z"",""positions"":[1,3,5,7],""heads"":[1],""kind"":""mean""},{""layer"":1,""component"":""z"",""positions"":[8],""heads"":[0],""kind"":""mean""}]"
3,new,cross_mean_11,cross_layer,True,0.9565782043540335,0.9514966632368669,0.9443410417372492,0.9586522847364846,-0.0050815411171666325,0.0050815411171666325,0.9638671875,True,0.9993346203700639,0.9576311877244734,0.9576345753489336,0.9576345753489336,0.9576345753489336,0.9565782043540334,0.9565782043540334,"[{""layer"":0,""component"":""z"",""positions"":[1,3,5,7],""heads"":[1],""kind"":""mean""},{""layer"":1,""component"":""z"",""positions"":[8],""heads"":[1],""kind"":""mean""}]"
3,new,cross_mean_12,cross_layer,True,0.9601775757124723,0.9496137876712964,0.9436818953533526,0.9555456799892403,-0.010563788041175859,0.010563788041175859,0.98291015625,True,0.9993346203700639,0.9617436477783485,0.9617467006894868,0.9617467006894868,0.9617467006894869,0.9601775757124723,0.9601775757124723,"[{""layer"":0,""component"":""z"",""positions"":[1,3,5,7],""heads"":[1],""kind"":""mean""},{""layer"":1,""component"":""z"",""positions"":[8],""heads"":[2],""kind"":""mean""}]"
3,new,cross_mean_13,cross_layer,True,0.9517741269356674,0.9553348303850271,0.9478221093821273,0.9628475513879269,0.003560703449359659,0.003560703449359659,0.96044921875,True,0.9993346203700639,0.9521346642088702,0.9521384991956441,0.9521384991956441,0.9521384991956442,0.9517741269356674,0.9517741269356674,"[{""layer"":0,""component"":""z"",""positions"":[1,3,5,7],""heads"":[1],""kind"":""mean""},{""layer"":1,""component"":""z"",""positions"":[8],""heads"":[3],""kind"":""mean""}]"
3,new,cross_mean_20,cross_layer,True,0.983174016742931,0.9823875128477084,0.9783090754411629,0.986465950254254,-0.0007865038952226122,0.0007865038952226122,0.9912109375,True,0.9993346203700639,0.9832987424742896,0.9832990363590256,0.9832990363590256,0.9832990363590255,0.983174016742931,0.983174016742931,"[{""layer"":0,""component"":""z"",""positions"":[1,3,5,7],""heads"":[2],""kind"":""mean""},{""layer"":1,""component"":""z"",""positions"":[8],""heads"":[0],""kind"":""mean""}]"
3,new,cross_mean_21,cross_layer,True,0.9574500802099348,0.9539990423490963,0.947149729035024,0.9608483556631685,-0.0034510378608385572,0.0034510378608385572,0.9716796875,True,0.9993346203700639,0.9576941881459788,0.957694951814873,0.957694951814873,0.957694951814873,0.9574500802099348,0.9574500802099348,"[{""layer"":0,""component"":""z"",""positions"":[1,3,5,7],""heads"":[2],""kind"":""mean""},{""layer"":1,""component"":""z"",""positions"":[8],""heads"":[1],""kind"":""mean""}]"
3,new,cross_mean_22,cross_layer,True,0.9611123131167483,0.9549202074686036,0.9495540250978756,0.9602863898393317,-0.006192105648144652,0.006192105648144652,0.98681640625,True,0.9993346203700639,0.961806648199854,0.9618073364146488,0.9618073364146488,0.9618073364146489,0.9611123131167483,0.9611123131167483,"[{""layer"":0,""component"":""z"",""positions"":[1,3,5,7],""heads"":[2],""kind"":""mean""},{""layer"":1,""component"":""z"",""positions"":[8],""heads"":[2],""kind"":""mean""}]"
3,new,cross_mean_23,cross_layer,True,0.9521244222651386,0.9571226316538741,0.9498125731062171,0.9644326902015311,0.0049982093887355195,0.0049982093887355195,0.9609375,True,0.9993346203700639,0.9521976646303756,0.952198529147722,0.952198529147722,0.9521985291477221,0.9521244222651387,0.9521244222651387,"[{""layer"":0,""component"":""z"",""positions"":[1,3,5,7],""heads"":[2],""kind"":""mean""},{""layer"":1,""component"":""z"",""positions"":[8],""heads"":[3],""kind"":""mean""}]"
3,new,cross_mean_30,cross_layer,True,0.9816079285439918,0.9787104055062628,0.9739350272253997,0.9834857837871258,-0.002897523037729055,0.002897523037729055,0.98681640625,True,0.9993346203700639,0.9829984181851614,0.9830035257298508,0.9830035257298508,0.9830035257298508,0.9816079285439918,0.9816079285439918,"[{""layer"":0,""component"":""z"",""positions"":[1,3,5,7],""heads"":[3],""kind"":""mean""},{""layer"":1,""component"":""z"",""positions"":[8],""heads"":[0],""kind"":""mean""}]"
3,new,cross_mean_31,cross_layer,True,0.9540497247018378,0.9471427149595115,0.9395300311033515,0.9547553988156715,-0.0069070097423262755,0.0069070097423262755,0.9619140625,True,0.9993346203700639,0.9573938638568507,0.9574071359752315,0.9574071359752315,0.9574071359752316,0.9540497247018378,0.9540497247018378,"[{""layer"":0,""component"":""z"",""positions"":[1,3,5,7],""heads"":[3],""kind"":""mean""},{""layer"":1,""component"":""z"",""positions"":[8],""heads"":[1],""kind"":""mean""}]"
3,new,cross_mean_32,cross_layer,True,0.9572264830180535,0.9458883210779732,0.9393845168184862,0.9523921253374601,-0.011338161940080305,0.011338161940080305,0.974609375,True,0.9993346203700639,0.9615063239107258,0.9615182846810264,0.9615182846810264,0.9615182846810266,0.9572264830180535,0.9572264830180535,"[{""layer"":0,""component"":""z"",""positions"":[1,3,5,7],""heads"":[3],""kind"":""mean""},{""layer"":1,""component"":""z"",""positions"":[8],""heads"":[2],""kind"":""mean""}]"
3,new,cross_mean_33,cross_layer,True,0.9510425605468992,0.9534084986287468,0.94569295111674,0.9611240461407535,0.002365938081847596,0.002365938081847596,0.9580078125,True,0.9993346203700639,0.9518973403412474,0.9519123651466977,0.9519123651466977,0.951912365146698,0.9510425605468992,0.9510425605468992,"[{""layer"":0,""component"":""z"",""positions"":[1,3,5,7],""heads"":[3],""kind"":""mean""},{""layer"":1,""component"":""z"",""positions"":[8],""heads"":[3],""kind"":""mean""}]"
3,new,cross_resample_00,cross_layer,True,0.9153546758012745,0.9136589712172096,0.9038717049084934,0.9234462375259258,-0.0016957045840648721,0.0016957045840648721,0.9296875,True,0.9993346203700639,0.9181284129910274,0.9181464834716644,0.9181464834716644,0.9181464834716644,0.9153546758012745,0.9153546758012745,"[{""layer"":0,""component"":""z"",""positions"":[1,3,5,7],""heads"":[0],""kind"":""resample""},{""layer"":1,""component"":""z"",""positions"":[8],""heads"":[0],""kind"":""resample""}]"
3,new,cross_resample_01,cross_layer,True,0.8681466867691936,0.8644570527765802,0.8519243252679525,0.876989780285208,-0.0036896339926133503,0.0036896339926133503,0.87890625,True,0.9993346203700639,0.8711395276153979,0.8711680831295024,0.8711680831295024,0.8711680831295024,0.8681466867691935,0.8681466867691935,"[{""layer"":0,""component"":""z"",""positions"":[1,3,5,7],""heads"":[0],""kind"":""resample""},{""layer"":1,""component"":""z"",""positions"":[8],""heads"":[1],""kind"":""resample""}]"
3,new,cross_resample_02,cross_layer,True,0.75904340985608,0.7545220930581547,0.7384801271146775,0.7705640590016318,-0.004521316797925334,0.004521316797925334,0.77685546875,True,0.9993346203700639,0.7620555901155512,0.7621084864652877,0.7621084864652877,0.7621084864652878,0.75904340985608,0.75904340985608,"[{""layer"":0,""component"":""z"",""positions"":[1,3,5,7],""heads"":[0],""kind"":""resample""},{""layer"":1,""component"":""z"",""positions"":[8],""heads"":[2],""kind"":""resample""}]"
3,new,cross_resample_03,cross_layer,True,0.880626622744765,0.8765454902958991,0.8642272157803317,0.8888637648114666,-0.004081132448865876,0.004081132448865876,0.880859375,True,0.9993346203700639,0.8828311350334221,0.8828570816987725,0.8828570816987725,0.8828570816987725,0.880626622744765,0.880626622744765,"[{""layer"":0,""component"":""z"",""positions"":[1,3,5,7],""heads"":[0],""kind"":""resample""},{""layer"":1,""component"":""z"",""positions"":[8],""heads"":[3],""kind"":""resample""}]"
3,new,cross_resample_10,cross_layer,True,0.9181395683683099,0.9166585414739741,0.9070479211940177,0.9262691617539305,-0.001481026894335824,0.001481026894335824,0.93359375,True,0.9993346203700639,0.9183462601096473,0.9183466768833296,0.9183466768833296,0.9183466768833296,0.9181395683683099,0.9181395683683099,"[{""layer"":0,""component"":""z"",""positions"":[1,3,5,7],""heads"":[1],""kind"":""resample""},{""layer"":1,""component"":""z"",""positions"":[8],""heads"":[0],""kind"":""resample""}]"
3,new,cross_resample_11,cross_layer,True,0.8710381570057142,0.8677675283176995,0.855377274216333,0.8801577824190661,-0.003270628688014643,0.003270628688014643,0.8818359375,True,0.9993346203700639,0.8713573747340178,0.8713580333322589,0.8713580333322589,0.8713580333322589,0.8710381570057142,0.8710381570057142,"[{""layer"":0,""component"":""z"",""positions"":[1,3,5,7],""heads"":[1],""kind"":""resample""},{""layer"":1,""component"":""z"",""positions"":[8],""heads"":[1],""kind"":""resample""}]"
3,new,cross_resample_12,cross_layer,True,0.762423656434756,0.7575894005949273,0.7416085321353938,0.7735702690544608,-0.004834255839828661,0.004834255839828661,0.7783203125,True,0.9993346203700639,0.7622734372341711,0.7622746572242146,0.7622746572242146,0.7622746572242147,0.762423656434756,0.762423656434756,"[{""layer"":0,""component"":""z"",""positions"":[1,3,5,7],""heads"":[1],""kind"":""resample""},{""layer"":1,""component"":""z"",""positions"":[8],""heads"":[2],""kind"":""resample""}]"
3,new,cross_resample_13,cross_layer,True,0.8829810333203116,0.880336685092634,0.8681840449007258,0.8924893252845422,-0.002644348227677673,0.002644348227677673,0.88037109375,True,0.9993346203700639,0.883048982152042,0.883049580580356,0.883049580580356,0.883049580580356,0.8829810333203116,0.8829810333203116,"[{""layer"":0,""component"":""z"",""positions"":[1,3,5,7],""heads"":[1],""kind"":""resample""},{""layer"":1,""component"":""z"",""positions"":[8],""heads"":[3],""kind"":""resample""}]"
3,new,cross_resample_20,cross_layer,True,0.9180603032318237,0.9157099789049497,0.9060641065015202,0.925355851308379,-0.002350324326874098,0.002350324326874098,0.9326171875,True,0.9993346203700639,0.9183425420370988,0.9183432601127383,0.9183432601127383,0.9183432601127383,0.9180603032318237,0.9180603032318237,"[{""layer"":0,""component"":""z"",""positions"":[1,3,5,7],""heads"":[2],""kind"":""resample""},{""layer"":1,""component"":""z"",""positions"":[8],""heads"":[0],""kind"":""resample""}]"
3,new,cross_resample_21,cross_layer,True,0.8711422319544962,0.8666296570982404,0.8541814290932781,0.8790778851032026,-0.004512574856255891,0.004512574856255891,0.8798828125,True,0.9993346203700639,0.8713536566614692,0.871354791386077,0.871354791386077,0.871354791386077,0.8711422319544962,0.8711422319544962,"[{""layer"":0,""component"":""z"",""positions"":[1,3,5,7],""heads"":[2],""kind"":""resample""},{""layer"":1,""component"":""z"",""positions"":[8],""heads"":[1],""kind"":""resample""}]"
3,new,cross_resample_22,cross_layer,True,0.7619024686543707,0.7566596275960933,0.740680269569079,0.7726389856231076,-0.0052428410582774365,0.0052428410582774365,0.77978515625,True,0.9993346203700639,0.7622697191616226,0.7622718211300719,0.7622718211300719,0.762271821130072,0.7619024686543707,0.7619024686543707,"[{""layer"":0,""component"":""z"",""positions"":[1,3,5,7],""heads"":[2],""kind"":""resample""},{""layer"":1,""component"":""z"",""positions"":[8],""heads"":[2],""kind"":""resample""}]"
3,new,cross_resample_23,cross_layer,True,0.8828923312053094,0.8786203394339331,0.8664086717516385,0.8908320071162278,-0.004271991771376271,0.004271991771376271,0.88037109375,True,0.9993346203700639,0.8830452640794935,0.8830462951349859,0.8830462951349859,0.8830462951349859,0.8828923312053094,0.8828923312053094,"[{""layer"":0,""component"":""z"",""positions"":[1,3,5,7],""heads"":[2],""kind"":""resample""},{""layer"":1,""component"":""z"",""positions"":[8],""heads"":[3],""kind"":""resample""}]"
3,new,cross_resample_30,cross_layer,True,0.9178151135251682,0.9158320741847898,0.9061857114941847,0.925478436875395,-0.0019830393403783564,0.0019830393403783564,0.93408203125,True,0.9993346203700639,0.9183258217118784,0.9183278947548156,0.9183278947548156,0.9183278947548156,0.9178151135251682,0.9178151135251682,"[{""layer"":0,""component"":""z"",""positions"":[1,3,5,7],""heads"":[3],""kind"":""resample""},{""layer"":1,""component"":""z"",""positions"":[8],""heads"":[0],""kind"":""resample""}]"
3,new,cross_resample_31,cross_layer,True,0.8707564899811507,0.8675361020888737,0.8551075313502527,0.8799646728274946,-0.0032203878922770768,0.0032203878922770768,0.87841796875,True,0.9993346203700639,0.8713369363362489,0.8713402122207159,0.8713402122207159,0.8713402122207159,0.8707564899811507,0.8707564899811507,"[{""layer"":0,""component"":""z"",""positions"":[1,3,5,7],""heads"":[3],""kind"":""resample""},{""layer"":1,""component"":""z"",""positions"":[8],""heads"":[1],""kind"":""resample""}]"
3,new,cross_resample_32,cross_layer,True,0.7613947385982376,0.7571603893136585,0.7411616983860879,0.773159080241229,-0.004234349284579109,0.004234349284579109,0.77978515625,True,0.9993346203700639,0.7622529988364022,0.7622590670980287,0.7622590670980287,0.7622590670980288,0.7613947385982376,0.7613947385982376,"[{""layer"":0,""component"":""z"",""positions"":[1,3,5,7],""heads"":[3],""kind"":""resample""},{""layer"":1,""component"":""z"",""positions"":[8],""heads"":[2],""kind"":""resample""}]"
3,new,cross_resample_33,cross_layer,True,0.882860968619066,0.879468530114476,0.8672420946194278,0.8916949656095242,-0.003392438504590034,0.003392438504590034,0.87939453125,True,0.9993346203700639,0.8830285437542731,0.8830315203519865,0.8830315203519865,0.8830315203519865,0.882860968619066,0.882860968619066,"[{""layer"":0,""component"":""z"",""positions"":[1,3,5,7],""heads"":[3],""kind"":""resample""},{""layer"":1,""component"":""z"",""positions"":[8],""heads"":[3],""kind"":""resample""}]"
4,new,clean,reference,False,0.9993559495196678,0.9993480970442761,0.9993376552576487,0.9993585388309034,-7.852475391700864e-06,7.852475391700864e-06,1.0,True,0.9993559495196678,0.9993559495196678,0.9993559495196678,0.9993559495196678,0.9993559495196678,0.9993559495196678,0.9993559495196678,[]
4,new,L1_mean_h0,familiar,False,0.9993534127133898,0.9993450676847715,0.9993338508064925,0.9993562845630505,-8.345028618350625e-06,8.345028618350625e-06,1.0,True,0.9993559495196678,0.9993534127133898,0.9993534127133898,0.9993534127133898,0.9993534127133898,0.9993534127133898,0.9993534127133898,"[{""layer"":0,""component"":""z"",""positions"":[1,3,5,7],""heads"":[0],""kind"":""mean""}]"
4,new,L1_mean_h1,familiar,False,0.9993547241901979,0.9993424191488884,0.99933112790392,0.9993537103938569,-1.2305041309446096e-05,1.2305041309446096e-05,1.0,True,0.9993559495196678,0.9993547241901979,0.9993547241901979,0.9993547241901979,0.9993547241901979,0.9993547241901979,0.9993547241901979,"[{""layer"":0,""component"":""z"",""positions"":[1,3,5,7],""heads"":[1],""kind"":""mean""}]"
4,new,L1_mean_h2,familiar,False,0.2869001798480839,0.32026013801240394,0.3030171514539308,0.33750312457087706,0.033359958164320025,0.033359958164320025,0.330078125,True,0.9993559495196678,0.2869001798480839,0.2869001798480839,0.2869001798480839,0.2869001798480839,0.2869001798480839,0.2869001798480839,"[{""layer"":0,""component"":""z"",""positions"":[1,3,5,7],""heads"":[2],""kind"":""mean""}]"
4,new,L1_mean_h3,familiar,False,0.9993553227395751,0.9993480063567404,0.9993378232642958,0.999358189449185,-7.316382834687829e-06,7.316382834687829e-06,1.0,True,0.9993559495196678,0.9993553227395751,0.9993553227395751,0.9993553227395751,0.9993553227395751,0.9993553227395751,0.9993553227395751,"[{""layer"":0,""component"":""z"",""positions"":[1,3,5,7],""heads"":[3],""kind"":""mean""}]"
4,new,L1_mean_all,familiar,False,0.17493510014760671,0.18316182709756212,0.1697447268364371,0.19657892735868715,0.00822672694995541,0.00822672694995541,0.18115234375,True,0.9993559495196678,0.17493510014760671,0.17493510014760671,0.17493510014760671,0.17493510014760671,0.17493510014760671,0.17493510014760671,"[{""layer"":0,""component"":""z"",""positions"":[1,3,5,7],""heads"":[0,1,2,3],""kind"":""mean""}]"
4,new,L1_mean_wrong_position,control,False,0.999385729257483,0.9993828368023969,0.9993753386963342,0.9993903349084596,-2.8924550861120224e-06,2.8924550861120224e-06,1.0,True,0.9993559495196678,0.999385729257483,0.999385729257483,0.999385729257483,0.999385729257483,0.999385729257483,0.999385729257483,"[{""layer"":0,""component"":""z"",""positions"":[8],""heads"":[0,1,2,3],""kind"":""mean""}]"
4,new,L1_zero_h0,familiar,False,0.9993340994114988,0.9993255254812539,0.9993134714452352,0.9993375795172725,-8.573930244892836e-06,8.573930244892836e-06,1.0,True,0.9993559495196678,0.9993340994114988,0.9993340994114988,0.9993340994114988,0.9993340994114988,0.9993340994114988,0.9993340994114988,"[{""layer"":0,""component"":""z"",""positions"":[1,3,5,7],""heads"":[0],""kind"":""zero""}]"
4,new,L1_zero_h1,familiar,False,0.9993171084788628,0.9992900599027053,0.9992613360139249,0.9993187837914856,-2.7048576157540083e-05,2.7048576157540083e-05,1.0,True,0.9993559495196678,0.9993171084788628,0.9993171084788628,0.9993171084788628,0.9993171084788628,0.9993171084788628,0.9993171084788628,"[{""layer"":0,""component"":""z"",""positions"":[1,3,5,7],""heads"":[1],""kind"":""zero""}]"
4,new,L1_zero_h2,familiar,False,0.26642070922046557,0.277726247936257,0.26038238565258937,0.29507011021992463,0.01130553871579143,0.01130553871579143,0.283203125,True,0.9993559495196678,0.26642070922046557,0.26642070922046557,0.26642070922046557,0.26642070922046557,0.26642070922046557,0.26642070922046557,"[{""layer"":0,""component"":""z"",""positions"":[1,3,5,7],""heads"":[2],""kind"":""zero""}]"
4,new,L1_zero_h3,familiar,False,0.9993521817959845,0.9993423793639522,0.9993313670646975,0.9993533916632069,-9.802432032302022e-06,9.802432032302022e-06,1.0,True,0.9993559495196678,0.9993521817959845,0.9993521817959845,0.9993521817959845,0.9993521817959845,0.9993521817959845,0.9993521817959845,"[{""layer"":0,""component"":""z"",""positions"":[1,3,5,7],""heads"":[3],""kind"":""zero""}]"
4,new,L1_zero_all,familiar,False,0.1894454361988569,0.1911495817078206,0.17604304485408212,0.20625611856155907,0.0017041455089636948,0.0017041455089636948,0.19091796875,True,0.9993559495196678,0.1894454361988569,0.1894454361988569,0.1894454361988569,0.1894454361988569,0.1894454361988569,0.1894454361988569,"[{""layer"":0,""component"":""z"",""positions"":[1,3,5,7],""heads"":[0,1,2,3],""kind"":""zero""}]"
4,new,L1_zero_wrong_position,control,False,0.9993360829539597,0.999333787971409,0.9993243276280677,0.9993432483147504,-2.294982550665736e-06,2.294982550665736e-06,1.0,True,0.9993559495196678,0.9993360829539597,0.9993360829539597,0.9993360829539597,0.9993360829539597,0.9993360829539597,0.9993360829539597,"[{""layer"":0,""component"":""z"",""positions"":[8],""heads"":[0,1,2,3],""kind"":""zero""}]"
4,new,L1_resample_h0,familiar,False,0.9993484409060329,0.9993443028652109,0.9993334735521879,0.9993551321782339,-4.1380408219993114e-06,4.1380408219993114e-06,1.0,True,0.9993559495196678,0.9993484409060329,0.9993484409060329,0.9993484409060329,0.9993484409060329,0.9993484409060329,0.9993484409060329,"[{""layer"":0,""component"":""z"",""positions"":[1,3,5,7],""heads"":[0],""kind"":""resample""}]"
4,new,L1_resample_h1,familiar,False,0.9993596002459526,0.9993495048838668,0.9993393588900739,0.9993596508776597,-1.0095362085849047e-05,1.0095362085849047e-05,1.0,True,0.9993559495196678,0.9993596002459526,0.9993596002459526,0.9993596002459526,0.9993596002459526,0.9993596002459526,0.9993596002459526,"[{""layer"":0,""component"":""z"",""positions"":[1,3,5,7],""heads"":[1],""kind"":""resample""}]"
4,new,L1_resample_h2,familiar,False,0.9993072586948983,0.9993366341805086,0.9993226290777201,0.999350639283297,2.9375485610216856e-05,2.9375485610216856e-05,1.0,True,0.9993559495196678,0.9993072586948983,0.9993072586948983,0.9993072586948983,0.9993072586948983,0.9993072586948983,0.9993072586948983,"[{""layer"":0,""component"":""z"",""positions"":[1,3,5,7],""heads"":[2],""kind"":""resample""}]"
4,new,L1_resample_h3,familiar,False,0.9993536764523014,0.9993445983272977,0.999334099017176,0.9993550976374195,-9.07812500372529e-06,9.07812500372529e-06,1.0,True,0.9993559495196678,0.9993536764523014,0.9993536764523014,0.9993536764523014,0.9993536764523014,0.9993536764523014,0.9993536764523014,"[{""layer"":0,""component"":""z"",""positions"":[1,3,5,7],""heads"":[3],""kind"":""resample""}]"
4,new,L1_resample_all,familiar,False,0.9993322598165832,0.9993393884506077,0.9993289587960354,0.9993498181051799,7.12863402441144e-06,7.12863402441144e-06,1.0,True,0.9993559495196678,0.9993322598165832,0.9993322598165832,0.9993322598165832,0.9993322598165832,0.9993322598165832,0.9993322598165832,"[{""layer"":0,""component"":""z"",""positions"":[1,3,5,7],""heads"":[0,1,2,3],""kind"":""resample""}]"
4,new,L1_resample_wrong_position,control,False,0.9993160264566541,0.9993124442407861,0.9993010641856949,0.9993238242958774,-3.582215867936611e-06,3.582215867936611e-06,1.0,True,0.9993559495196678,0.9993160264566541,0.9993160264566541,0.9993160264566541,0.9993160264566541,0.9993160264566541,0.9993160264566541,"[{""layer"":0,""component"":""z"",""positions"":[8],""heads"":[0,1,2,3],""kind"":""resample""}]"
4,new,L1_matched_h0,control,False,0.999353586055804,0.9993486017629039,0.9993376972576968,0.9993595062681109,-4.984292900189757e-06,4.984292900189757e-06,1.0,True,0.9993559495196678,0.999353586055804,0.999353586055804,0.999353586055804,0.999353586055804,0.999353586055804,0.999353586055804,"[{""layer"":0,""component"":""z"",""positions"":[1,3,5,7],""heads"":[0],""kind"":""resample"",""donor"":""matched_donor_tokens""}]"
4,new,L1_matched_h1,control,False,0.9993596290005371,0.9993497476971243,0.9993396859794691,0.9993598094147794,-9.88130341283977e-06,9.88130341283977e-06,1.0,True,0.9993559495196678,0.9993596290005371,0.9993596290005371,0.9993596290005371,0.9993596290005371,0.9993596290005371,0.9993596290005371,"[{""layer"":0,""component"":""z"",""positions"":[1,3,5,7],""heads"":[1],""kind"":""resample"",""donor"":""matched_donor_tokens""}]"
4,new,L1_matched_h2,control,False,0.9993111807270907,0.9993368766154163,0.9993229074441327,0.9993508457866999,2.5695888325572014e-05,2.5695888325572014e-05,1.0,True,0.9993559495196678,0.9993111807270907,0.9993111807270907,0.9993111807270907,0.9993111807270907,0.9993111807270907,0.9993111807270907,"[{""layer"":0,""component"":""z"",""positions"":[1,3,5,7],""heads"":[2],""kind"":""resample"",""donor"":""matched_donor_tokens""}]"
4,new,L1_matched_h3,control,False,0.9993570311344229,0.9993465524457861,0.9993359211570508,0.9993571837345213,-1.0478688636794686e-05,1.0478688636794686e-05,1.0,True,0.9993559495196678,0.9993570311344229,0.9993570311344229,0.9993570311344229,0.9993570311344229,0.9993570311344229,0.9993570311344229,"[{""layer"":0,""component"":""z"",""positions"":[1,3,5,7],""heads"":[3],""kind"":""resample"",""donor"":""matched_donor_tokens""}]"
4,new,L1_matched_all,control,False,0.999346318480093,0.9993516695103608,0.9993423621768294,0.9993609768438922,5.351030267775059e-06,5.351030267775059e-06,1.0,True,0.9993559495196678,0.999346318480093,0.999346318480093,0.999346318480093,0.999346318480093,0.999346318480093,0.999346318480093,"[{""layer"":0,""component"":""z"",""positions"":[1,3,5,7],""heads"":[0,1,2,3],""kind"":""resample"",""donor"":""matched_donor_tokens""}]"
4,new,L1_noop,control,False,0.9993559495196678,0.9993480970442761,0.9993376552576487,0.9993585388309034,-7.852475391700864e-06,7.852475391700864e-06,1.0,True,0.9993559495196678,0.9993559495196678,0.9993559495196678,0.9993559495196678,0.9993559495196678,0.9993559495196678,0.9993559495196678,"[{""layer"":0,""component"":""z"",""positions"":[1,3,5,7],""heads"":[0,1,2,3],""kind"":""noop""}]"
4,new,L1_mlp_zero,control,False,0.9387549331367424,0.9481397327294845,0.9401865509974027,0.9560929144615663,0.009384799592742077,0.009384799592742077,0.955078125,True,0.9993559495196678,0.9387549331367424,0.9387549331367424,0.9387549331367424,0.9387549331367424,0.9387549331367424,0.9387549331367424,"[{""layer"":0,""component"":""mlp_out"",""positions"":[1,3,5,7],""kind"":""zero""}]"
4,new,L1_mlp_mean,control,False,0.9736718916948774,0.9800239672147057,0.9750859783945894,0.9849619560348221,0.006352075519828304,0.006352075519828304,0.98486328125,True,0.9993559495196678,0.9736718916948774,0.9736718916948774,0.9736718916948774,0.9736718916948774,0.9736718916948774,0.9736718916948774,"[{""layer"":0,""component"":""mlp_out"",""positions"":[1,3,5,7],""kind"":""mean""}]"
4,new,L2_mean_h0,familiar,False,0.9739650976389385,0.9735777360145903,0.9683991181889963,0.9787563538401843,-0.00038736162434815924,0.00038736162434815924,0.98486328125,True,0.9993559495196678,0.9739650976389385,0.9739650976389385,0.9739650976389385,0.9739650976389385,0.9739650976389385,0.9739650976389385,"[{""layer"":1,""component"":""z"",""positions"":[8],""heads"":[0],""kind"":""mean""}]"
4,new,L2_mean_h1,familiar,False,0.9679351859267626,0.9674380631799977,0.9630600683179156,0.9718160580420798,-0.0004971227467649442,0.0004971227467649442,0.99365234375,True,0.9993559495196678,0.9679351859267626,0.9679351859267626,0.9679351859267626,0.9679351859267626,0.9679351859267626,0.9679351859267626,"[{""layer"":1,""component"":""z"",""positions"":[8],""heads"":[1],""kind"":""mean""}]"
4,new,L2_mean_h2,familiar,False,0.9442107465133631,0.9383137327297391,0.9302390104710279,0.9463884549884503,-0.005897013783624061,0.005897013783624061,0.96240234375,True,0.9993559495196678,0.9442107465133631,0.9442107465133631,0.9442107465133631,0.9442107465133631,0.9442107465133631,0.9442107465133631,"[{""layer"":1,""component"":""z"",""positions"":[8],""heads"":[2],""kind"":""mean""}]"
4,new,L2_mean_h3,familiar,False,0.9857047084860824,0.9835487516247667,0.9803020646276814,0.986795438621852,-0.0021559568613156443,0.0021559568613156443,0.99609375,True,0.9993559495196678,0.9857047084860824,0.9857047084860824,0.9857047084860824,0.9857047084860824,0.9857047084860824,0.9857047084860824,"[{""layer"":1,""component"":""z"",""positions"":[8],""heads"":[3],""kind"":""mean""}]"
4,new,L2_mean_all,familiar,False,0.1319792773885453,0.1198937918814984,0.11097313940734534,0.12881444435565148,-0.012085485507046911,0.012085485507046911,0.1259765625,True,0.9993559495196678,0.1319792773885453,0.1319792773885453,0.1319792773885453,0.1319792773885453,0.1319792773885453,0.1319792773885453,"[{""layer"":1,""component"":""z"",""positions"":[8],""heads"":[0,1,2,3],""kind"":""mean""}]"
4,new,L2_mean_wrong_position,control,False,0.9993559495196678,0.9993480970442761,0.9993376552576487,0.9993585388309034,-7.852475391700864e-06,7.852475391700864e-06,1.0,True,0.9993559495196678,0.9993559495196678,0.9993559495196678,0.9993559495196678,0.9993559495196678,0.9993559495196678,0.9993559495196678,"[{""layer"":1,""component"":""z"",""positions"":[1,3,5,7],""heads"":[0,1,2,3],""kind"":""mean""}]"
4,new,L2_zero_h0,familiar,False,0.9822351090770098,0.9822065500825374,0.9785227752297931,0.9858903249352817,-2.8558994472405175e-05,2.8558994472405175e-05,0.994140625,True,0.9993559495196678,0.9822351090770098,0.9822351090770098,0.9822351090770098,0.9822351090770098,0.9822351090770098,0.9822351090770098,"[{""layer"":1,""component"":""z"",""positions"":[8],""heads"":[0],""kind"":""zero""}]"
4,new,L2_zero_h1,familiar,False,0.9675397043638441,0.9672172370585486,0.9626950965678889,0.9717393775492082,-0.00032246730529550405,0.00032246730529550405,0.99365234375,True,0.9993559495196678,0.9675397043638441,0.9675397043638441,0.9675397043638441,0.9675397043638441,0.9675397043638441,0.9675397043638441,"[{""layer"":1,""component"":""z"",""positions"":[8],""heads"":[1],""kind"":""zero""}]"
4,new,L2_zero_h2,familiar,False,0.9440015745044548,0.938597319231576,0.930497781828448,0.9466968566347039,-0.0054042552728788,0.0054042552728788,0.9619140625,True,0.9993559495196678,0.9440015745044548,0.9440015745044548,0.9440015745044548,0.9440015745044548,0.9440015745044548,0.9440015745044548,"[{""layer"":1,""component"":""z"",""positions"":[8],""heads"":[2],""kind"":""zero""}]"
4,new,L2_zero_h3,familiar,False,0.9862607325267163,0.9843210423696291,0.9812039856553759,0.9874380990838824,-0.0019396901570871705,0.0019396901570871705,0.99658203125,True,0.9993559495196678,0.9862607325267163,0.9862607325267163,0.9862607325267163,0.9862607325267163,0.9862607325267163,0.9862607325267163,"[{""layer"":1,""component"":""z"",""positions"":[8],""heads"":[3],""kind"":""zero""}]"
4,new,L2_zero_all,familiar,False,0.1254190187310371,0.12026944210701274,0.11171005036227066,0.1288288338517548,-0.005149576624024377,0.005149576624024377,0.14892578125,True,0.9993559495196678,0.1254190187310371,0.1254190187310371,0.1254190187310371,0.1254190187310371,0.1254190187310371,0.1254190187310371,"[{""layer"":1,""component"":""z"",""positions"":[8],""heads"":[0,1,2,3],""kind"":""zero""}]"
4,new,L2_zero_wrong_position,control,False,0.9993559495196678,0.9993480970442761,0.9993376552576487,0.9993585388309034,-7.852475391700864e-06,7.852475391700864e-06,1.0,True,0.9993559495196678,0.9993559495196678,0.9993559495196678,0.9993559495196678,0.9993559495196678,0.9993559495196678,0.9993559495196678,"[{""layer"":1,""component"":""z"",""positions"":[1,3,5,7],""heads"":[0,1,2,3],""kind"":""zero""}]"
4,new,L2_resample_h0,familiar,False,0.9041129829693091,0.9185290268985469,0.9085846615286008,0.9284733922684929,0.014416043929237787,0.014416043929237787,0.9306640625,True,0.9993559495196678,0.9041129829693091,0.9041129829693091,0.9041129829693091,0.9041129829693091,0.9041129829693091,0.9041129829693091,"[{""layer"":1,""component"":""z"",""positions"":[8],""heads"":[0],""kind"":""resample""}]"
4,new,L2_resample_h1,familiar,False,0.8305222883015801,0.833533832437162,0.8201170312388929,0.846950633635431,0.0030115441355818007,0.0030115441355818007,0.859375,True,0.9993559495196678,0.8305222883015801,0.8305222883015801,0.8305222883015801,0.8305222883015801,0.8305222883015801,0.8305222883015801,"[{""layer"":1,""component"":""z"",""positions"":[8],""heads"":[1],""kind"":""resample""}]"
4,new,L2_resample_h2,familiar,False,0.7921571927679594,0.7791861834341844,0.7637679361907741,0.7946044306775948,-0.01297100933377493,0.01297100933377493,0.796875,True,0.9993559495196678,0.7921571927679594,0.7921571927679594,0.7921571927679594,0.7921571927679594,0.7921571927679594,0.7921571927679594,"[{""layer"":1,""component"":""z"",""positions"":[8],""heads"":[2],""kind"":""resample""}]"
4,new,L2_resample_h3,familiar,False,0.9229422489970602,0.917970325101578,0.9082073670807245,0.9277332831224316,-0.004971923895482178,0.004971923895482178,0.9306640625,True,0.9993559495196678,0.9229422489970602,0.9229422489970602,0.9229422489970602,0.9229422489970602,0.9229422489970602,0.9229422489970602,"[{""layer"":1,""component"":""z"",""positions"":[8],""heads"":[3],""kind"":""resample""}]"
4,new,L2_resample_all,familiar,False,6.980155478808481e-05,6.655058378574052e-05,6.319348922394387e-05,6.990767834753718e-05,-3.250971002344283e-06,3.250971002344283e-06,0.0,True,0.9993559495196678,6.980155478808481e-05,6.980155478808481e-05,6.980155478808481e-05,6.980155478808481e-05,6.980155478808481e-05,6.980155478808481e-05,"[{""layer"":1,""component"":""z"",""positions"":[8],""heads"":[0,1,2,3],""kind"":""resample""}]"
4,new,L2_resample_wrong_position,control,False,0.9993559495196678,0.9993480970442761,0.9993376552576487,0.9993585388309034,-7.852475391700864e-06,7.852475391700864e-06,1.0,True,0.9993559495196678,0.9993559495196678,0.9993559495196678,0.9993559495196678,0.9993559495196678,0.9993559495196678,0.9993559495196678,"[{""layer"":1,""component"":""z"",""positions"":[1,3,5,7],""heads"":[0,1,2,3],""kind"":""resample""}]"
4,new,L2_matched_h0,control,False,0.9993675804580562,0.9993642570043448,0.9993556395505023,0.9993728744581873,-3.323453711345792e-06,3.323453711345792e-06,1.0,True,0.9993559495196678,0.9993675804580562,0.9993675804580562,0.9993675804580562,0.9993675804580562,0.9993675804580562,0.9993675804580562,"[{""layer"":1,""component"":""z"",""positions"":[8],""heads"":[0],""kind"":""resample"",""donor"":""matched_donor_tokens""}]"
4,new,L2_matched_h1,control,False,0.9993674394208938,0.9993652908015065,0.999357314089783,0.99937326751323,-2.1486193872988224e-06,2.1486193872988224e-06,1.0,True,0.9993559495196678,0.9993674394208938,0.9993674394208938,0.9993674394208938,0.9993674394208938,0.9993674394208938,0.9993674394208938,"[{""layer"":1,""component"":""z"",""positions"":[8],""heads"":[1],""kind"":""resample"",""donor"":""matched_donor_tokens""}]"
4,new,L2_matched_h2,control,False,0.9993681336636655,0.9993592323735356,0.9993482547829695,0.9993702099641018,-8.901290129870176e-06,8.901290129870176e-06,1.0,True,0.9993559495196678,0.9993681336636655,0.9993681336636655,0.9993681336636655,0.9993681336636655,0.9993681336636655,0.9993681336636655,"[{""layer"":1,""component"":""z"",""positions"":[8],""heads"":[2],""kind"":""resample"",""donor"":""matched_donor_tokens""}]"
4,new,L2_matched_h3,control,False,0.9993706445093267,0.9993650894321036,0.9993569111182986,0.9993732677459085,-5.555077223107219e-06,5.555077223107219e-06,1.0,True,0.9993559495196678,0.9993706445093267,0.9993706445093267,0.9993706445093267,0.9993706445093267,0.9993706445093267,0.9993706445093267,"[{""layer"":1,""component"":""z"",""positions"":[8],""heads"":[3],""kind"":""resample"",""donor"":""matched_donor_tokens""}]"
4,new,L2_matched_all,control,False,0.999375133367721,0.9993725488602649,0.9993601016207563,0.9993849960997736,-2.584507456049323e-06,2.584507456049323e-06,1.0,True,0.9993559495196678,0.999375133367721,0.999375133367721,0.999375133367721,0.999375133367721,0.999375133367721,0.999375133367721,"[{""layer"":1,""component"":""z"",""positions"":[8],""heads"":[0,1,2,3],""kind"":""resample"",""donor"":""matched_donor_tokens""}]"
4,new,L2_noop,control,False,0.9993559495196678,0.9993480970442761,0.9993376552576487,0.9993585388309034,-7.852475391700864e-06,7.852475391700864e-06,1.0,True,0.9993559495196678,0.9993559495196678,0.9993559495196678,0.9993559495196678,0.9993559495196678,0.9993559495196678,0.9993559495196678,"[{""layer"":1,""component"":""z"",""positions"":[8],""heads"":[0,1,2,3],""kind"":""noop""}]"
4,new,L2_mlp_zero,control,False,0.9881170334410854,0.9899632128654048,0.9887895014261758,0.9911369243046337,0.0018461794243194163,0.0018461794243194163,1.0,True,0.9993559495196678,0.9881170334410854,0.9881170334410854,0.9881170334410854,0.9881170334410854,0.9881170334410854,0.9881170334410854,"[{""layer"":1,""component"":""mlp_out"",""positions"":[8],""kind"":""zero""}]"
4,new,L2_mlp_mean,control,False,0.9908941584290005,0.9922458852233831,0.9913645578125508,0.9931272126342153,0.0013517267943825573,0.0013517267943825573,1.0,True,0.9993559495196678,0.9908941584290005,0.9908941584290005,0.9908941584290005,0.9908941584290005,0.9908941584290005,0.9908941584290005,"[{""layer"":1,""component"":""mlp_out"",""positions"":[8],""kind"":""mean""}]"
4,new,L1_mean_pair01,pair,True,0.999351090421509,0.9993366075505037,0.9993239528909972,0.9993492622100102,-1.4482871005361275e-05,1.4482871005361275e-05,1.0,True,0.9993559495196678,0.99935218738392,0.9993521873870304,0.7245477456837316,0.9876185676395919,0.9993511221500047,0.9552905548388302,"[{""layer"":0,""component"":""z"",""positions"":[1,3,5,7],""heads"":[0,1],""kind"":""mean""}]"
4,new,L1_mean_pair02,pair,True,0.24560341630773042,0.2853613356553404,0.2687928875842943,0.30192978372638646,0.03975791934760997,0.03975791934760997,0.2919921875,True,0.9993559495196678,0.286897643041806,0.286899451568858,0.4870628975696935,0.8357866891615544,0.2867504389773818,0.5142037116325324,"[{""layer"":0,""component"":""z"",""positions"":[1,3,5,7],""heads"":[0,2],""kind"":""mean""}]"
4,new,L1_mean_pair03,pair,True,0.9993523278505103,0.9993434456700925,0.9993318323879696,0.9993550589522153,-8.882180417835173e-06,8.882180417835173e-06,1.0,True,0.9993559495196678,0.9993527859332971,0.9993527859348882,0.7245479452001906,0.9876223521493648,0.9993523593953937,0.9552877947413712,"[{""layer"":0,""component"":""z"",""positions"":[1,3,5,7],""heads"":[0,3],""kind"":""mean""}]"
4,new,L1_mean_pair12,pair,True,0.24529071698559296,0.25137382814478215,0.23586166076063933,0.266885995528925,0.006083111159189192,0.006083111159189192,0.255859375,True,0.9993559495196678,0.286898954518614,0.28689982807427855,0.48706333472862956,0.835879615466826,0.2865336865360222,0.5143123389968742,"[{""layer"":0,""component"":""z"",""positions"":[1,3,5,7],""heads"":[1,2],""kind"":""mean""}]"
4,new,L1_mean_pair13,pair,True,0.9993534499110792,0.9993367264396511,0.9993245059281095,0.9993489469511927,-1.6723471428115033e-05,1.6723471428115033e-05,1.0,True,0.9993559495196678,0.9993540974101052,0.9993540974108737,0.7245483823591267,0.987630628125903,0.9993534813008736,0.9553090672489077,"[{""layer"":0,""component"":""z"",""positions"":[1,3,5,7],""heads"":[1,3],""kind"":""mean""}]"
4,new,L1_mean_pair23,pair,True,0.24557561837594472,0.29514936368707234,0.27852591566736995,0.31177281170677473,0.049573745311127626,0.049573745311127626,0.306640625,True,0.9993559495196678,0.2868995530679912,0.28689999990887266,0.4870635342450886,0.8359220750915407,0.2868538371024413,0.5142039605196265,"[{""layer"":0,""component"":""z"",""positions"":[1,3,5,7],""heads"":[2,3],""kind"":""mean""}]"
4,new,L1_mean_rescue0,triple_rescue,True,0.2052130893229011,0.22024303295364067,0.2057634247676887,0.23472264113959265,0.015029943630739562,0.015029943630739562,0.22314453125,True,0.9993559495196678,0.2868983277385213,0.28689964813528795,0.3705800919626109,0.621794145690133,0.28649063855309365,0.33287832294553493,"[{""layer"":0,""component"":""z"",""positions"":[1,3,5,7],""heads"":[0],""kind"":""rescue"",""corruption"":""mean""}]"
4,new,L1_mean_rescue1,triple_rescue,True,0.20553037977300614,0.2565834814901895,0.2409243200569419,0.2722426429234371,0.05105310171718336,0.05105310171718336,0.26416015625,True,0.9993559495196678,0.28689701626171327,0.2868992716301035,0.37057994624296553,0.6217410573449866,0.2867050303222598,0.3328802133894362,"[{""layer"":0,""component"":""z"",""positions"":[1,3,5,7],""heads"":[1],""kind"":""rescue"",""corruption"":""mean""}]"
4,new,L1_mean_rescue2,triple_rescue,True,0.9993492915552744,0.9993266466190107,0.9993113569216028,0.9993419363164187,-2.2644936263693793e-05,2.2644936263693793e-05,1.0,True,0.9993559495196678,0.9993515606038272,0.9993515606092972,0.44974156228097817,0.8044341326124466,0.9993493875047805,0.45039711170827623,"[{""layer"":0,""component"":""z"",""positions"":[1,3,5,7],""heads"":[2],""kind"":""rescue"",""corruption"":""mean""}]"
4,new,L1_mean_rescue3,triple_rescue,True,0.20534032321529255,0.21619847339094767,0.20163774631185832,0.230759200470037,0.010858150175655112,0.010858150175655112,0.21875,True,0.9993559495196678,0.2868964177123361,0.2868990997959456,0.3705798797374792,0.6217167913559655,0.2864012627867287,0.33287828832631383,"[{""layer"":0,""component"":""z"",""positions"":[1,3,5,7],""heads"":[3],""kind"":""rescue"",""corruption"":""mean""}]"
4,new,L1_zero_pair01,pair,True,0.9992723131259054,0.9992249392962549,0.9991809040854132,0.9992689745070966,-4.737382965047665e-05,4.737382965047665e-05,1.0,True,0.9993559495196678,0.9992952583706938,0.9992952592199216,0.7293655480297395,0.9876644695433038,0.9992732010192668,0.9334864957294292,"[{""layer"":0,""component"":""z"",""positions"":[1,3,5,7],""heads"":[0,1],""kind"":""zero""}]"
4,new,L1_zero_pair02,pair,True,0.22927438597397587,0.24796734064631265,0.23128922572127866,0.2646454555713466,0.01869295467233678,0.01869295467233678,0.2490234375,True,0.9993559495196678,0.26639885911229655,0.2664148841475096,0.4850667482769404,0.8342071272339875,0.2655050781960659,0.42874613315561516,"[{""layer"":0,""component"":""z"",""positions"":[1,3,5,7],""heads"":[0,2],""kind"":""zero""}]"
4,new,L1_zero_pair03,pair,True,0.999328803831639,0.9993101654399652,0.9992952264862486,0.9993251043936818,-1.8638391673819754e-05,1.8638391673819754e-05,1.0,True,0.9993559495196678,0.9993303316878155,0.9993303317701937,0.7293772391354467,0.987876910931244,0.9993288989917402,0.9342061908323508,"[{""layer"":0,""component"":""z"",""positions"":[1,3,5,7],""heads"":[0,3],""kind"":""zero""}]"
4,new,L1_zero_pair12,pair,True,0.21801628278857565,0.22996030845969773,0.21372830480596416,0.2461923121134313,0.011944025671122072,0.011944025671122072,0.22998046875,True,0.9993559495196678,0.2663818681796606,0.2664103544938608,0.48506108463272846,0.833041510925584,0.26511512919682123,0.4284596907497904,"[{""layer"":0,""component"":""z"",""positions"":[1,3,5,7],""heads"":[1,2],""kind"":""zero""}]"
4,new,L1_zero_pair13,pair,True,0.9993100382033283,0.9992704321048222,0.9992434778759479,0.9992973863336966,-3.9606098506062004e-05,3.9606098506062004e-05,1.0,True,0.9993559495196678,0.9993133407551795,0.9993133409016162,0.7293715754912348,0.9877758473196806,0.9993101660829719,0.933927396324708,"[{""layer"":0,""component"":""z"",""positions"":[1,3,5,7],""heads"":[1,3],""kind"":""zero""}]"
4,new,L1_zero_pair23,pair,True,0.26155163728510994,0.2553318828414629,0.23854845900134816,0.2721153066815777,-0.00621975444364703,0.00621975444364703,0.2607421875,True,0.9993559495196678,0.2664169414967823,0.26641970477393545,0.48507277573843566,0.8354732643031453,0.2663229693303274,0.42948525681639294,"[{""layer"":0,""component"":""z"",""positions"":[1,3,5,7],""heads"":[2,3],""kind"":""zero""}]"
4,new,L1_zero_rescue0,triple_rescue,True,0.21366432757665477,0.20783490306502383,0.19233909927211457,0.2233307068579331,-0.005829424511630932,0.005829424511630932,0.20947265625,True,0.9993559495196678,0.2663781004559773,0.2664093500863696,0.37797362407649493,0.6327212333250953,0.2650421368284801,0.29433013874183017,"[{""layer"":0,""component"":""z"",""positions"":[1,3,5,7],""heads"":[0],""kind"":""rescue"",""corruption"":""zero""}]"
4,new,L1_zero_rescue1,triple_rescue,True,0.22426083141531078,0.2269456206513376,0.21079957847001976,0.24309166283265546,0.00268478923602683,0.00268478923602683,0.23046875,True,0.9993559495196678,0.2663950913886133,0.2664138797229409,0.3779755119578989,0.6333719952495817,0.26540199575512113,0.29440185481022474,"[{""layer"":0,""component"":""z"",""positions"":[1,3,5,7],""heads"":[1],""kind"":""rescue"",""corruption"":""zero""}]"
4,new,L1_zero_rescue2,triple_rescue,True,0.9992608140582911,0.9991754624352325,0.999120872212408,0.999230052658057,-8.53516230586715e-05,8.53516230586715e-05,1.0,True,0.9993559495196678,0.9992914906470105,0.9992914917250499,0.45940844520883195,0.8129178854645203,0.9992619308061004,0.3821249172860123,"[{""layer"":0,""component"":""z"",""positions"":[1,3,5,7],""heads"":[2],""kind"":""rescue"",""corruption"":""zero""}]"
4,new,L1_zero_rescue3,triple_rescue,True,0.19225230482704891,0.21028901874836514,0.19452973317364664,0.22604830432308365,0.018036713921316228,0.018036713921316228,0.2109375,True,0.9993559495196678,0.26636001807149157,0.26640452964730255,0.3779716149226632,0.6320096301003859,0.26424429640827685,0.2941779403249605,"[{""layer"":0,""component"":""z"",""positions"":[1,3,5,7],""heads"":[3],""kind"":""rescue"",""corruption"":""zero""}]"
4,new,L1_resample_pair01,pair,True,0.9993500398542743,0.9993404331617057,0.9993285505763566,0.9993523157470549,-9.606692568553399e-06,9.606692568553399e-06,1.0,True,0.9993559495196678,0.9993520916323178,0.9993520916048881,0.999346766989523,0.9993468631286437,0.999349638478286,0.9993525905404061,"[{""layer"":0,""component"":""z"",""positions"":[1,3,5,7],""heads"":[0,1],""kind"":""resample""}]"
4,new,L1_resample_pair02,pair,True,0.999323229236966,0.9993407346773893,0.9993295168305798,0.9993519525241987,1.750544042322666e-05,1.750544042322666e-05,1.0,True,0.9993559495196678,0.9992997500812635,0.9992997504470996,0.9993293198058383,0.9993295327616684,0.9993000102845024,0.9993424225941276,"[{""layer"":0,""component"":""z"",""positions"":[1,3,5,7],""heads"":[0,2],""kind"":""resample""}]"
4,new,L1_resample_pair03,pair,True,0.9993466363912458,0.9993360887165181,0.9993241957532406,0.9993479816797957,-1.0547674727634515e-05,1.0547674727634515e-05,1.0,True,0.9993559495196678,0.9993461678386666,0.999346167855745,0.9993447923916393,0.9993448554568639,0.9993459353964314,0.9993506745709745,"[{""layer"":0,""component"":""z"",""positions"":[1,3,5,7],""heads"":[0,3],""kind"":""resample""}]"
4,new,L1_resample_pair12,pair,True,0.9993134814119722,0.99934503910481,0.9993342209467692,0.9993558572628508,3.155769283780252e-05,3.155769283780252e-05,1.0,True,0.9993559495196678,0.9993109094211832,0.9993109092433118,0.9993330395858114,0.9993333824653599,0.999309488006364,0.999345801668763,"[{""layer"":0,""component"":""z"",""positions"":[1,3,5,7],""heads"":[1,2],""kind"":""resample""}]"
4,new,L1_resample_pair13,pair,True,0.9993573550022092,0.9993411332543474,0.9993293262838099,0.9993529402248849,-1.6221747861866476e-05,1.6221747861866476e-05,1.0,True,0.9993559495196678,0.9993573271785863,0.9993573271702826,0.9993485121716125,0.9993486172377108,0.9993572667963194,0.9993542098857446,"[{""layer"":0,""component"":""z"",""positions"":[1,3,5,7],""heads"":[1,3],""kind"":""resample""}]"
4,new,L1_resample_pair23,pair,True,0.9993155483667832,0.9993412629410159,0.9993291695096227,0.9993533563724091,2.571457423272694e-05,2.571457423272694e-05,1.0,True,0.9993559495196678,0.999304985627532,0.9993049857382809,0.9993310649879278,0.9993313333832122,0.9993043766217116,0.9993438350208586,"[{""layer"":0,""component"":""z"",""positions"":[1,3,5,7],""heads"":[2,3],""kind"":""resample""}]"
4,new,L1_resample_rescue0,triple_rescue,True,0.9993219015876393,0.9993456546508241,0.999335741962184,0.9993555673394643,2.3753063184805967e-05,2.3753063184805967e-05,1.0,True,0.9993559495196678,0.9993086363538168,0.999308636278391,0.9993348993658502,0.9993350471153049,0.9993065169646702,0.9993422773152396,"[{""layer"":0,""component"":""z"",""positions"":[1,3,5,7],""heads"":[0],""kind"":""rescue"",""corruption"":""resample""}]"
4,new,L1_resample_rescue1,triple_rescue,True,0.999326944532705,0.9993379794468638,0.9993260636798945,0.999349895213833,1.103491415876956e-05,1.103491415876956e-05,1.0,True,0.9993559495196678,0.9992974770138972,0.9992974775075599,0.9993336594391925,0.9993337695375827,0.9992968239022438,0.999341118189338,"[{""layer"":0,""component"":""z"",""positions"":[1,3,5,7],""heads"":[1],""kind"":""rescue"",""corruption"":""resample""}]"
4,new,L1_resample_rescue2,triple_rescue,True,0.9993490261794169,0.9993266926321667,0.9993116653512134,0.9993417199131199,-2.2333547250230623e-05,2.2333547250230623e-05,1.0,True,0.9993559495196678,0.9993498185649514,0.9993498185462968,0.9993394751670874,0.9993395599945714,0.9993473034616236,0.9993456552276457,"[{""layer"":0,""component"":""z"",""positions"":[1,3,5,7],""heads"":[2],""kind"":""rescue"",""corruption"":""resample""}]"
4,new,L1_resample_rescue3,triple_rescue,True,0.9993288445937301,0.999344038486015,0.9993339447436183,0.9993541322284119,1.5193892284992572e-05,1.5193892284992572e-05,1.0,True,0.9993559495196678,0.9993034008075483,0.9993034009680848,0.999334317638487,0.9993344507740243,0.9993007235358105,0.9993417835339511,"[{""layer"":0,""component"":""z"",""positions"":[1,3,5,7],""heads"":[3],""kind"":""rescue"",""corruption"":""resample""}]"
4,new,L2_mean_pair01,pair,True,0.9040666413360854,0.8608308569016572,0.8500024169706778,0.8716592968326365,-0.043235784434428215,0.043235784434428215,0.9208984375,True,0.9993559495196678,0.9425443340460333,0.9433426481549856,0.6912931869847488,0.8475169676225873,0.9370556233116206,0.9166023695774549,"[{""layer"":1,""component"":""z"",""positions"":[8],""heads"":[0,1],""kind"":""mean""}]"
4,new,L2_mean_pair02,pair,True,0.8839756226006354,0.897048573790471,0.886899176796789,0.907197970784153,0.013072951189835536,0.013072951189835536,0.9345703125,True,0.9993559495196678,0.9188198946326338,0.9202209806842442,0.6833850405136157,0.8208884301035461,0.9181581836105248,0.909330387695908,"[{""layer"":1,""component"":""z"",""positions"":[8],""heads"":[0,2],""kind"":""mean""}]"
4,new,L2_mean_pair03,pair,True,0.9533413037215619,0.945469373643391,0.938522022427371,0.952416724859411,-0.007871930078170886,0.007871930078170886,0.97802734375,True,0.9993559495196678,0.9603138566053531,0.9606606966269075,0.6972163611711888,0.8798063665383701,0.9615222478640366,0.9386520382107775,"[{""layer"":1,""component"":""z"",""positions"":[8],""heads"":[0,3],""kind"":""mean""}]"
4,new,L2_mean_pair12,pair,True,0.7665762835516357,0.778543102515485,0.7641108003625402,0.7929754046684298,0.011966818963849324,0.011966818963849324,0.83349609375,True,0.9993559495196678,0.912789982920458,0.9145238039756853,0.6813750699428904,0.8101319479510305,0.8951939529115279,0.8880177086028724,"[{""layer"":1,""component"":""z"",""positions"":[8],""heads"":[1,2],""kind"":""mean""}]"
4,new,L2_mean_pair13,pair,True,0.9221013544913292,0.8710750511244783,0.8600266309292478,0.8821234713197087,-0.05102630336685099,0.05102630336685099,0.91259765625,True,0.9993559495196678,0.9542839448931772,0.9547131537426089,0.6952063906004635,0.8720366165104888,0.9508298920619115,0.9212920080329647,"[{""layer"":1,""component"":""z"",""positions"":[8],""heads"":[1,3],""kind"":""mean""}]"
4,new,L2_mean_pair23,pair,True,0.8922102299214746,0.7994295122000779,0.7849862035709746,0.8138728208291811,-0.09278071772139673,0.09278071772139673,0.8330078125,True,0.9993559495196678,0.9305595054797777,0.9313127910918231,0.6872982441293304,0.8489267418776506,0.9264795629198992,0.9114854546324221,"[{""layer"":1,""component"":""z"",""positions"":[8],""heads"":[2,3],""kind"":""mean""}]"
4,new,L2_mean_rescue0,triple_rescue,True,0.4617639976308483,0.4538646993792774,0.43614670633909747,0.4715826924194574,-0.007899298251570874,0.007899298251570874,0.50341796875,True,0.9993559495196678,0.8991387418868726,0.9020313733407109,0.40996958947305334,0.4769102278615968,0.8706888594137673,0.45602165869053846,"[{""layer"":1,""component"":""z"",""positions"":[8],""heads"":[0],""kind"":""rescue"",""corruption"":""mean""}]"
4,new,L2_mean_rescue1,triple_rescue,True,0.729440474177661,0.661686926053136,0.6450653220471043,0.6783085300591676,-0.06775354812452505,0.06775354812452505,0.7177734375,True,0.9993559495196678,0.9051686535990484,0.907650726394448,0.4106395796632951,0.4828597234353808,0.9008489646122573,0.468139771770687,"[{""layer"":1,""component"":""z"",""positions"":[8],""heads"":[1],""kind"":""rescue"",""corruption"":""mean""}]"
4,new,L2_mean_rescue2,triple_rescue,True,0.7786274524999428,0.6845431697985447,0.6691267778527723,0.6999595617443171,-0.09408428270139813,0.09408428270139813,0.76416015625,True,0.9993559495196678,0.9288930930124479,0.9304565509906929,0.4132756284870062,0.4989262757779099,0.9203187474049841,0.47191395376698525,"[{""layer"":1,""component"":""z"",""positions"":[8],""heads"":[2],""kind"":""rescue"",""corruption"":""mean""}]"
4,new,L2_mean_rescue3,triple_rescue,True,0.42886269203133176,0.5543713800325065,0.5367839078903197,0.5719588521746933,0.12550868800117476,0.12550868800117476,0.60302734375,False,0.9993559495196678,0.8873991310397287,0.891288300690486,0.40866518826781517,0.4599936862512383,0.8586417045917957,0.4550359602419298,"[{""layer"":1,""component"":""z"",""positions"":[8],""heads"":[3],""kind"":""rescue"",""corruption"":""mean""}]"
4,new,L2_zero_pair01,pair,True,0.9093855821655568,0.8685364014653487,0.8582139904704736,0.8788588124602238,-0.04084918070020804,0.04084918070020804,0.93359375,True,0.9993559495196678,0.9504188639211861,0.9509639358318093,0.6917312773906305,0.860776411689662,0.944449617101371,0.9167148106464327,"[{""layer"":1,""component"":""z"",""positions"":[8],""heads"":[0,1],""kind"":""zero""}]"
4,new,L2_zero_pair02,pair,True,0.8864768836858808,0.9005162582107005,0.8909887504349998,0.9100437659864011,0.014039374524819626,0.014039374524819626,0.94482421875,True,0.9993559495196678,0.9268807340617968,0.9278290582528861,0.6838852341041673,0.8364127082333648,0.9251537974370359,0.9092364773218784,"[{""layer"":1,""component"":""z"",""positions"":[8],""heads"":[0,2],""kind"":""zero""}]"
4,new,L2_zero_pair03,pair,True,0.9619586203820094,0.953766291384909,0.9479271937723096,0.9596053889975084,-0.008192328997100429,0.008192328997100429,0.9833984375,True,0.9993559495196678,0.9691398920840584,0.9693642376946549,0.6979716201115879,0.8923264676017993,0.9700469438886352,0.9421969983931842,"[{""layer"":1,""component"":""z"",""positions"":[8],""heads"":[0,3],""kind"":""zero""}]"
4,new,L2_zero_pair12,pair,True,0.7729312614693268,0.7672314313739435,0.7518889037728618,0.7825739589750251,-0.005699830095383329,0.005699830095383329,0.80810546875,True,0.9993559495196678,0.9121853293486311,0.9139476327268998,0.6789867658664455,0.8062491065113017,0.8944986512818388,0.8819953719605927,"[{""layer"":1,""component"":""z"",""positions"":[8],""heads"":[1,2],""kind"":""zero""}]"
4,new,L2_zero_pair13,pair,True,0.9226011236875509,0.8725762664001877,0.8614436670463835,0.8837088657539919,-0.05002485728736317,0.05002485728736317,0.90869140625,True,0.9993559495196678,0.9544444873708926,0.954861396515644,0.693073151873866,0.870881161672095,0.9512465774032295,0.918349767886266,"[{""layer"":1,""component"":""z"",""positions"":[8],""heads"":[1,3],""kind"":""zero""}]"
4,new,L2_zero_pair23,pair,True,0.8921857620767284,0.8036176482641224,0.7893961717046601,0.8178391248235847,-0.08856811381260599,0.08856811381260599,0.84423828125,True,0.9993559495196678,0.9309063575115033,0.9316317022224463,0.6852271085874029,0.8479734491930309,0.9266121757548053,0.9086304411628767,"[{""layer"":1,""component"":""z"",""positions"":[8],""heads"":[2,3],""kind"":""zero""}]"
4,new,L2_zero_rescue0,triple_rescue,True,0.48145241540277206,0.4560136821674483,0.438150839354707,0.4738765249801896,-0.02543873323532375,0.02543873323532375,0.50537109375,True,0.9993559495196678,0.8990901123556796,0.9019715769716852,0.4055906804201376,0.4678416241759665,0.8710808437083994,0.457422401441267,"[{""layer"":1,""component"":""z"",""positions"":[8],""heads"":[0],""kind"":""rescue"",""corruption"":""zero""}]"
4,new,L2_zero_rescue1,triple_rescue,True,0.7209480726812878,0.6641214135820519,0.6477809661910495,0.6804618609730543,-0.0568266590992359,0.0568266590992359,0.72802734375,True,0.9993559495196678,0.9137855170688454,0.9156711050671096,0.40722350316604483,0.48496470040790174,0.9075045432311584,0.46382646923891646,"[{""layer"":1,""component"":""z"",""positions"":[8],""heads"":[1],""kind"":""rescue"",""corruption"":""zero""}]"
4,new,L2_zero_rescue2,triple_rescue,True,0.7814600079425194,0.6874297385491559,0.6721688233747521,0.7026906537235597,-0.09403026939336345,0.09403026939336345,0.7763671875,True,0.9993559495196678,0.9373236469282347,0.9385028311591707,0.40983885092819927,0.5007916802345964,0.9283668816285928,0.4696267446341611,"[{""layer"":1,""component"":""z"",""positions"":[8],""heads"":[2],""kind"":""rescue"",""corruption"":""zero""}]"
4,new,L2_zero_rescue3,triple_rescue,True,0.4273144322888139,0.5437272061551184,0.5261068184938293,0.5613475938164074,0.1164127738663045,0.1164127738663045,0.6015625,False,0.9993559495196678,0.8950644889059731,0.8982899968261148,0.40514338892572577,0.46062729622303145,0.8649811116106076,0.4542586864213534,"[{""layer"":1,""component"":""z"",""positions"":[8],""heads"":[3],""kind"":""rescue"",""corruption"":""zero""}]"
4,new,L2_resample_pair01,pair,True,0.6119070957929456,0.5443897369743507,0.5258614659275026,0.5629180080211987,-0.06751735881859489,0.06751735881859489,0.55908203125,True,0.9993559495196678,0.7352793217512215,0.7513699036461887,0.5782350242752259,0.12873137592569855,0.6745093177066328,0.4637841082186735,"[{""layer"":1,""component"":""z"",""positions"":[8],""heads"":[0,1],""kind"":""resample""}]"
4,new,L2_resample_pair02,pair,True,0.5605589535698461,0.4988164216788622,0.4806338193983164,0.516999023959408,-0.06174253189098389,0.06174253189098389,0.50830078125,True,0.9993559495196678,0.6969142262176007,0.7166611685038441,0.5654466590973523,0.11962273118329331,0.6378509908983432,0.4331629076857913,"[{""layer"":1,""component"":""z"",""positions"":[8],""heads"":[0,2],""kind"":""resample""}]"
4,new,L2_resample_pair03,pair,True,0.7724559972187359,0.7060662207727404,0.6891560255621707,0.7229764159833101,-0.06638977644599553,0.06638977644599553,0.72314453125,True,0.9993559495196678,0.8276992824467015,0.8349818403044518,0.6090416778403859,0.1659883536677442,0.796746340255984,0.5638629509677389,"[{""layer"":1,""component"":""z"",""positions"":[8],""heads"":[0,3],""kind"":""resample""}]"
4,new,L2_resample_pair12,pair,True,0.3378390121702397,0.31191618773704366,0.29456423208253046,0.32926814339155686,-0.025922824433196046,0.025922824433196046,0.31103515625,True,0.9993559495196678,0.6233235315498717,0.6583282010262889,0.5409164275414426,0.09848630066661504,0.49415065495600186,0.34623298054942936,"[{""layer"":1,""component"":""z"",""positions"":[8],""heads"":[1,2],""kind"":""resample""}]"
4,new,L2_resample_pair13,pair,True,0.6320558733977337,0.5210591942212215,0.5026138639979308,0.5395045244445121,-0.11099667917651224,0.11099667917651224,0.5322265625,False,0.9993559495196678,0.7541085877789726,0.7670181069874741,0.5845114462844763,0.13794311474516474,0.6911240213505769,0.4703300505366048,"[{""layer"":1,""component"":""z"",""positions"":[8],""heads"":[1,3],""kind"":""resample""}]"
4,new,L2_resample_pair23,pair,True,0.5579960956615218,0.44900940718686044,0.43027122881969565,0.46774758555402524,-0.10898668847466131,0.10898668847466131,0.458984375,False,0.9993559495196678,0.7157434922453518,0.7315865197018768,0.5717230811066026,0.12827864016932491,0.6301357144587639,0.44066683305059173,"[{""layer"":1,""component"":""z"",""positions"":[8],""heads"":[2,3],""kind"":""resample""}]"
4,new,L2_resample_rescue0,triple_rescue,True,0.08774326506862291,0.07545418806915988,0.06607571159812049,0.08483266454019926,-0.012289076999463036,0.012289076999463036,0.07080078125,True,0.9993559495196678,0.5469098310272642,0.6079904869985807,0.28289339326614765,0.0030831690925127767,0.32468036880501455,0.007334515741989317,"[{""layer"":1,""component"":""z"",""positions"":[8],""heads"":[0],""kind"":""rescue"",""corruption"":""resample""}]"
4,new,L2_resample_rescue1,triple_rescue,True,0.22231582025278457,0.16597452721905226,0.1525351911941535,0.179413863243951,-0.05634129303373231,0.05634129303373231,0.16064453125,True,0.9993559495196678,0.6205005256949931,0.6618631439035443,0.2910701371181175,0.00331494881000084,0.45691540602115865,0.008594514083956574,"[{""layer"":1,""component"":""z"",""positions"":[8],""heads"":[1],""kind"":""rescue"",""corruption"":""resample""}]"
4,new,L2_resample_rescue2,triple_rescue,True,0.28508654190740346,0.20689098985184584,0.1919652621313895,0.22181671757230217,-0.07819555205555762,0.07819555205555762,0.208984375,True,0.9993559495196678,0.6588656212286139,0.6939179468869215,0.2953329255107421,0.003408514939155177,0.5071901753555099,0.00865435097259024,"[{""layer"":1,""component"":""z"",""positions"":[8],""heads"":[2],""kind"":""rescue"",""corruption"":""resample""}]"
4,new,L2_resample_rescue3,triple_rescue,True,0.06557157707757726,0.07748271551352492,0.06775531461186533,0.08721011641518452,0.011911138435947669,0.011911138435947669,0.0732421875,True,0.9993559495196678,0.5280805649995131,0.5955866614781015,0.28080125259639754,0.0030025382309073786,0.3020002577696097,0.007160521248092787,"[{""layer"":1,""component"":""z"",""positions"":[8],""heads"":[3],""kind"":""rescue"",""corruption"":""resample""}]"
4,new,cross_mean_00,cross_layer,True,0.9742911513619859,0.9734454631801555,0.9682324453287466,0.9786584810315643,-0.0008456881818303952,0.0008456881818303952,0.98486328125,True,0.9993559495196678,0.9739625608326605,0.9739626252858442,0.9739626252858442,0.9739626252858442,0.9742911513619859,0.9742911513619859,"[{""layer"":0,""component"":""z"",""positions"":[1,3,5,7],""heads"":[0],""kind"":""mean""},{""layer"":1,""component"":""z"",""positions"":[8],""heads"":[0],""kind"":""mean""}]"
4,new,cross_mean_01,cross_layer,True,0.9680997321232806,0.9674497453615913,0.9630465924020701,0.9718528983211125,-0.0006499867616892585,0.0006499867616892585,0.9931640625,True,0.9993559495196678,0.9679326491204847,0.9679327288802444,0.9679327288802444,0.9679327288802445,0.9680997321232806,0.9680997321232806,"[{""layer"":0,""component"":""z"",""positions"":[1,3,5,7],""heads"":[0],""kind"":""mean""},{""layer"":1,""component"":""z"",""positions"":[8],""heads"":[1],""kind"":""mean""}]"
4,new,cross_mean_02,cross_layer,True,0.9443855671241056,0.9385072234695144,0.9304043785578284,0.9466100683812004,-0.005878343654591167,0.005878343654591167,0.9599609375,True,0.9993559495196678,0.9442082097070852,0.9442083496899385,0.9442083496899385,0.9442083496899385,0.9443855671241056,0.9443855671241056,"[{""layer"":0,""component"":""z"",""positions"":[1,3,5,7],""heads"":[0],""kind"":""mean""},{""layer"":1,""component"":""z"",""positions"":[8],""heads"":[2],""kind"":""mean""}]"
4,new,cross_mean_03,cross_layer,True,0.9856045501238768,0.9839045787284704,0.9806853969138495,0.9871237605430913,-0.0016999713954064521,0.0016999713954064521,0.99609375,True,0.9993559495196678,0.9857021716798045,0.9857022063326766,0.9857022063326766,0.9857022063326766,0.9856045501238768,0.9856045501238768,"[{""layer"":0,""component"":""z"",""positions"":[1,3,5,7],""heads"":[0],""kind"":""mean""},{""layer"":1,""component"":""z"",""positions"":[8],""heads"":[3],""kind"":""mean""}]"
4,new,cross_mean_10,cross_layer,True,0.9739790891923277,0.9721926042627729,0.9667606849277529,0.9776245235977928,-0.001786484929554799,0.001786484929554799,0.9814453125,True,0.9993559495196678,0.9739638723094686,0.9739639034416784,0.9739639034416784,0.9739639034416784,0.9739790891923277,0.9739790891923277,"[{""layer"":0,""component"":""z"",""positions"":[1,3,5,7],""heads"":[1],""kind"":""mean""},{""layer"":1,""component"":""z"",""positions"":[8],""heads"":[0],""kind"":""mean""}]"
4,new,cross_mean_11,cross_layer,True,0.9679393603656781,0.96718075506692,0.9627216615631486,0.9716398485706914,-0.0007586052987580416,0.0007586052987580416,0.9931640625,True,0.9993559495196678,0.9679339605972928,0.9679339991228928,0.9679339991228928,0.9679339991228929,0.9679393603656781,0.9679393603656781,"[{""layer"":0,""component"":""z"",""positions"":[1,3,5,7],""heads"":[1],""kind"":""mean""},{""layer"":1,""component"":""z"",""positions"":[8],""heads"":[1],""kind"":""mean""}]"
4,new,cross_mean_12,cross_layer,True,0.9443168646539448,0.938336694751456,0.9302487467203568,0.9464246427825551,-0.005980169902488841,0.005980169902488841,0.9619140625,True,0.9993559495196678,0.9442095211838932,0.9442095887984828,0.9442095887984828,0.9442095887984828,0.9443168646539448,0.9443168646539448,"[{""layer"":0,""component"":""z"",""positions"":[1,3,5,7],""heads"":[1],""kind"":""mean""},{""layer"":1,""component"":""z"",""positions"":[8],""heads"":[2],""kind"":""mean""}]"
4,new,cross_mean_13,cross_layer,True,0.9857022438333505,0.9832423692714656,0.9799217029191978,0.9865630356237334,-0.0024598745618849005,0.0024598745618849005,0.99658203125,True,0.9993559495196678,0.9857034831566125,0.9857034998946606,0.9857034998946606,0.9857034998946606,0.9857022438333505,0.9857022438333505,"[{""layer"":0,""component"":""z"",""positions"":[1,3,5,7],""heads"":[1],""kind"":""mean""},{""layer"":1,""component"":""z"",""positions"":[8],""heads"":[3],""kind"":""mean""}]"
4,new,cross_mean_20,cross_layer,True,0.25395929258361283,0.31279978237093164,0.2954032514375125,0.3301963133043508,0.05884048978731882,0.05884048978731882,0.3271484375,True,0.9993559495196678,0.2615093279673546,0.2796108451775108,0.2796108451775108,0.2796108451775108,0.25395929258361283,0.25395929258361283,"[{""layer"":0,""component"":""z"",""positions"":[1,3,5,7],""heads"":[2],""kind"":""mean""},{""layer"":1,""component"":""z"",""positions"":[8],""heads"":[0],""kind"":""mean""}]"
4,new,cross_mean_21,cross_layer,True,0.22599058475856793,0.30937850672500034,0.29247556228160043,0.32628145116840024,0.08338792196643241,0.08338792196643241,0.32177734375,True,0.9993559495196678,0.2554794162551788,0.2778797475085342,0.2778797475085342,0.2778797475085343,0.22599058475856793,0.22599058475856793,"[{""layer"":0,""component"":""z"",""positions"":[1,3,5,7],""heads"":[2],""kind"":""mean""},{""layer"":1,""component"":""z"",""positions"":[8],""heads"":[1],""kind"":""mean""}]"
4,new,cross_mean_22,cross_layer,True,0.21399120788543693,0.2816104960107553,0.26490956894173423,0.2983114230797763,0.06761928812531834,0.06761928812531834,0.2919921875,True,0.9993559495196678,0.23175497684177926,0.27106881498967467,0.27106881498967467,0.27106881498967467,0.21399120788543693,0.21399120788543693,"[{""layer"":0,""component"":""z"",""positions"":[1,3,5,7],""heads"":[2],""kind"":""mean""},{""layer"":1,""component"":""z"",""positions"":[8],""heads"":[2],""kind"":""mean""}]"
4,new,cross_mean_23,cross_layer,True,0.24267671045930683,0.2956288546691932,0.27879102386829174,0.31246668547009465,0.052952144209886365,0.052952144209886365,0.302734375,True,0.9993559495196678,0.2732489388144985,0.2829811122630381,0.2829811122630381,0.2829811122630381,0.2426767104593068,0.2426767104593068,"[{""layer"":0,""component"":""z"",""positions"":[1,3,5,7],""heads"":[2],""kind"":""mean""},{""layer"":1,""component"":""z"",""positions"":[8],""heads"":[3],""kind"":""mean""}]"
4,new,cross_mean_30,cross_layer,True,0.9741474437473743,0.9736718598391008,0.9684650824023765,0.978878637275825,-0.0004755839082735136,0.0004755839082735136,0.984375,True,0.9993559495196678,0.9739644708588457,0.9739644867835826,0.9739644867835826,0.9739644867835826,0.9741474437473743,0.9741474437473743,"[{""layer"":0,""component"":""z"",""positions"":[1,3,5,7],""heads"":[3],""kind"":""mean""},{""layer"":1,""component"":""z"",""positions"":[8],""heads"":[0],""kind"":""mean""}]"
4,new,cross_mean_31,cross_layer,True,0.9679782513636581,0.9678442714289304,0.963514259974434,0.9721742828834268,-0.00013397993472774594,0.00013397993472774594,0.99365234375,True,0.9993559495196678,0.9679345591466699,0.9679345788532712,0.9679345788532712,0.9679345788532713,0.9679782513636582,0.9679782513636582,"[{""layer"":0,""component"":""z"",""positions"":[1,3,5,7],""heads"":[3],""kind"":""mean""},{""layer"":1,""component"":""z"",""positions"":[8],""heads"":[1],""kind"":""mean""}]"
4,new,cross_mean_32,cross_layer,True,0.9441834857922244,0.9383906519981338,0.9303106585841847,0.9464706454120828,-0.005792833794090679,0.005792833794090679,0.96142578125,True,0.9993559495196678,0.9442101197332704,0.9442101543194611,0.9442101543194611,0.9442101543194611,0.9441834857922244,0.9441834857922244,"[{""layer"":0,""component"":""z"",""positions"":[1,3,5,7],""heads"":[3],""kind"":""mean""},{""layer"":1,""component"":""z"",""positions"":[8],""heads"":[2],""kind"":""mean""}]"
4,new,cross_mean_33,cross_layer,True,0.9855883023096209,0.983348885387386,0.9800046796405457,0.9866930911342262,-0.002239416922234949,0.002239416922234949,0.99609375,True,0.9993559495196678,0.9857040817059897,0.9857040902678299,0.9857040902678299,0.9857040902678299,0.9855883023096209,0.9855883023096209,"[{""layer"":0,""component"":""z"",""positions"":[1,3,5,7],""heads"":[3],""kind"":""mean""},{""layer"":1,""component"":""z"",""positions"":[8],""heads"":[3],""kind"":""mean""}]"
4,new,cross_resample_00,cross_layer,True,0.9042489885027226,0.9173734162656118,0.9073824181175251,0.9273644144136984,0.013124427762889135,0.013124427762889135,0.9287109375,True,0.9993559495196678,0.9041054743556742,0.9041061899591962,0.9041061899591962,0.9041061899591962,0.9042489885027225,0.9042489885027225,"[{""layer"":0,""component"":""z"",""positions"":[1,3,5,7],""heads"":[0],""kind"":""resample""},{""layer"":1,""component"":""z"",""positions"":[8],""heads"":[0],""kind"":""resample""}]"
4,new,cross_resample_01,cross_layer,True,0.8304985479253112,0.8303609195185331,0.8168128355499433,0.8439090034871228,-0.00013762840677811194,0.00013762840677811194,0.85498046875,True,0.9993559495196678,0.8305147796879453,0.8305160482116692,0.8305160482116692,0.8305160482116692,0.8304985479253112,0.8304985479253112,"[{""layer"":0,""component"":""z"",""positions"":[1,3,5,7],""heads"":[0],""kind"":""resample""},{""layer"":1,""component"":""z"",""positions"":[8],""heads"":[1],""kind"":""resample""}]"
4,new,cross_resample_02,cross_layer,True,0.7919387999331168,0.7776268579707946,0.7621641956504012,0.793089520291188,-0.014311941962322217,0.014311941962322217,0.79296875,True,0.9993559495196678,0.7921496841543245,0.7921512409323783,0.7921512409323783,0.7921512409323782,0.7919387999331168,0.7919387999331168,"[{""layer"":0,""component"":""z"",""positions"":[1,3,5,7],""heads"":[0],""kind"":""resample""},{""layer"":1,""component"":""z"",""positions"":[8],""heads"":[2],""kind"":""resample""}]"
4,new,cross_resample_03,cross_layer,True,0.9227160776762959,0.9172889187693727,0.9074777884674763,0.9271000490712691,-0.005427158906923246,0.005427158906923246,0.927734375,True,0.9993559495196678,0.9229347403834254,0.9229353145141482,0.9229353145141482,0.9229353145141481,0.9227160776762959,0.9227160776762959,"[{""layer"":0,""component"":""z"",""positions"":[1,3,5,7],""heads"":[0],""kind"":""resample""},{""layer"":1,""component"":""z"",""positions"":[8],""heads"":[3],""kind"":""resample""}]"
4,new,cross_resample_10,cross_layer,True,0.9042815725250575,0.9179109912919756,0.9079090206789517,0.9279129619049995,0.013629418766918144,0.013629418766918144,0.9287109375,True,0.9993559495196678,0.9041166336955939,0.904116285765508,0.904116285765508,0.9041162857655083,0.9042815725250575,0.9042815725250575,"[{""layer"":0,""component"":""z"",""positions"":[1,3,5,7],""heads"":[1],""kind"":""resample""},{""layer"":1,""component"":""z"",""positions"":[8],""heads"":[0],""kind"":""resample""}]"
4,new,cross_resample_11,cross_layer,True,0.8307849821803418,0.8332431326876488,0.8198024779249709,0.8466837874503268,0.002458150507307022,0.002458150507307022,0.8583984375,True,0.9993559495196678,0.830525939027865,0.830525322265154,0.830525322265154,0.8305253222651543,0.8307849821803418,0.8307849821803418,"[{""layer"":0,""component"":""z"",""positions"":[1,3,5,7],""heads"":[1],""kind"":""resample""},{""layer"":1,""component"":""z"",""positions"":[8],""heads"":[1],""kind"":""resample""}]"
4,new,cross_resample_12,cross_layer,True,0.7925178776551944,0.7787763763767401,0.7633422837318161,0.7942104690216641,-0.013741501278454304,0.013741501278454304,0.79541015625,True,0.9993559495196678,0.7921608434942442,0.7921600865808064,0.7921600865808064,0.7921600865808065,0.7925178776551944,0.7925178776551944,"[{""layer"":0,""component"":""z"",""positions"":[1,3,5,7],""heads"":[1],""kind"":""resample""},{""layer"":1,""component"":""z"",""positions"":[8],""heads"":[2],""kind"":""resample""}]"
4,new,cross_resample_13,cross_layer,True,0.9232774839009057,0.9177648649435923,0.9079733950116462,0.9275563348755385,-0.005512618957313364,0.005512618957313364,0.9296875,True,0.9993559495196678,0.9229458997233451,0.9229456205780564,0.9229456205780564,0.9229456205780566,0.9232774839009057,0.9232774839009057,"[{""layer"":0,""component"":""z"",""positions"":[1,3,5,7],""heads"":[1],""kind"":""resample""},{""layer"":1,""component"":""z"",""positions"":[8],""heads"":[3],""kind"":""resample""}]"
4,new,cross_resample_20,cross_layer,True,0.9045859647351993,0.9181364844471602,0.908112553032935,0.9281604158613854,0.013550519711960973,0.013550519711960973,0.9296875,True,0.9993559495196678,0.9040642921445396,0.9040689325918169,0.9040689325918169,0.9040689325918169,0.9045859647351993,0.9045859647351993,"[{""layer"":0,""component"":""z"",""positions"":[1,3,5,7],""heads"":[2],""kind"":""resample""},{""layer"":1,""component"":""z"",""positions"":[8],""heads"":[0],""kind"":""resample""}]"
4,new,cross_resample_21,cross_layer,True,0.8293514909550539,0.8338684239627483,0.8204840418783435,0.8472528060471531,0.004516933007694401,0.004516933007694401,0.86083984375,True,0.9993559495196678,0.8304735974768107,0.8304818234249501,0.8304818234249501,0.8304818234249501,0.8293514909550539,0.8293514909550539,"[{""layer"":0,""component"":""z"",""positions"":[1,3,5,7],""heads"":[2],""kind"":""resample""},{""layer"":1,""component"":""z"",""positions"":[8],""heads"":[1],""kind"":""resample""}]"
4,new,cross_resample_22,cross_layer,True,0.7924680602629224,0.7794540240526047,0.7640538229272611,0.7948542251779482,-0.013014036210317714,0.013014036210317714,0.79736328125,True,0.9993559495196678,0.7921085019431899,0.7921185971233531,0.7921185971233531,0.792118597123353,0.7924680602629224,0.7924680602629224,"[{""layer"":0,""component"":""z"",""positions"":[1,3,5,7],""heads"":[2],""kind"":""resample""},{""layer"":1,""component"":""z"",""positions"":[8],""heads"":[2],""kind"":""resample""}]"
4,new,cross_resample_23,cross_layer,True,0.922561716452336,0.9169711779986756,0.9070991247404803,0.9268432312568708,-0.005590538453660421,0.005590538453660421,0.9306640625,True,0.9993559495196678,0.9228935581722908,0.9228972812162213,0.9228972812162213,0.9228972812162212,0.922561716452336,0.922561716452336,"[{""layer"":0,""component"":""z"",""positions"":[1,3,5,7],""heads"":[2],""kind"":""resample""},{""layer"":1,""component"":""z"",""positions"":[8],""heads"":[3],""kind"":""resample""}]"
4,new,cross_resample_30,cross_layer,True,0.9041669845583848,0.9184820563960798,0.9085241844816128,0.9284399283105469,0.014315071837694981,0.014315071837694981,0.93017578125,True,0.9993559495196678,0.9041107099019428,0.9041109265351446,0.9041109265351446,0.9041109265351447,0.9041669845583848,0.9041669845583848,"[{""layer"":0,""component"":""z"",""positions"":[1,3,5,7],""heads"":[3],""kind"":""resample""},{""layer"":1,""component"":""z"",""positions"":[8],""heads"":[0],""kind"":""resample""}]"
4,new,cross_resample_31,cross_layer,True,0.8303178570953995,0.8331339223646737,0.8196969172900035,0.8465709274393438,0.0028160652692741373,0.0028160652692741373,0.857421875,True,0.9993559495196678,0.8305200152342138,0.8305203992518262,0.8305203992518262,0.8305203992518263,0.8303178570953995,0.8303178570953995,"[{""layer"":0,""component"":""z"",""positions"":[1,3,5,7],""heads"":[3],""kind"":""resample""},{""layer"":1,""component"":""z"",""positions"":[8],""heads"":[1],""kind"":""resample""}]"
4,new,cross_resample_32,cross_layer,True,0.7920344215859048,0.7772797138716001,0.7618163703225326,0.7927430574206676,-0.014754707714304649,0.014754707714304649,0.7958984375,True,0.9993559495196678,0.792154919700593,0.7921553909808536,0.7921553909808536,0.7921553909808536,0.7920344215859046,0.7920344215859046,"[{""layer"":0,""component"":""z"",""positions"":[1,3,5,7],""heads"":[3],""kind"":""resample""},{""layer"":1,""component"":""z"",""positions"":[8],""heads"":[2],""kind"":""resample""}]"
4,new,cross_resample_33,cross_layer,True,0.9226918691032803,0.9178528039983576,0.9080636408142045,0.9276419671825106,-0.004839065104922713,0.004839065104922713,0.93115234375,True,0.9993559495196678,0.9229399759296939,0.9229401497351224,0.9229401497351224,0.9229401497351224,0.9226918691032803,0.9226918691032803,"[{""layer"":0,""component"":""z"",""positions"":[1,3,5,7],""heads"":[3],""kind"":""resample""},{""layer"":1,""component"":""z"",""positions"":[8],""heads"":[3],""kind"":""resample""}]"
5,new,clean,reference,False,0.9994380792486481,0.9994360824930482,0.9994294142079095,0.9994427507781868,-1.996755599975586e-06,1.996755599975586e-06,1.0,True,0.9994380792486481,0.9994380792486481,0.9994380792486481,0.9994380792486481,0.9994380792486481,0.9994380792486481,0.9994380792486481,[]
5,new,L1_mean_h0,familiar,False,0.9994358459953219,0.9994337714160793,0.9994270411706568,0.9994405016615017,-2.074579242616892e-06,2.074579242616892e-06,1.0,True,0.9994380792486481,0.9994358459953219,0.9994358459953219,0.9994358459953219,0.9994358459953219,0.9994358459953219,0.9994358459953219,"[{""layer"":0,""component"":""z"",""positions"":[1,3,5,7],""heads"":[0],""kind"":""mean""}]"
5,new,L1_mean_h1,familiar,False,0.7595112228280003,0.7896301645775763,0.7737077510331527,0.8055525781219999,0.030118941749575967,0.030118941749575967,0.8046875,True,0.9994380792486481,0.7595112228280003,0.7595112228280003,0.7595112228280003,0.7595112228280003,0.7595112228280003,0.7595112228280003,"[{""layer"":0,""component"":""z"",""positions"":[1,3,5,7],""heads"":[1],""kind"":""mean""}]"
5,new,L1_mean_h2,familiar,False,0.9905846800929794,0.9904925946809726,0.9875741640448906,0.9934110253170546,-9.208541200678155e-05,9.208541200678155e-05,0.99365234375,True,0.9994380792486481,0.9905846800929794,0.9905846800929794,0.9905846800929794,0.9905846800929794,0.9905846800929794,0.9905846800929794,"[{""layer"":0,""component"":""z"",""positions"":[1,3,5,7],""heads"":[2],""kind"":""mean""}]"
5,new,L1_mean_h3,familiar,False,0.9993151540402323,0.9992681854928378,0.9992174357441488,0.9993189352415268,-4.696854739449918e-05,4.696854739449918e-05,1.0,True,0.9994380792486481,0.9993151540402323,0.9993151540402323,0.9993151540402323,0.9993151540402323,0.9993151540402323,0.9993151540402323,"[{""layer"":0,""component"":""z"",""positions"":[1,3,5,7],""heads"":[3],""kind"":""mean""}]"
5,new,L1_mean_all,familiar,False,0.17673233236185926,0.16679037917677397,0.154295689103373,0.17928506925017496,-0.009941953185085284,0.009941953185085284,0.16796875,True,0.9994380792486481,0.17673233236185926,0.17673233236185926,0.17673233236185926,0.17673233236185926,0.17673233236185926,0.17673233236185926,"[{""layer"":0,""component"":""z"",""positions"":[1,3,5,7],""heads"":[0,1,2,3],""kind"":""mean""}]"
5,new,L1_mean_wrong_position,control,False,0.9994580136844888,0.9994600416976027,0.9994532829720079,0.9994668004231976,2.028013113886118e-06,2.028013113886118e-06,1.0,True,0.9994380792486481,0.9994580136844888,0.9994580136844888,0.9994580136844888,0.9994580136844888,0.9994580136844888,0.9994580136844888,"[{""layer"":0,""component"":""z"",""positions"":[8],""heads"":[0,1,2,3],""kind"":""mean""}]"
5,new,L1_zero_h0,familiar,False,0.9994318464887328,0.9994277947989758,0.9994205605189657,0.999435029078986,-4.0516897570341825e-06,4.0516897570341825e-06,1.0,True,0.9994380792486481,0.9994318464887328,0.9994318464887328,0.9994318464887328,0.9994318464887328,0.9994318464887328,0.9994318464887328,"[{""layer"":0,""component"":""z"",""positions"":[1,3,5,7],""heads"":[0],""kind"":""zero""}]"
5,new,L1_zero_h1,familiar,False,0.7279629543220476,0.7584610822559679,0.7415289906212241,0.7753931738907116,0.03049812793392026,0.03049812793392026,0.7724609375,True,0.9994380792486481,0.7279629543220476,0.7279629543220476,0.7279629543220476,0.7279629543220476,0.7279629543220476,0.7279629543220476,"[{""layer"":0,""component"":""z"",""positions"":[1,3,5,7],""heads"":[1],""kind"":""zero""}]"
5,new,L1_zero_h2,familiar,False,0.9869299272684202,0.9846321755426288,0.9806315439497304,0.9886328071355273,-0.002297751725791386,0.002297751725791386,0.9912109375,True,0.9994380792486481,0.9869299272684202,0.9869299272684202,0.9869299272684202,0.9869299272684202,0.9869299272684202,0.9869299272684202,"[{""layer"":0,""component"":""z"",""positions"":[1,3,5,7],""heads"":[2],""kind"":""zero""}]"
5,new,L1_zero_h3,familiar,False,0.9992484237300232,0.9989607913594227,0.9987152659935331,0.9992063167253123,-0.00028763237060047686,0.00028763237060047686,1.0,True,0.9994380792486481,0.9992484237300232,0.9992484237300232,0.9992484237300232,0.9992484237300232,0.9992484237300232,0.9992484237300232,"[{""layer"":0,""component"":""z"",""positions"":[1,3,5,7],""heads"":[3],""kind"":""zero""}]"
5,new,L1_zero_all,familiar,False,0.20895850455061316,0.18234892040011697,0.16783706021794106,0.19686078058229287,-0.02660958415049619,0.02660958415049619,0.18701171875,True,0.9994380792486481,0.20895850455061316,0.20895850455061316,0.20895850455061316,0.20895850455061316,0.20895850455061316,0.20895850455061316,"[{""layer"":0,""component"":""z"",""positions"":[1,3,5,7],""heads"":[0,1,2,3],""kind"":""zero""}]"
5,new,L1_zero_wrong_position,control,False,0.9994102221680805,0.9994169223064091,0.9994076926715654,0.9994261519412528,6.70013832859695e-06,6.70013832859695e-06,1.0,True,0.9994380792486481,0.9994102221680805,0.9994102221680805,0.9994102221680805,0.9994102221680805,0.9994102221680805,0.9994102221680805,"[{""layer"":0,""component"":""z"",""positions"":[8],""heads"":[0,1,2,3],""kind"":""zero""}]"
5,new,L1_resample_h0,familiar,False,0.9994389202911407,0.9994379315467086,0.9994316906308092,0.999444172462608,-9.887444321066141e-07,9.887444321066141e-07,1.0,True,0.9994380792486481,0.9994389202911407,0.9994389202911407,0.9994389202911407,0.9994389202911407,0.9994389202911407,0.9994389202911407,"[{""layer"":0,""component"":""z"",""positions"":[1,3,5,7],""heads"":[0],""kind"":""resample""}]"
5,new,L1_resample_h1,familiar,False,0.9956937849783571,0.9959988497824952,0.9941980609579044,0.997799638607086,0.0003050648041380555,0.0003050648041380555,0.998046875,True,0.9994380792486481,0.9956937849783571,0.9956937849783571,0.9956937849783571,0.9956937849783571,0.9956937849783571,0.9956937849783571,"[{""layer"":0,""component"":""z"",""positions"":[1,3,5,7],""heads"":[1],""kind"":""resample""}]"
5,new,L1_resample_h2,familiar,False,0.9967747438349761,0.9972679107631848,0.9958753624760138,0.9986604590503557,0.0004931669282086659,0.0004931669282086659,0.99853515625,True,0.9994380792486481,0.9967747438349761,0.9967747438349761,0.9967747438349761,0.9967747438349761,0.9967747438349761,0.9967747438349761,"[{""layer"":0,""component"":""z"",""positions"":[1,3,5,7],""heads"":[2],""kind"":""resample""}]"
5,new,L1_resample_h3,familiar,False,0.999410182936117,0.9994011458184104,0.9993684185848531,0.9994338730519677,-9.037117706611753e-06,9.037117706611753e-06,1.0,True,0.9994380792486481,0.999410182936117,0.999410182936117,0.999410182936117,0.999410182936117,0.999410182936117,0.999410182936117,"[{""layer"":0,""component"":""z"",""positions"":[1,3,5,7],""heads"":[3],""kind"":""resample""}]"
5,new,L1_resample_all,familiar,False,0.9994313549832441,0.9994293060153723,0.9994216956372083,0.9994369163935363,-2.048967871814966e-06,2.048967871814966e-06,1.0,True,0.9994380792486481,0.9994313549832441,0.9994313549832441,0.9994313549832441,0.9994313549832441,0.9994313549832441,0.9994313549832441,"[{""layer"":0,""component"":""z"",""positions"":[1,3,5,7],""heads"":[0,1,2,3],""kind"":""resample""}]"
5,new,L1_resample_wrong_position,control,False,0.9994150061975233,0.9994106302619912,0.9993944761044958,0.9994267844194865,-4.375935532152653e-06,4.375935532152653e-06,1.0,True,0.9994380792486481,0.9994150061975233,0.9994150061975233,0.9994150061975233,0.9994150061975233,0.9994150061975233,0.9994150061975233,"[{""layer"":0,""component"":""z"",""positions"":[8],""heads"":[0,1,2,3],""kind"":""resample""}]"
5,new,L1_matched_h0,control,False,0.9994397522532381,0.9994389789062552,0.9994326850125557,0.9994452727999548,-7.73346982896328e-07,7.73346982896328e-07,1.0,True,0.9994380792486481,0.9994397522532381,0.9994397522532381,0.9994397522532381,0.9994397522532381,0.9994397522532381,0.9994397522532381,"[{""layer"":0,""component"":""z"",""positions"":[1,3,5,7],""heads"":[0],""kind"":""resample"",""donor"":""matched_donor_tokens""}]"
5,new,L1_matched_h1,control,False,0.9956923678691965,0.9959989371577649,0.9941847485890235,0.9978131257265063,0.0003065692885684257,0.0003065692885684257,0.998046875,True,0.9994380792486481,0.9956923678691965,0.9956923678691965,0.9956923678691965,0.9956923678691965,0.9956923678691965,0.9956923678691965,"[{""layer"":0,""component"":""z"",""positions"":[1,3,5,7],""heads"":[1],""kind"":""resample"",""donor"":""matched_donor_tokens""}]"
5,new,L1_matched_h2,control,False,0.9968445546983276,0.9971677469729912,0.9958176304950682,0.9985178634509141,0.00032319227466359735,0.00032319227466359735,0.99755859375,True,0.9994380792486481,0.9968445546983276,0.9968445546983276,0.9968445546983276,0.9968445546983276,0.9968445546983276,0.9968445546983276,"[{""layer"":0,""component"":""z"",""positions"":[1,3,5,7],""heads"":[2],""kind"":""resample"",""donor"":""matched_donor_tokens""}]"
5,new,L1_matched_h3,control,False,0.999410487303976,0.9994092661654577,0.9993868025579403,0.999431729772975,-1.2211385183036327e-06,1.2211385183036327e-06,1.0,True,0.9994380792486481,0.999410487303976,0.999410487303976,0.999410487303976,0.999410487303976,0.999410487303976,0.999410487303976,"[{""layer"":0,""component"":""z"",""positions"":[1,3,5,7],""heads"":[3],""kind"":""resample"",""donor"":""matched_donor_tokens""}]"
5,new,L1_matched_all,control,False,0.9994362512952648,0.9994327569729649,0.9994257033498541,0.9994398105960756,-3.4943222999572754e-06,3.4943222999572754e-06,1.0,True,0.9994380792486481,0.9994362512952648,0.9994362512952648,0.9994362512952648,0.9994362512952648,0.9994362512952648,0.9994362512952648,"[{""layer"":0,""component"":""z"",""positions"":[1,3,5,7],""heads"":[0,1,2,3],""kind"":""resample"",""donor"":""matched_donor_tokens""}]"
5,new,L1_noop,control,False,0.9994380792486481,0.9994360824930482,0.9994294142079095,0.9994427507781868,-1.996755599975586e-06,1.996755599975586e-06,1.0,True,0.9994380792486481,0.9994380792486481,0.9994380792486481,0.9994380792486481,0.9994380792486481,0.9994380792486481,0.9994380792486481,"[{""layer"":0,""component"":""z"",""positions"":[1,3,5,7],""heads"":[0,1,2,3],""kind"":""noop""}]"
5,new,L1_mlp_zero,control,False,0.9787247959151486,0.9785523754142673,0.9734998393902149,0.9836049114383197,-0.00017242050088128735,0.00017242050088128735,0.98291015625,True,0.9994380792486481,0.9787247959151486,0.9787247959151486,0.9787247959151486,0.9787247959151486,0.9787247959151486,0.9787247959151486,"[{""layer"":0,""component"":""mlp_out"",""positions"":[1,3,5,7],""kind"":""zero""}]"
5,new,L1_mlp_mean,control,False,0.9986715596169233,0.9986389687983319,0.998214731520027,0.9990632060766368,-3.259081859141588e-05,3.259081859141588e-05,1.0,True,0.9994380792486481,0.9986715596169233,0.9986715596169233,0.9986715596169233,0.9986715596169233,0.9986715596169233,0.9986715596169233,"[{""layer"":0,""component"":""mlp_out"",""positions"":[1,3,5,7],""kind"":""mean""}]"
5,new,L2_mean_h0,familiar,False,0.9121799977647242,0.9260303882633707,0.9166476281476557,0.9354131483790857,0.013850390498646448,0.013850390498646448,0.9443359375,True,0.9994380792486481,0.9121799977647242,0.9121799977647242,0.9121799977647242,0.9121799977647242,0.9121799977647242,0.9121799977647242,"[{""layer"":1,""component"":""z"",""positions"":[8],""heads"":[0],""kind"":""mean""}]"
5,new,L2_mean_h1,familiar,False,0.9344642089187118,0.9317550644655626,0.9240560043033914,0.9394541246277337,-0.0027091444531492925,0.0027091444531492925,0.9677734375,True,0.9994380792486481,0.9344642089187118,0.9344642089187118,0.9344642089187118,0.9344642089187118,0.9344642089187118,0.9344642089187118,"[{""layer"":1,""component"":""z"",""positions"":[8],""heads"":[1],""kind"":""mean""}]"
5,new,L2_mean_h2,familiar,False,0.9879407256667037,0.9868205046659568,0.9846814179773329,0.9889595913545808,-0.0011202210007468238,0.0011202210007468238,0.998046875,True,0.9994380792486481,0.9879407256667037,0.9879407256667037,0.9879407256667037,0.9879407256667037,0.9879407256667037,0.9879407256667037,"[{""layer"":1,""component"":""z"",""positions"":[8],""heads"":[2],""kind"":""mean""}]"
5,new,L2_mean_h3,familiar,False,0.9534764274212648,0.951716701114492,0.945263566309727,0.9581698359192571,-0.0017597263067727908,0.0017597263067727908,0.97998046875,True,0.9994380792486481,0.9534764274212648,0.9534764274212648,0.9534764274212648,0.9534764274212648,0.9534764274212648,0.9534764274212648,"[{""layer"":1,""component"":""z"",""positions"":[8],""heads"":[3],""kind"":""mean""}]"
5,new,L2_mean_all,familiar,False,0.0967730909462734,0.09621417499350438,0.088274941529561,0.10415340845744775,-0.0005589159527690235,0.0005589159527690235,0.109375,True,0.9994380792486481,0.0967730909462734,0.0967730909462734,0.0967730909462734,0.0967730909462734,0.0967730909462734,0.0967730909462734,"[{""layer"":1,""component"":""z"",""positions"":[8],""heads"":[0,1,2,3],""kind"":""mean""}]"
5,new,L2_mean_wrong_position,control,False,0.9994380792486481,0.9994360824930482,0.9994294142079095,0.9994427507781868,-1.996755599975586e-06,1.996755599975586e-06,1.0,True,0.9994380792486481,0.9994380792486481,0.9994380792486481,0.9994380792486481,0.9994380792486481,0.9994380792486481,0.9994380792486481,"[{""layer"":1,""component"":""z"",""positions"":[1,3,5,7],""heads"":[0,1,2,3],""kind"":""mean""}]"
5,new,L2_zero_h0,familiar,False,0.9130808054771933,0.9292509862680163,0.9201472226729823,0.9383547498630502,0.016170180790822997,0.016170180790822997,0.9453125,True,0.9994380792486481,0.9130808054771933,0.9130808054771933,0.9130808054771933,0.9130808054771933,0.9130808054771933,0.9130808054771933,"[{""layer"":1,""component"":""z"",""positions"":[8],""heads"":[0],""kind"":""zero""}]"
5,new,L2_zero_h1,familiar,False,0.933460967536007,0.9300312037238427,0.9221593704219703,0.9379030370257152,-0.0034297638121643104,0.0034297638121643104,0.96240234375,True,0.9994380792486481,0.933460967536007,0.933460967536007,0.933460967536007,0.933460967536007,0.933460967536007,0.933460967536007,"[{""layer"":1,""component"":""z"",""positions"":[8],""heads"":[1],""kind"":""zero""}]"
5,new,L2_zero_h2,familiar,False,0.9872660296096001,0.986056973473751,0.9838939900419044,0.9882199569055976,-0.0012090561358490959,0.0012090561358490959,0.9990234375,True,0.9994380792486481,0.9872660296096001,0.9872660296096001,0.9872660296096001,0.9872660296096001,0.9872660296096001,0.9872660296096001,"[{""layer"":1,""component"":""z"",""positions"":[8],""heads"":[2],""kind"":""zero""}]"
5,new,L2_zero_h3,familiar,False,0.9614342612039763,0.9605754626027192,0.9550524684589309,0.9660984567465075,-0.0008587986012571491,0.0008587986012571491,0.98681640625,True,0.9994380792486481,0.9614342612039763,0.9614342612039763,0.9614342612039763,0.9614342612039763,0.9614342612039763,0.9614342612039763,"[{""layer"":1,""component"":""z"",""positions"":[8],""heads"":[3],""kind"":""zero""}]"
5,new,L2_zero_all,familiar,False,0.0948262926252248,0.09315020594979151,0.08540777262205738,0.10089263927752563,-0.001676086675433286,0.001676086675433286,0.1015625,True,0.9994380792486481,0.0948262926252248,0.0948262926252248,0.0948262926252248,0.0948262926252248,0.0948262926252248,0.0948262926252248,"[{""layer"":1,""component"":""z"",""positions"":[8],""heads"":[0,1,2,3],""kind"":""zero""}]"
5,new,L2_zero_wrong_position,control,False,0.9994380792486481,0.9994360824930482,0.9994294142079095,0.9994427507781868,-1.996755599975586e-06,1.996755599975586e-06,1.0,True,0.9994380792486481,0.9994380792486481,0.9994380792486481,0.9994380792486481,0.9994380792486481,0.9994380792486481,0.9994380792486481,"[{""layer"":1,""component"":""z"",""positions"":[1,3,5,7],""heads"":[0,1,2,3],""kind"":""zero""}]"
5,new,L2_resample_h0,familiar,False,0.8358865078314466,0.8503146362765648,0.8368044081126855,0.863824864440444,0.014428128445118205,0.014428128445118205,0.86767578125,True,0.9994380792486481,0.8358865078314466,0.8358865078314466,0.8358865078314466,0.8358865078314466,0.8358865078314466,0.8358865078314466,"[{""layer"":1,""component"":""z"",""positions"":[8],""heads"":[0],""kind"":""resample""}]"
5,new,L2_resample_h1,familiar,False,0.6150385678385959,0.6238938383309733,0.6062675778494114,0.6415200988125352,0.008855270492377443,0.008855270492377443,0.66650390625,True,0.9994380792486481,0.6150385678385959,0.6150385678385959,0.6150385678385959,0.6150385678385959,0.6150385678385959,0.6150385678385959,"[{""layer"":1,""component"":""z"",""positions"":[8],""heads"":[1],""kind"":""resample""}]"
5,new,L2_resample_h2,familiar,False,0.9141409174690125,0.9175217159689737,0.9082610046508623,0.926782427287085,0.0033807984999612017,0.0033807984999612017,0.94384765625,True,0.9994380792486481,0.9141409174690125,0.9141409174690125,0.9141409174690125,0.9141409174690125,0.9141409174690125,0.9141409174690125,"[{""layer"":1,""component"":""z"",""positions"":[8],""heads"":[2],""kind"":""resample""}]"
5,new,L2_resample_h3,familiar,False,0.8811022006969438,0.8808321298574704,0.868919964208041,0.8927442955068998,-0.00027007083947339083,0.00027007083947339083,0.90087890625,True,0.9994380792486481,0.8811022006969438,0.8811022006969438,0.8811022006969438,0.8811022006969438,0.8811022006969438,0.8811022006969438,"[{""layer"":1,""component"":""z"",""positions"":[8],""heads"":[3],""kind"":""resample""}]"
5,new,L2_resample_all,familiar,False,5.1681120081692455e-05,5.173595307858547e-05,4.9129617173142e-05,5.434228898402894e-05,5.483299689301724e-08,5.483299689301724e-08,0.0,True,0.9994380792486481,5.1681120081692455e-05,5.1681120081692455e-05,5.1681120081692455e-05,5.1681120081692455e-05,5.1681120081692455e-05,5.1681120081692455e-05,"[{""layer"":1,""component"":""z"",""positions"":[8],""heads"":[0,1,2,3],""kind"":""resample""}]"
5,new,L2_resample_wrong_position,control,False,0.9994380792486481,0.9994360824930482,0.9994294142079095,0.9994427507781868,-1.996755599975586e-06,1.996755599975586e-06,1.0,True,0.9994380792486481,0.9994380792486481,0.9994380792486481,0.9994380792486481,0.9994380792486481,0.9994380792486481,0.9994380792486481,"[{""layer"":1,""component"":""z"",""positions"":[1,3,5,7],""heads"":[0,1,2,3],""kind"":""resample""}]"
5,new,L2_matched_h0,control,False,0.9994453294202685,0.9994451332895551,0.9994391874746655,0.9994510791044446,-1.9613071344792843e-07,1.9613071344792843e-07,1.0,True,0.9994380792486481,0.9994453294202685,0.9994453294202685,0.9994453294202685,0.9994453294202685,0.9994453294202685,0.9994453294202685,"[{""layer"":1,""component"":""z"",""positions"":[8],""heads"":[0],""kind"":""resample"",""donor"":""matched_donor_tokens""}]"
5,new,L2_matched_h1,control,False,0.9994418089627288,0.9994459290173836,0.9994403225577694,0.9994515354769978,4.12005465477705e-06,4.12005465477705e-06,1.0,True,0.9994380792486481,0.9994418089627288,0.9994418089627288,0.9994418089627288,0.9994418089627288,0.9994418089627288,0.9994418089627288,"[{""layer"":1,""component"":""z"",""positions"":[8],""heads"":[1],""kind"":""resample"",""donor"":""matched_donor_tokens""}]"
5,new,L2_matched_h2,control,False,0.9994449462974444,0.9994438784196973,0.9994378207729956,0.999449936066399,-1.067877747118473e-06,1.067877747118473e-06,1.0,True,0.9994380792486481,0.9994449462974444,0.9994449462974444,0.9994449462974444,0.9994449462974444,0.9994449462974444,0.9994449462974444,"[{""layer"":1,""component"":""z"",""positions"":[8],""heads"":[2],""kind"":""resample"",""donor"":""matched_donor_tokens""}]"
5,new,L2_matched_h3,control,False,0.9994492962141521,0.9994438337453175,0.9994377530152578,0.9994499144753772,-5.462468834593892e-06,5.462468834593892e-06,1.0,True,0.9994380792486481,0.9994492962141521,0.9994492962141521,0.9994492962141521,0.9994492962141521,0.9994492962141521,0.9994492962141521,"[{""layer"":1,""component"":""z"",""positions"":[8],""heads"":[3],""kind"":""resample"",""donor"":""matched_donor_tokens""}]"
5,new,L2_matched_all,control,False,0.9994486471987329,0.9994462716858834,0.9994373048021499,0.9994552385696169,-2.3755128495395184e-06,2.3755128495395184e-06,1.0,True,0.9994380792486481,0.9994486471987329,0.9994486471987329,0.9994486471987329,0.9994486471987329,0.9994486471987329,0.9994486471987329,"[{""layer"":1,""component"":""z"",""positions"":[8],""heads"":[0,1,2,3],""kind"":""resample"",""donor"":""matched_donor_tokens""}]"
5,new,L2_noop,control,False,0.9994380792486481,0.9994360824930482,0.9994294142079095,0.9994427507781868,-1.996755599975586e-06,1.996755599975586e-06,1.0,True,0.9994380792486481,0.9994380792486481,0.9994380792486481,0.9994380792486481,0.9994380792486481,0.9994380792486481,0.9994380792486481,"[{""layer"":1,""component"":""z"",""positions"":[8],""heads"":[0,1,2,3],""kind"":""noop""}]"
5,new,L2_mlp_zero,control,False,0.9898324991227128,0.9899382263829466,0.988695216685176,0.9911812360807172,0.00010572726023383439,0.00010572726023383439,1.0,True,0.9994380792486481,0.9898324991227128,0.9898324991227128,0.9898324991227128,0.9898324991227128,0.9898324991227128,0.9898324991227128,"[{""layer"":1,""component"":""mlp_out"",""positions"":[8],""kind"":""zero""}]"
5,new,L2_mlp_mean,control,False,0.9927865741192363,0.9926340271777008,0.9916933925546483,0.9935746618007533,-0.00015254694153554738,0.00015254694153554738,1.0,True,0.9994380792486481,0.9927865741192363,0.9927865741192363,0.9927865741192363,0.9927865741192363,0.9927865741192363,0.9927865741192363,"[{""layer"":1,""component"":""mlp_out"",""positions"":[8],""kind"":""mean""}]"
5,new,L1_mean_pair01,pair,True,0.7586814094962386,0.772132371620665,0.7556945077106956,0.7885702355306343,0.013450962124426313,0.013450962124426313,0.78466796875,True,0.9994380792486481,0.759508989574674,0.7595095256933805,0.6452264670617273,0.9140137751688878,0.7591799392381653,0.8045207402144299,"[{""layer"":0,""component"":""z"",""positions"":[1,3,5,7],""heads"":[0,1],""kind"":""mean""}]"
5,new,L1_mean_pair02,pair,True,0.9904976018264925,0.9850249831104065,0.9810781822626842,0.9889717839581289,-0.005472618716085953,0.005472618716085953,0.98876953125,True,0.9994380792486481,0.9905824468396531,0.9905824666226527,0.7222509528167202,0.9715932479437485,0.9905004536690688,0.9502130414154515,"[{""layer"":0,""component"":""z"",""positions"":[1,3,5,7],""heads"":[0,2],""kind"":""mean""}]"
5,new,L1_mean_pair03,pair,True,0.9993078902278085,0.9991902091715019,0.9990830166867134,0.9992974016562904,-0.00011768105630660664,0.00011768105630660664,1.0,True,0.9994380792486481,0.999312920786906,0.9993129210615835,0.7251611107991379,0.9879773629383197,0.9993084308370708,0.961163374855809,"[{""layer"":0,""component"":""z"",""positions"":[1,3,5,7],""heads"":[0,3],""kind"":""mean""}]"
5,new,L1_mean_pair12,pair,True,0.26137744310541555,0.5140173418955518,0.4950408951806476,0.5329937886104561,0.25263989879013626,0.25263989879013626,0.5322265625,False,0.9994380792486481,0.7506578236723316,0.7527831861856888,0.6422760784276131,0.8057203255192059,0.7344878223706701,0.7860169273662376,"[{""layer"":0,""component"":""z"",""positions"":[1,3,5,7],""heads"":[1,2],""kind"":""mean""}]"
5,new,L1_mean_pair13,pair,True,0.7310149092523018,0.6208304875637927,0.6020018781130204,0.6396590970145649,-0.11018442168850917,0.11018442168850917,0.64111328125,False,0.9994380792486481,0.7593882976195845,0.7594178072604942,0.6451862364100307,0.9087938588298352,0.7536976540282554,0.8007581630022521,"[{""layer"":0,""component"":""z"",""positions"":[1,3,5,7],""heads"":[1,3],""kind"":""mean""}]"
5,new,L1_mean_pair23,pair,True,0.9885716764378377,0.9448101596534784,0.9364559387972412,0.9531643805097155,-0.043761516784359356,0.043761516784359356,0.9580078125,True,0.9994380792486481,0.9904617548845636,0.9904628438023856,0.7222107221650238,0.9697531029882237,0.9887233237255725,0.9479208565098691,"[{""layer"":0,""component"":""z"",""positions"":[1,3,5,7],""heads"":[2,3],""kind"":""mean""}]"
5,new,L1_mean_rescue0,triple_rescue,True,0.17856619418784572,0.20570409527664268,0.1918594987522241,0.21954869180106126,0.027137901088796962,0.027137901088796962,0.21044921875,True,0.9994380792486481,0.7505348984639157,0.7526905981284845,0.4233116723480409,0.6056008883285321,0.7282010192469026,0.4258390105195158,"[{""layer"":0,""component"":""z"",""positions"":[1,3,5,7],""heads"":[0],""kind"":""rescue"",""corruption"":""mean""}]"
5,new,L1_mean_rescue1,triple_rescue,True,0.9884301860210174,0.9313625233575191,0.9219963368715427,0.9407287098434955,-0.057067662663498275,0.057067662663498275,0.943359375,True,0.9994380792486481,0.9904595216312373,0.9904606306043031,0.44996996381107657,0.7562351993677343,0.9885901375225203,0.4783023440094812,"[{""layer"":0,""component"":""z"",""positions"":[1,3,5,7],""heads"":[1],""kind"":""rescue"",""corruption"":""mean""}]"
5,new,L1_mean_rescue2,triple_rescue,True,0.7297284322049715,0.594163106588669,0.5751868912055906,0.6131393219717474,-0.13556532561630252,0.13556532561630252,0.611328125,False,0.9994380792486481,0.7593860643662582,0.7594161103346123,0.424295135226079,0.6775637045426334,0.7533526471789729,0.43294647341266645,"[{""layer"":0,""component"":""z"",""positions"":[1,3,5,7],""heads"":[2],""kind"":""rescue"",""corruption"":""mean""}]"
5,new,L1_mean_rescue3,triple_rescue,True,0.2583165980605764,0.48165140454435096,0.46277522667089765,0.5005275824178043,0.22333480648377457,0.22333480648377457,0.498046875,False,0.9994380792486481,0.7506555904190053,0.752781504084927,0.423325082565273,0.6107371761206513,0.7342638482016915,0.42728054388036096,"[{""layer"":0,""component"":""z"",""positions"":[1,3,5,7],""heads"":[3],""kind"":""rescue"",""corruption"":""mean""}]"
5,new,L1_zero_pair01,pair,True,0.7261941855008416,0.7417301136773156,0.7243791662778245,0.7590810610768066,0.015535928176473979,0.015535928176473979,0.75390625,True,0.9994380792486481,0.7279567215621323,0.7279584145527355,0.6454511017871313,0.9149177645077256,0.727622643700301,0.7502032318504901,"[{""layer"":0,""component"":""z"",""positions"":[1,3,5,7],""heads"":[0,1],""kind"":""zero""}]"
5,new,L1_zero_pair02,pair,True,0.9868182927709461,0.9771077857435948,0.9719506117957697,0.9822649596914199,-0.009710507027351323,0.009710507027351323,0.98291015625,True,0.9994380792486481,0.9869236945085049,0.9869237725126453,0.7317734261025888,0.9703598350828649,0.9868236207016633,0.9240518263864393,"[{""layer"":0,""component"":""z"",""positions"":[1,3,5,7],""heads"":[0,2],""kind"":""zero""}]"
5,new,L1_zero_pair03,pair,True,0.9992295088818428,0.9985347400361206,0.9979713329417437,0.9990981471304976,-0.0006947688457221712,0.0006947688457221712,1.0,True,0.9994380792486481,0.9992421909701079,0.9992421921528498,0.7358795915897898,0.9883949339907839,0.9992313072586871,0.9406414268195848,"[{""layer"":0,""component"":""z"",""positions"":[1,3,5,7],""heads"":[0,3],""kind"":""zero""}]"
5,new,L1_zero_pair12,pair,True,0.2677857925394075,0.4496419293759669,0.43031124680044525,0.4689726119514886,0.18185613683655943,0.18185613683655943,0.46337890625,False,0.9994380792486481,0.7154548023418197,0.7188523636234412,0.6412837953803604,0.7901434605261992,0.702874047267556,0.7264241119694402,"[{""layer"":0,""component"":""z"",""positions"":[1,3,5,7],""heads"":[1,2],""kind"":""zero""}]"
5,new,L1_zero_pair13,pair,True,0.6893156797850919,0.5675016414687049,0.5480396484142587,0.586963634523151,-0.12181403831638704,0.12181403831638704,0.57568359375,False,0.9994380792486481,0.7277732988034227,0.727824814506777,0.6453899608675614,0.9073663983566435,0.7213236580354427,0.7449878453979126,"[{""layer"":0,""component"":""z"",""positions"":[1,3,5,7],""heads"":[1,3],""kind"":""zero""}]"
5,new,L1_zero_pair23,pair,True,0.984662208632484,0.9251684331396199,0.9151864282753999,0.93515043800384,-0.059493775492864054,0.059493775492864054,0.9326171875,True,0.9994380792486481,0.9867402717497953,0.9867426453236064,0.7317122851830189,0.9675546593798361,0.984862270339837,0.9197490525147847,"[{""layer"":0,""component"":""z"",""positions"":[1,3,5,7],""heads"":[2,3],""kind"":""zero""}]"
5,new,L1_zero_rescue0,triple_rescue,True,0.21163007743810497,0.2088652833701684,0.1936531046997753,0.2240774620405615,-0.00276479406793656,0.00276479406793656,0.21533203125,True,0.9994380792486481,0.7152651468231948,0.7187159526534486,0.44087692584713,0.6228217804468832,0.6956597095612486,0.3685511938878384,"[{""layer"":0,""component"":""z"",""positions"":[1,3,5,7],""heads"":[0],""kind"":""rescue"",""corruption"":""zero""}]"
5,new,L1_zero_rescue1,triple_rescue,True,0.9844480404393441,0.9083178923354067,0.8974092485515094,0.919226536119304,-0.07613014810393737,0.07613014810393737,0.919921875,True,0.9994380792486481,0.98673403898988,0.9867364917357713,0.4710401360878728,0.7724958250044826,0.9846884692186535,0.4150434964256312,"[{""layer"":0,""component"":""z"",""positions"":[1,3,5,7],""heads"":[1],""kind"":""rescue"",""corruption"":""zero""}]"
5,new,L1_zero_rescue2,triple_rescue,True,0.6850521482589091,0.5358651142265012,0.5163310020374965,0.5553992264155059,-0.14918703403240796,0.14918703403240796,0.544921875,False,0.9994380792486481,0.7277670660435074,0.7278202755989414,0.4422660279827203,0.700850494044205,0.7208285986717828,0.37420095762569283,"[{""layer"":0,""component"":""z"",""positions"":[1,3,5,7],""heads"":[2],""kind"":""rescue"",""corruption"":""zero""}]"
5,new,L1_zero_rescue3,triple_rescue,True,0.26279374592165206,0.41173986260904116,0.39256451195937014,0.4309152132587122,0.1489461166873891,0.1489461166873891,0.4208984375,False,0.9994380792486481,0.7154485695819044,0.7188478806701797,0.4408973061536533,0.6301009190181274,0.7024376179896725,0.36975070834125523,"[{""layer"":0,""component"":""z"",""positions"":[1,3,5,7],""heads"":[3],""kind"":""rescue"",""corruption"":""zero""}]"
5,new,L1_resample_pair01,pair,True,0.9957710552228702,0.9964218450732005,0.9947748996950199,0.9980687904513812,0.0006507898503302911,0.0006507898503302911,0.9990234375,True,0.9994380792486481,0.9956946260208497,0.9956946228699685,0.9981880200842473,0.998887520330096,0.9956900864713285,0.999361387177311,"[{""layer"":0,""component"":""z"",""positions"":[1,3,5,7],""heads"":[0,1],""kind"":""resample""}]"
5,new,L1_resample_pair02,pair,True,0.9967786300690453,0.9965599374299927,0.9949247232638437,0.9981951515961417,-0.00021869263905260894,0.00021869263905260894,0.998046875,True,0.9994380792486481,0.9967755848774686,0.9967755826362309,0.9985483397031203,0.9989899666509461,0.996723401294912,0.9993777881724853,"[{""layer"":0,""component"":""z"",""positions"":[1,3,5,7],""heads"":[0,2],""kind"":""resample""}]"
5,new,L1_resample_pair03,pair,True,0.9994105925188639,0.999408419127576,0.9993899912053116,0.9994268470498405,-2.1733912878296735e-06,2.1733912878296735e-06,1.0,True,0.9994380792486481,0.9994110239786096,0.9994110239551344,0.9994268194035006,0.9994269474709943,0.9994103912808975,0.9994356843140867,"[{""layer"":0,""component"":""z"",""positions"":[1,3,5,7],""heads"":[0,3],""kind"":""resample""}]"
5,new,L1_resample_pair12,pair,True,0.9993807002702018,0.9994090862455778,0.9993939794182224,0.9994241930729332,2.8385975376021833e-05,2.8385975376021833e-05,1.0,True,0.9994380792486481,0.9930304495646851,0.9930404274830137,0.9972999612655258,0.9980071461891795,0.9930611041642523,0.9992999287404876,"[{""layer"":0,""component"":""z"",""positions"":[1,3,5,7],""heads"":[1,2],""kind"":""resample""}]"
5,new,L1_resample_pair13,pair,True,0.9965446547366107,0.996467220536033,0.9946851106260065,0.9982493304460595,-7.743420057770845e-05,7.743420057770845e-05,0.998046875,True,0.9994380792486481,0.9956658886658261,0.995665993176556,0.9981784409659061,0.9988688529875267,0.9953674743840862,0.9993522656376987,"[{""layer"":0,""component"":""z"",""positions"":[1,3,5,7],""heads"":[1,3],""kind"":""resample""}]"
5,new,L1_resample_pair23,pair,True,0.9973029593353417,0.9940543933039407,0.9914268993571697,0.9966818872507118,-0.003248566031401001,0.003248566031401001,0.99609375,True,0.9994380792486481,0.996746847522445,0.9967469218614547,0.9985387605847791,0.9989730165841412,0.9965064478828632,0.9993703238207126,"[{""layer"":0,""component"":""z"",""positions"":[1,3,5,7],""heads"":[2,3],""kind"":""resample""}]"
5,new,L1_resample_rescue0,triple_rescue,True,0.9994282535874641,0.9994312385679223,0.9994236966741427,0.9994387804617019,2.984980458142772e-06,2.984980458142772e-06,1.0,True,0.9994380792486481,0.993002553252154,0.9930127097417185,0.9987185379609904,0.9991325836641305,0.9924899206202648,0.9994116391020254,"[{""layer"":0,""component"":""z"",""positions"":[1,3,5,7],""heads"":[0],""kind"":""rescue"",""corruption"":""resample""}]"
5,new,L1_resample_rescue1,triple_rescue,True,0.9973133076282278,0.9929477712350945,0.9899417528703488,0.9959537895998402,-0.004365536393133307,0.004365536393133307,0.99365234375,True,0.9994380792486481,0.9967476885649376,0.9967477606392968,0.9991346641068553,0.9993085167538467,0.9964514562188921,0.9994254683584276,"[{""layer"":0,""component"":""z"",""positions"":[1,3,5,7],""heads"":[1],""kind"":""rescue"",""corruption"":""resample""}]"
5,new,L1_resample_rescue2,triple_rescue,True,0.9966293832784506,0.9967027570601203,0.9950519771179172,0.9983535370023235,7.337378166971664e-05,7.337378166971664e-05,0.998046875,True,0.9994380792486481,0.9956667297083186,0.99566683104478,0.999014557567231,0.999285878470516,0.9953592750974534,0.9994225423967315,"[{""layer"":0,""component"":""z"",""positions"":[1,3,5,7],""heads"":[2],""kind"":""rescue"",""corruption"":""resample""}]"
5,new,L1_resample_rescue3,triple_rescue,True,0.99938705952237,0.9994006628985517,0.9993787393900068,0.9994225864070966,1.360337618172558e-05,1.360337618172558e-05,1.0,True,0.9994380792486481,0.9930312906071777,0.9930412631417839,0.9987217310004375,0.9991373830496755,0.9930046590820503,0.9994132831680946,"[{""layer"":0,""component"":""z"",""positions"":[1,3,5,7],""heads"":[3],""kind"":""rescue"",""corruption"":""resample""}]"
5,new,L2_mean_pair01,pair,True,0.7176391714542735,0.6419618586795828,0.6244091417090587,0.6595145756501068,-0.0756773127746907,0.0756773127746907,0.68603515625,True,0.9994380792486481,0.847206127434788,0.8528788103045839,0.6478057658765699,0.7153354325146222,0.8190715368375817,0.854579506251953,"[{""layer"":1,""component"":""z"",""positions"":[8],""heads"":[0,1],""kind"":""mean""}]"
5,new,L2_mean_pair02,pair,True,0.8853220594637902,0.9035488965000695,0.8935655478871762,0.9135322451129628,0.018226837036279364,0.018226837036279364,0.931640625,True,0.9994380792486481,0.9006826441827798,0.9016864452551353,0.6656312714592338,0.8182065955472991,0.8983516552153072,0.9065992813283472,"[{""layer"":1,""component"":""z"",""positions"":[8],""heads"":[0,2],""kind"":""mean""}]"
5,new,L2_mean_pair03,pair,True,0.8407414584164663,0.8356762073976824,0.8223013362748864,0.8490510785204785,-0.005065251018783856,0.005065251018783856,0.8525390625,True,0.9994380792486481,0.8662183459373409,0.8702311263622219,0.6541431720440876,0.7393063201655711,0.8618079592667582,0.8889358943194267,"[{""layer"":1,""component"":""z"",""positions"":[8],""heads"":[0,3],""kind"":""mean""}]"
5,new,L2_mean_pair12,pair,True,0.842481271750273,0.766964297710615,0.7518932101962996,0.7820353852249304,-0.07551697403965796,0.07551697403965796,0.8173828125,True,0.9994380792486481,0.9229668553367674,0.9237143029038365,0.6730593418438964,0.833391057497415,0.9018602803282694,0.8852739722413177,"[{""layer"":1,""component"":""z"",""positions"":[8],""heads"":[1,2],""kind"":""mean""}]"
5,new,L2_mean_pair13,pair,True,0.7689457734874978,0.7519313876006208,0.7369948319078131,0.7668679432934286,-0.01701438588687698,0.01701438588687698,0.80419921875,True,0.9994380792486481,0.8885025570913285,0.8914905425083212,0.6615712424287501,0.7591410095773009,0.8580835906230793,0.8653303548709113,"[{""layer"":1,""component"":""z"",""positions"":[8],""heads"":[1,3],""kind"":""mean""}]"
5,new,L2_mean_pair23,pair,True,0.9146245632432526,0.8473570748872135,0.8345246866915473,0.8601894630828796,-0.06726748835603913,0.06726748835603913,0.8779296875,True,0.9994380792486481,0.9419790738393203,0.9425078083084601,0.679396748011414,0.8495121392796898,0.9299692553052654,0.9129588735635152,"[{""layer"":1,""component"":""z"",""positions"":[8],""heads"":[2,3],""kind"":""mean""}]"
5,new,L2_mean_rescue0,triple_rescue,True,0.4888470228964418,0.4669207195281402,0.4491760957453385,0.48466534331094185,-0.021926303368301592,0.021926303368301592,0.51611328125,True,0.9994380792486481,0.877005203509384,0.881234997722712,0.3840577675204801,0.40885497400433424,0.8107265066664445,0.3969764800102552,"[{""layer"":1,""component"":""z"",""positions"":[8],""heads"":[0],""kind"":""rescue"",""corruption"":""mean""}]"
5,new,L2_mean_rescue1,triple_rescue,True,0.7364468510692996,0.7072918638066596,0.690305784195456,0.7242779434178633,-0.029154987262639986,0.029154987262639986,0.7373046875,True,0.9994380792486481,0.8547209923553964,0.8602201460268296,0.3815817440589259,0.4003747055789267,0.8347442420323481,0.41643422852268797,"[{""layer"":1,""component"":""z"",""positions"":[8],""heads"":[1],""kind"":""rescue"",""corruption"":""mean""}]"
5,new,L2_mean_rescue2,triple_rescue,True,0.3542637067504087,0.3898089881219864,0.37240104392786777,0.407216932316105,0.0355452813715777,0.0355452813715777,0.41943359375,True,0.9994380792486481,0.8012444756074046,0.813657051854434,0.3756399088647046,0.35476201033290466,0.7370177180954541,0.38888320158781087,"[{""layer"":1,""component"":""z"",""positions"":[8],""heads"":[2],""kind"":""rescue"",""corruption"":""mean""}]"
5,new,L2_mean_rescue3,triple_rescue,True,0.43430066743004714,0.43137241488991407,0.41315016395190896,0.4495946658279192,-0.0029282525401330695,0.0029282525401330695,0.46435546875,True,0.9994380792486481,0.8357087738528435,0.8430674478518025,0.37946927533642005,0.39073759764130156,0.7811857641552846,0.3893516777577678,"[{""layer"":1,""component"":""z"",""positions"":[8],""heads"":[3],""kind"":""rescue"",""corruption"":""mean""}]"
5,new,L2_zero_pair01,pair,True,0.7133189433851,0.645756144464066,0.6283962601232371,0.663116028804895,-0.067562798921034,0.067562798921034,0.70458984375,True,0.9994380792486481,0.8471036937645522,0.8528045006650674,0.6471226885461419,0.7134689317649723,0.8208078054969248,0.8483508809700164,"[{""layer"":1,""component"":""z"",""positions"":[8],""heads"":[0,1],""kind"":""zero""}]"
5,new,L2_zero_pair02,pair,True,0.8857426899754348,0.9079873738875222,0.8985357669130812,0.9174389808619631,0.022244683912087337,0.022244683912087337,0.9423828125,True,0.9994380792486481,0.9009087558381452,0.9019604918534762,0.6650577092373395,0.8148961820476469,0.8987549487186296,0.9063825340290026,"[{""layer"":1,""component"":""z"",""positions"":[8],""heads"":[0,2],""kind"":""zero""}]"
5,new,L2_zero_pair03,pair,True,0.8524694992651987,0.8585856292615972,0.8465642675303343,0.8706069909928601,0.006116129996398545,0.006116129996398545,0.8955078125,True,0.9994380792486481,0.8750769874325215,0.8783607387597788,0.6564471197687982,0.7509980667401712,0.8737355192180667,0.8923981187488768,"[{""layer"":1,""component"":""z"",""positions"":[8],""heads"":[0,3],""kind"":""zero""}]"
5,new,L2_zero_pair12,pair,True,0.8367977270913325,0.7619085228597271,0.746322702365663,0.7774943433537912,-0.07488920423160539,0.07488920423160539,0.8056640625,True,0.9994380792486481,0.921288917896959,0.9220924460949351,0.6718510965902774,0.8290012642840062,0.8945952770725702,0.8767648165310593,"[{""layer"":1,""component"":""z"",""positions"":[8],""heads"":[1,2],""kind"":""zero""}]"
5,new,L2_zero_pair13,pair,True,0.7669375396394911,0.7443269126275709,0.7288954632828002,0.7597583619723416,-0.02261062701192018,0.02261062701192018,0.79541015625,True,0.9994380792486481,0.8954571494913353,0.8979659413821997,0.6632405071217362,0.7685895412128265,0.8606369560256677,0.8594558062378252,"[{""layer"":1,""component"":""z"",""positions"":[8],""heads"":[1,3],""kind"":""zero""}]"
5,new,L2_zero_pair23,pair,True,0.9241990617208643,0.8609429722823734,0.8492962953248577,0.872589649239889,-0.06325608943849093,0.06325608943849093,0.9111328125,True,0.9994380792486481,0.9492622115649283,0.9497250560065378,0.6811755278129339,0.8544845322726564,0.9388972755469914,0.9159933993027802,"[{""layer"":1,""component"":""z"",""positions"":[8],""heads"":[2,3],""kind"":""zero""}]"
5,new,L2_zero_rescue0,triple_rescue,True,0.4952377089003904,0.46953651471502766,0.45142971834646234,0.487643311083593,-0.025701194185362763,0.025701194185362763,0.51611328125,True,0.9994380792486481,0.8832850998522872,0.8870297100742076,0.38345766823343697,0.40857747454895155,0.8079282960329065,0.3912996553878524,"[{""layer"":1,""component"":""z"",""positions"":[8],""heads"":[0],""kind"":""rescue"",""corruption"":""zero""}]"
5,new,L2_zero_rescue1,triple_rescue,True,0.7468753563281806,0.7278514974188397,0.712096588561294,0.7436064062763854,-0.019023858909340885,0.019023858909340885,0.7919921875,True,0.9994380792486481,0.8629049377934734,0.8676632771209223,0.38119320578245763,0.4008343895305723,0.8473044576499175,0.406335487853314,"[{""layer"":1,""component"":""z"",""positions"":[8],""heads"":[1],""kind"":""rescue"",""corruption"":""zero""}]"
5,new,L2_zero_rescue2,triple_rescue,True,0.34918251906779796,0.38444012270891825,0.36722680839497257,0.40165343702286394,0.035257603641120294,0.035257603641120294,0.423828125,True,0.9994380792486481,0.8090998757198804,0.8203764516004197,0.3752148655520584,0.3561897739165938,0.7450542247410731,0.3830026255681762,"[{""layer"":1,""component"":""z"",""positions"":[8],""heads"":[2],""kind"":""rescue"",""corruption"":""zero""}]"
5,new,L2_zero_rescue3,triple_rescue,True,0.43287957104893965,0.42352868481543915,0.4053699929247454,0.4416873767061329,-0.0093508862335005,0.0093508862335005,0.45556640625,True,0.9994380792486481,0.8349316441255041,0.8424182857208635,0.3780850620415722,0.38559346853288595,0.775882718296655,0.3834834036327767,"[{""layer"":1,""component"":""z"",""positions"":[8],""heads"":[3],""kind"":""rescue"",""corruption"":""zero""}]"
5,new,L2_resample_pair01,pair,True,0.30115367309209834,0.2830981486485329,0.2661940776741841,0.30000221962288165,-0.01805552444356545,0.01805552444356545,0.27880859375,True,0.9994380792486481,0.45148699642139434,0.51439148790363,0.4836589189300414,0.06970065937276737,0.3870677405706137,0.2705248177958005,"[{""layer"":1,""component"":""z"",""positions"":[8],""heads"":[0,1],""kind"":""resample""}]"
5,new,L2_resample_pair02,pair,True,0.6921203128469064,0.6779769519624406,0.6607827148964592,0.6951711890284219,-0.014143360884465883,0.014143360884465883,0.7080078125,True,0.9994380792486481,0.7505893460518109,0.7645476743726353,0.5833597021401804,0.12356973910250318,0.7127695382404002,0.4980152799320545,"[{""layer"":1,""component"":""z"",""positions"":[8],""heads"":[0,2],""kind"":""resample""}]"
5,new,L2_resample_pair03,pair,True,0.6522761187660819,0.6260325867069945,0.6077977492879656,0.6442674241260233,-0.02624353205908747,0.02624353205908747,0.638671875,True,0.9994380792486481,0.7175506292797422,0.7369155297113089,0.5723467965494908,0.11107168499542683,0.6738160909822545,0.47619739926969085,"[{""layer"":1,""component"":""z"",""positions"":[8],""heads"":[0,3],""kind"":""resample""}]"
5,new,L2_resample_pair12,pair,True,0.3548000414003135,0.31507567536165815,0.29796368563992615,0.33218766508339015,-0.03972436603865537,0.03972436603865537,0.3212890625,True,0.9994380792486481,0.5297414060589603,0.5625480280934193,0.5097437221425635,0.08742286755278762,0.4175681177512952,0.2933880580590449,"[{""layer"":1,""component"":""z"",""positions"":[8],""heads"":[1,2],""kind"":""resample""}]"
5,new,L2_resample_pair13,pair,True,0.3194061556627898,0.2783199561052655,0.2616696744955261,0.2949702377150049,-0.041086199557524294,0.041086199557524294,0.2724609375,True,0.9994380792486481,0.49670268928689154,0.5422165183494698,0.49873081655187385,0.07825433817860543,0.3901281085551297,0.2788427963782679,"[{""layer"":1,""component"":""z"",""positions"":[8],""heads"":[1,3],""kind"":""resample""}]"
5,new,L2_resample_pair23,pair,True,0.7183098031969225,0.6448651695328462,0.6270694911653912,0.6626608479003012,-0.07344463366407628,0.07344463366407628,0.6728515625,True,0.9994380792486481,0.7958050389173081,0.8059044285510794,0.5984315997620128,0.13775533535571433,0.7370567480066619,0.5197633055585787,"[{""layer"":1,""component"":""z"",""positions"":[8],""heads"":[2,3],""kind"":""resample""}]"
5,new,L2_resample_rescue0,triple_rescue,True,0.12500336769883097,0.0958230326121447,0.08490986061516331,0.10673620460912608,-0.02918033508668627,0.02918033508668627,0.091796875,True,0.9994380792486481,0.4114055275072559,0.4959409850818013,0.2678435303027825,0.0023692023004501244,0.2172808080728934,0.005396403447212117,"[{""layer"":1,""component"":""z"",""positions"":[8],""heads"":[0],""kind"":""rescue"",""corruption"":""resample""}]"
5,new,L2_resample_rescue1,triple_rescue,True,0.4114018252008449,0.34331749264205946,0.3256149623021126,0.3610200229820063,-0.06808433255878543,0.06808433255878543,0.34033203125,True,0.9994380792486481,0.6322534675001066,0.6740233861550362,0.2923821903019882,0.0026940592153679014,0.5063330992177332,0.007637320805700393,"[{""layer"":1,""component"":""z"",""positions"":[8],""heads"":[1],""kind"":""rescue"",""corruption"":""resample""}]"
5,new,L2_resample_rescue2,triple_rescue,True,0.05032923241867166,0.06721468085447002,0.05827297858898134,0.0761563831199587,0.01688544843579836,0.01688544843579836,0.06298828125,True,0.9994380792486481,0.33315111786969,0.45348629537148666,0.25914859589860856,0.002183245928730333,0.18179942322668485,0.004818213751152699,"[{""layer"":1,""component"":""z"",""positions"":[8],""heads"":[2],""kind"":""rescue"",""corruption"":""resample""}]"
5,new,L2_resample_rescue3,triple_rescue,True,0.08866770925105874,0.08558011486880318,0.07503683946629128,0.09612339027131508,-0.0030875943822555596,0.0030875943822555596,0.076171875,True,0.9994380792486481,0.3661898346417587,0.4704906851697894,0.2628195644288384,0.0022727399907944814,0.20494040991250306,0.005133022743579256,"[{""layer"":1,""component"":""z"",""positions"":[8],""heads"":[3],""kind"":""rescue"",""corruption"":""resample""}]"
5,new,cross_mean_00,cross_layer,True,0.9121912813746426,0.926175930865611,0.9168019816915932,0.9355498800396288,0.013984649490968448,0.013984649490968448,0.9453125,True,0.9994380792486481,0.912177764511398,0.9121779594903614,0.9121779594903614,0.9121779594903614,0.9121912813746426,0.9121912813746426,"[{""layer"":0,""component"":""z"",""positions"":[1,3,5,7],""heads"":[0],""kind"":""mean""},{""layer"":1,""component"":""z"",""positions"":[8],""heads"":[0],""kind"":""mean""}]"
5,new,cross_mean_01,cross_layer,True,0.9341795933060159,0.9314456664359909,0.9237651463927435,0.9391261864792383,-0.0027339268700249386,0.0027339268700249386,0.96923828125,True,0.9994380792486481,0.9344619756653856,0.93446212085008,0.93446212085008,0.9344621208500798,0.9341795933060159,0.9341795933060159,"[{""layer"":0,""component"":""z"",""positions"":[1,3,5,7],""heads"":[0],""kind"":""mean""},{""layer"":1,""component"":""z"",""positions"":[8],""heads"":[1],""kind"":""mean""}]"
5,new,cross_mean_02,cross_layer,True,0.987907436416184,0.9864900532847969,0.9842743879064076,0.9887057186631861,-0.0014173831313870622,0.0014173831313870622,0.998046875,True,0.9994380792486481,0.9879384924133774,0.9879385181043168,0.9879385181043168,0.9879385181043167,0.987907436416184,0.987907436416184,"[{""layer"":0,""component"":""z"",""positions"":[1,3,5,7],""heads"":[0],""kind"":""mean""},{""layer"":1,""component"":""z"",""positions"":[8],""heads"":[2],""kind"":""mean""}]"
5,new,cross_mean_03,cross_layer,True,0.9534171486387332,0.9517485863034381,0.9452901917632399,0.9582069808436362,-0.0016685623352951096,0.0016685623352951096,0.982421875,True,0.9994380792486481,0.9534741941679385,0.9534742968696606,0.9534742968696606,0.9534742968696606,0.9534171486387333,0.9534171486387333,"[{""layer"":0,""component"":""z"",""positions"":[1,3,5,7],""heads"":[0],""kind"":""mean""},{""layer"":1,""component"":""z"",""positions"":[8],""heads"":[3],""kind"":""mean""}]"
5,new,cross_mean_10,cross_layer,True,0.6695831862266688,0.7163485362314237,0.6987099658744018,0.7339871065884456,0.0467653500047549,0.0467653500047549,0.73046875,True,0.9994380792486481,0.6722531413440764,0.693200469270058,0.693200469270058,0.693200469270058,0.6695831862266688,0.6695831862266688,"[{""layer"":0,""component"":""z"",""positions"":[1,3,5,7],""heads"":[1],""kind"":""mean""},{""layer"":1,""component"":""z"",""positions"":[8],""heads"":[0],""kind"":""mean""}]"
5,new,cross_mean_11,cross_layer,True,0.6463822949069936,0.6895716416943865,0.6723226316500254,0.7068206517387475,0.043189346787392835,0.043189346787392835,0.72412109375,True,0.9994380792486481,0.694537352498064,0.7101350936502362,0.7101350936502362,0.7101350936502361,0.6463822949069936,0.6463822949069936,"[{""layer"":0,""component"":""z"",""positions"":[1,3,5,7],""heads"":[1],""kind"":""mean""},{""layer"":1,""component"":""z"",""positions"":[8],""heads"":[1],""kind"":""mean""}]"
5,new,cross_mean_12,cross_layer,True,0.713346894059605,0.7364785814475097,0.7193303754598077,0.7536267874352116,0.02313168738790461,0.02313168738790461,0.7529296875,True,0.9994380792486481,0.7480138692460558,0.7507739440914594,0.7507739440914594,0.7507739440914594,0.713346894059605,0.713346894059605,"[{""layer"":0,""component"":""z"",""positions"":[1,3,5,7],""heads"":[1],""kind"":""mean""},{""layer"":1,""component"":""z"",""positions"":[8],""heads"":[2],""kind"":""mean""}]"
5,new,cross_mean_13,cross_layer,True,0.6893096072280908,0.7197107948089436,0.7023451365731861,0.7370764530447012,0.030401187580852862,0.030401187580852862,0.74267578125,True,0.9994380792486481,0.713549571000617,0.7245832056677437,0.7245832056677437,0.7245832056677437,0.6893096072280906,0.6893096072280906,"[{""layer"":0,""component"":""z"",""positions"":[1,3,5,7],""heads"":[1],""kind"":""mean""},{""layer"":1,""component"":""z"",""positions"":[8],""heads"":[3],""kind"":""mean""}]"
5,new,cross_mean_20,cross_layer,True,0.8961798040321359,0.9078760436663913,0.8972180683133749,0.9185340190194077,0.011696239634255368,0.011696239634255368,0.923828125,True,0.9994380792486481,0.9033265986090555,0.9040995635790472,0.9040995635790472,0.9040995635790472,0.8961798040321359,0.8961798040321359,"[{""layer"":0,""component"":""z"",""positions"":[1,3,5,7],""heads"":[2],""kind"":""mean""},{""layer"":1,""component"":""z"",""positions"":[8],""heads"":[0],""kind"":""mean""}]"
5,new,cross_mean_21,cross_layer,True,0.9026282613996337,0.894767762375098,0.8847154107557386,0.9048201139944575,-0.007860499024535672,0.007860499024535672,0.93017578125,True,0.9994380792486481,0.9256108097630431,0.9261863727925727,0.9261863727925727,0.9261863727925725,0.9026282613996337,0.9026282613996337,"[{""layer"":0,""component"":""z"",""positions"":[1,3,5,7],""heads"":[2],""kind"":""mean""},{""layer"":1,""component"":""z"",""positions"":[8],""heads"":[1],""kind"":""mean""}]"
5,new,cross_mean_22,cross_layer,True,0.9681453914904372,0.9587438991291037,0.9524677942537214,0.9650200040044861,-0.009401492361333474,0.009401492361333474,0.974609375,True,0.9994380792486481,0.9790873265110349,0.9791891744019731,0.9791891744019731,0.979189174401973,0.9681453914904372,0.9681453914904372,"[{""layer"":0,""component"":""z"",""positions"":[1,3,5,7],""heads"":[2],""kind"":""mean""},{""layer"":1,""component"":""z"",""positions"":[8],""heads"":[2],""kind"":""mean""}]"
5,new,cross_mean_23,cross_layer,True,0.9303326254970705,0.9280989861844908,0.9194206600391979,0.9367773123297838,-0.002233639312579694,0.002233639312579694,0.95654296875,True,0.9994380792486481,0.9446230282655961,0.9450301738986577,0.9450301738986577,0.9450301738986577,0.9303326254970705,0.9303326254970705,"[{""layer"":0,""component"":""z"",""positions"":[1,3,5,7],""heads"":[2],""kind"":""mean""},{""layer"":1,""component"":""z"",""positions"":[8],""heads"":[3],""kind"":""mean""}]"
5,new,cross_mean_30,cross_layer,True,0.9102256073917498,0.9202465660102064,0.9102827574915755,0.9302103745288373,0.010020958618456532,0.010020958618456532,0.93505859375,True,0.9994380792486481,0.9120570725563084,0.912067804804834,0.912067804804834,0.9120678048048341,0.9102256073917498,0.9102256073917498,"[{""layer"":0,""component"":""z"",""positions"":[1,3,5,7],""heads"":[3],""kind"":""mean""},{""layer"":1,""component"":""z"",""positions"":[8],""heads"":[0],""kind"":""mean""}]"
5,new,cross_mean_31,cross_layer,True,0.9294118856216934,0.9205575960188526,0.9121095193939387,0.9290056726437664,-0.008854289602840848,0.008854289602840848,0.95751953125,True,0.9994380792486481,0.934341283710296,0.9343492751273911,0.9343492751273911,0.9343492751273911,0.9294118856216934,0.9294118856216934,"[{""layer"":0,""component"":""z"",""positions"":[1,3,5,7],""heads"":[3],""kind"":""mean""},{""layer"":1,""component"":""z"",""positions"":[8],""heads"":[1],""kind"":""mean""}]"
5,new,cross_mean_32,cross_layer,True,0.9861520916817416,0.9810735271175872,0.9776338472728304,0.984513206962344,-0.005078564564154342,0.005078564564154342,0.9931640625,True,0.9994380792486481,0.9878178004582878,0.9878192145674903,0.9878192145674903,0.9878192145674903,0.9861520916817414,0.9861520916817414,"[{""layer"":0,""component"":""z"",""positions"":[1,3,5,7],""heads"":[3],""kind"":""mean""},{""layer"":1,""component"":""z"",""positions"":[8],""heads"":[2],""kind"":""mean""}]"
5,new,cross_mean_33,cross_layer,True,0.9500450188821012,0.9441267821985093,0.9367596769249137,0.951493887472105,-0.0059182366835919265,0.0059182366835919265,0.97021484375,True,0.9994380792486481,0.953353502212849,0.9533591552350296,0.9533591552350296,0.9533591552350297,0.9500450188821012,0.9500450188821012,"[{""layer"":0,""component"":""z"",""positions"":[1,3,5,7],""heads"":[3],""kind"":""mean""},{""layer"":1,""component"":""z"",""positions"":[8],""heads"":[3],""kind"":""mean""}]"
5,new,cross_resample_00,cross_layer,True,0.8359922507549413,0.8500555335661915,0.8365395342213574,0.8635715329110255,0.014063282811250133,0.014063282811250133,0.86767578125,True,0.9994380792486481,0.8358873488739391,0.83588721124278,0.83588721124278,0.83588721124278,0.8359922507549413,0.8359922507549413,"[{""layer"":0,""component"":""z"",""positions"":[1,3,5,7],""heads"":[0],""kind"":""resample""},{""layer"":1,""component"":""z"",""positions"":[8],""heads"":[0],""kind"":""resample""}]"
5,new,cross_resample_01,cross_layer,True,0.6150613541967644,0.6229839529573429,0.6053506803279963,0.6406172255866894,0.007922598760578436,0.007922598760578436,0.6669921875,True,0.9994380792486481,0.6150394088810884,0.6150390854029961,0.6150390854029961,0.6150390854029961,0.6150613541967644,0.6150613541967644,"[{""layer"":0,""component"":""z"",""positions"":[1,3,5,7],""heads"":[0],""kind"":""resample""},{""layer"":1,""component"":""z"",""positions"":[8],""heads"":[1],""kind"":""resample""}]"
5,new,cross_resample_02,cross_layer,True,0.9141277405649196,0.9174216461347555,0.9081592294940123,0.9266840627754988,0.0032939055698358866,0.0032939055698358866,0.94384765625,True,0.9994380792486481,0.914141758511505,0.9141416867326333,0.9141416867326333,0.9141416867326332,0.9141277405649196,0.9141277405649196,"[{""layer"":0,""component"":""z"",""positions"":[1,3,5,7],""heads"":[0],""kind"":""resample""},{""layer"":1,""component"":""z"",""positions"":[8],""heads"":[2],""kind"":""resample""}]"
5,new,cross_resample_03,cross_layer,True,0.8810150812059969,0.8806543039158008,0.8687354724912149,0.8925731353403867,-0.0003607772901961237,0.0003607772901961237,0.8994140625,True,0.9994380792486481,0.8811030417394363,0.8811029421579771,0.8811029421579771,0.8811029421579771,0.8810150812059969,0.8810150812059969,"[{""layer"":0,""component"":""z"",""positions"":[1,3,5,7],""heads"":[0],""kind"":""resample""},{""layer"":1,""component"":""z"",""positions"":[8],""heads"":[3],""kind"":""resample""}]"
5,new,cross_resample_10,cross_layer,True,0.8298723516341825,0.8447492294996906,0.8310093650070525,0.8584890939923286,0.014876877865508065,0.014876877865508065,0.861328125,True,0.9994380792486481,0.8321422135611556,0.8327549430783407,0.8327549430783407,0.8327549430783407,0.8298723516341825,0.8298723516341825,"[{""layer"":0,""component"":""z"",""positions"":[1,3,5,7],""heads"":[1],""kind"":""resample""},{""layer"":1,""component"":""z"",""positions"":[8],""heads"":[0],""kind"":""resample""}]"
5,new,cross_resample_11,cross_layer,True,0.6040515237845889,0.6207265176537851,0.6030465366325,0.6384064986750702,0.01667499386919613,0.01667499386919613,0.6630859375,True,0.9994380792486481,0.6112942735683049,0.6127343876863874,0.6127343876863874,0.6127343876863874,0.6040515237845889,0.6040515237845889,"[{""layer"":0,""component"":""z"",""positions"":[1,3,5,7],""heads"":[1],""kind"":""resample""},{""layer"":1,""component"":""z"",""positions"":[8],""heads"":[1],""kind"":""resample""}]"
5,new,cross_resample_12,cross_layer,True,0.905114142057396,0.9087226852117851,0.8988872713751498,0.9185580990484205,0.0036085431543890767,0.0036085431543890767,0.93310546875,True,0.9994380792486481,0.9103966231987215,0.9107161804386894,0.9107161804386894,0.9107161804386893,0.905114142057396,0.905114142057396,"[{""layer"":0,""component"":""z"",""positions"":[1,3,5,7],""heads"":[1],""kind"":""resample""},{""layer"":1,""component"":""z"",""positions"":[8],""heads"":[2],""kind"":""resample""}]"
5,new,cross_resample_13,cross_layer,True,0.8742350643670017,0.874343187620994,0.8620694978433717,0.8866168773986162,0.00010812325399223166,0.00010812325399223166,0.89111328125,True,0.9994380792486481,0.8773579064266528,0.8778012398969605,0.8778012398969605,0.8778012398969605,0.8742350643670018,0.8742350643670018,"[{""layer"":0,""component"":""z"",""positions"":[1,3,5,7],""heads"":[1],""kind"":""resample""},{""layer"":1,""component"":""z"",""positions"":[8],""heads"":[3],""kind"":""resample""}]"
5,new,cross_resample_20,cross_layer,True,0.8327498515131362,0.8461966847796916,0.8325144578039305,0.8598789117554526,0.01344683326655538,0.01344683326655538,0.86181640625,True,0.9994380792486481,0.8332231724177745,0.8336590100160824,0.8336590100160824,0.8336590100160824,0.8327498515131362,0.8327498515131362,"[{""layer"":0,""component"":""z"",""positions"":[1,3,5,7],""heads"":[2],""kind"":""resample""},{""layer"":1,""component"":""z"",""positions"":[8],""heads"":[0],""kind"":""resample""}]"
5,new,cross_resample_21,cross_layer,True,0.60488934995736,0.6216817772472711,0.6040139541113291,0.6393496003832132,0.01679242728991115,0.01679242728991115,0.6640625,True,0.9994380792486481,0.6123752324249239,0.6133995928660493,0.6133995928660493,0.6133995928660493,0.6048893499573599,0.6048893499573599,"[{""layer"":0,""component"":""z"",""positions"":[1,3,5,7],""heads"":[2],""kind"":""resample""},{""layer"":1,""component"":""z"",""positions"":[8],""heads"":[1],""kind"":""resample""}]"
5,new,cross_resample_22,cross_layer,True,0.9076062022332106,0.9106633626254848,0.900922157867834,0.9204045673831355,0.0030571603922741053,0.0030571603922741053,0.93408203125,True,0.9994380792486481,0.9114775820553405,0.9117048847330853,0.9117048847330853,0.9117048847330852,0.9076062022332106,0.9076062022332106,"[{""layer"":0,""component"":""z"",""positions"":[1,3,5,7],""heads"":[2],""kind"":""resample""},{""layer"":1,""component"":""z"",""positions"":[8],""heads"":[2],""kind"":""resample""}]"
5,new,cross_resample_23,cross_layer,True,0.8743852296777355,0.8763436564534004,0.8642362995708966,0.8884510133359041,0.0019584267756649343,0.0019584267756649343,0.89501953125,True,0.9994380792486481,0.8784388652832718,0.8787542106184142,0.8787542106184142,0.8787542106184142,0.8743852296777355,0.8743852296777355,"[{""layer"":0,""component"":""z"",""positions"":[1,3,5,7],""heads"":[2],""kind"":""resample""},{""layer"":1,""component"":""z"",""positions"":[8],""heads"":[3],""kind"":""resample""}]"
5,new,cross_resample_30,cross_layer,True,0.8353821523279688,0.8504437789938066,0.8369366548890879,0.8639509030985254,0.01506162666583788,0.01506162666583788,0.8681640625,True,0.9994380792486481,0.8358586115189155,0.8358631765698635,0.8358631765698635,0.8358631765698635,0.8353821523279688,0.8353821523279688,"[{""layer"":0,""component"":""z"",""positions"":[1,3,5,7],""heads"":[3],""kind"":""resample""},{""layer"":1,""component"":""z"",""positions"":[8],""heads"":[0],""kind"":""resample""}]"
5,new,cross_resample_31,cross_layer,True,0.6140334627409958,0.6261520423264701,0.608550911357826,0.6437531732951143,0.012118579585474354,0.012118579585474354,0.66796875,True,0.9994380792486481,0.6150106715260648,0.6150214008840208,0.6150214008840208,0.6150214008840208,0.6140334627409958,0.6140334627409958,"[{""layer"":0,""component"":""z"",""positions"":[1,3,5,7],""heads"":[3],""kind"":""resample""},{""layer"":1,""component"":""z"",""positions"":[8],""heads"":[1],""kind"":""resample""}]"
5,new,cross_resample_32,cross_layer,True,0.9137745599744556,0.9180681890774736,0.908849568600356,0.9272868095545911,0.004293629103018004,0.004293629103018004,0.94287109375,True,0.9994380792486481,0.9141130211564814,0.9141154019705932,0.9141154019705932,0.914115401970593,0.9137745599744556,0.9137745599744556,"[{""layer"":0,""component"":""z"",""positions"":[1,3,5,7],""heads"":[3],""kind"":""resample""},{""layer"":1,""component"":""z"",""positions"":[8],""heads"":[2],""kind"":""resample""}]"
5,new,cross_resample_33,cross_layer,True,0.8802292403118572,0.8806854640400097,0.8687528482028333,0.8926180798771861,0.0004562237281524606,0.0004562237281524606,0.8994140625,True,0.9994380792486481,0.8810743043844127,0.8810776073750834,0.8810776073750834,0.8810776073750834,0.8802292403118572,0.8802292403118572,"[{""layer"":0,""component"":""z"",""positions"":[1,3,5,7],""heads"":[3],""kind"":""resample""},{""layer"":1,""component"":""z"",""positions"":[8],""heads"":[3],""kind"":""resample""}]"
